district_id,cook_rating,predicted_dccc_share,predicted_dccc_dollars,model_optimal_dollars
AL-01,Safe R,0.0007110582259280957,280375.6853124726,307.6435239845232
AL-02,Safe R,0.0002025219068776873,79855.93353836304,3327583.1634076177
AL-03,Safe R,0.00026983014233817996,106396.0844799784,60.87898894787941
AL-04,Safe R,1.1984530163881211e-05,4725.5917101027735,0.0
AL-05,Safe R,0.00043940604385075987,173261.1566574541,819833.0614693407
AL-06,Safe R,0.0002478971204360924,97747.72655015517,1203.675006986472
AL-07,Safe D,0.0006498217285992577,256229.66705595283,0.0
AR-01,Safe R,0.00015291040181432405,60293.738454594626,1195.8397845100626
AR-02,Safe R,0.003614979367816779,1425413.9544186522,3498946.719150452
AR-03,Safe R,0.000605309882208334,238678.30630755646,25968.700332580847
AR-04,Safe R,0.0004089526312798461,161253.14365889996,0.0
AZ-01,Toss-Up,0.010091709466011758,3979238.062838384,5423106.975638082
AZ-02,Likely R,0.009869958129421716,3891799.8184045493,5791517.235719463
AZ-03,Safe D,0.00014432108037151805,56906.90345560064,0.0
AZ-04,Lean D,0.004268232787156812,1682996.7633245143,608797.9432837258
AZ-05,Safe R,0.0015887420389592063,626453.1113137944,79675.85451064004
AZ-06,Likely R,0.012971383672615447,5114715.580307967,6047167.839814931
AZ-07,Safe D,0.0005697348672746885,224650.80640907283,0.0
AZ-08,Safe R,0.0016846128958394378,664255.7218724508,18088.450099434347
AZ-09,Safe R,0.0010809198675805452,426214.95341706264,2085319.2786696414
CA-01,Safe R,0.0019832071667792296,781993.7217891947,3564340.957049214
CA-02,Safe D,9.824608940572404e-05,38739.18287134174,0.0
CA-03,Toss-Up,0.0029015552636745333,1144105.385269849,1323127.3886215766
CA-04,Safe D,0.005656312115102447,2230327.0362186343,0.0
CA-05,Safe R,0.0023400116420671316,922684.4495433505,1903988.0579614895
CA-06,Likely D,0.0031578808482507583,1245176.519556884,0.0
CA-07,Safe D,0.0005633832091756976,222146.2991444945,0.0
CA-08,Safe D,4.5344026999218025e-05,17879.495913487437,0.0
CA-09,Likely D,0.0024486512128814976,965521.861457647,0.0
CA-10,Safe D,0.00022824340134400663,89998.11511405936,0.0
CA-11,Safe D,2.375760234573414e-05,9367.803924034768,425000.0
CA-12,Safe D,4.4806033780045334e-06,1766.7361081178697,0.0
CA-13,Likely D,0.005855271786465036,2308778.353106249,4604757.820722186
CA-14,Safe D,0.0005123217964330468,202012.39439702107,24954.05
CA-15,Safe D,3.4714918717635835e-05,13688.3573962172,0.0
CA-16,Safe D,6.924470955241642e-05,27303.717455320075,0.0
CA-17,Safe D,0.0009751318121995499,384501.9158010408,0.0
CA-18,Safe D,0.00013450373334023165,53035.84859472116,0.0
CA-19,Safe D,0.00027092316177746865,106827.07038686446,0.0
CA-20,Safe R,0.0005619000499949017,221561.47815996775,12003.151535043944
CA-21,Safe D,0.0010767043991572031,424552.76204509026,495428.1876439508
CA-22,Lean D,0.006729091533569836,2653332.1484220983,4450477.237836176
CA-23,Safe R,0.002503367057258537,987096.73648935,178699.47565036698
CA-24,Safe D,0.0006775240326768059,267152.8969789866,109639.84723474598
CA-25,Likely D,0.002245987752245681,885610.1121921089,1214277.7031437722
CA-26,Safe D,0.00133051478222145,524632.1331798186,506712.00456973247
CA-27,Likely D,0.00348411949428959,1373814.9075583192,182558.91164700873
CA-28,Safe D,0.00034579737633165053,136350.5446290213,0.0
CA-29,Safe D,3.9344902279061966e-05,15513.995250734622,0.0
CA-30,Safe D,0.0004180650267539606,164846.23074056391,0.0
CA-31,Safe D,0.0006890672332995041,271704.4690827536,241419.2958440127
CA-32,Safe D,0.0004876167210479656,192270.994622414,0.0
CA-33,Safe D,0.0018605211589996227,733617.6925764519,0.0
CA-34,Safe D,1.6141954097349933e-05,6364.8956967198155,0.0
CA-35,Safe D,0.0004389746140363085,173091.0405889238,0.0
CA-36,Safe D,0.00016493606700054852,65035.550017951726,0.0
CA-37,Safe D,6.997482820859153e-06,2759.1608813749026,0.0
CA-38,Safe D,0.0008761669489874944,345479.3149321479,0.0
CA-39,Safe D,0.0006652864405280622,262327.52099687187,0.0
CA-40,Lean R,0.020422854458864142,8052887.38129296,10338126.478869686
CA-41,Toss-Up,0.003487783637503076,1375259.707192306,0.0
CA-42,Safe D,0.00013053501929415716,51470.95435694619,0.0
CA-43,Safe D,1.3999619927839324e-05,5520.156983289047,0.0
CA-44,Safe D,7.297182611371779e-05,28773.347960965908,0.0
CA-45,Likely D,0.005166890892492099,2037344.5128581342,3104062.1091992203
CA-46,Safe D,0.00029556792049120935,116544.68683762234,39901.24411120324
CA-47,Likely D,0.00388891351921234,1533428.2809919417,399597.2906096389
CA-48,Safe R,0.00362823582556808,1430641.0768838844,3961780.3633036623
CA-49,Lean D,0.0048246527798493696,1902397.4130661185,638298.4972961463
CA-50,Safe D,0.0006016355049479357,237229.47131076545,0.0
CA-51,Safe D,0.0009686991424474325,381965.4650233501,0.0
CA-52,Safe D,0.00015222216837565652,60022.362757098825,0.0
CO-01,Safe D,4.949298038088175e-05,19515.45989688013,0.0
CO-02,Safe D,0.0004118646865806946,162401.38928896427,0.0
CO-03,Likely R,0.004014750861281445,1583046.9053661614,5182736.214231696
CO-04,Safe R,0.0060049386138772325,2367793.1254189764,0.0
CO-05,Safe R,0.0026480732495906085,1044155.492530189,3658016.2032605577
CO-06,Safe D,0.0021493875341218956,847519.9089286007,0.0
CO-07,Lean D,0.0038312722965883686,1510699.9069908522,0.0
CO-08,Toss-Up,0.012794455605032194,5044951.492936756,5015156.726518394
CT-01,Safe D,0.0010166273110166796,400863.9076801871,0.0
CT-02,Lean D,0.0033228662177045417,1310231.5099084247,365212.5630912964
CT-03,Likely D,0.0018281885000289775,720868.6783799889,0.0
CT-04,Safe D,0.0006750395179396435,266173.23385619296,0.0
CT-05,Lean D,0.0035535048508514395,1401174.0832028831,443852.71477660444
DE-00,Likely D,0.0029678653463316713,1170251.9569431539,0.0
FL-01,Safe R,0.0002884854361187501,113752.00919571579,878.9800857833325
FL-02,Likely R,0.0059811874577142985,2358427.8632740173,306311.1478760688
FL-03,Safe R,0.002276012709760286,897449.1820919719,3568.549506070667
FL-04,Likely R,0.0038334312201042608,1511551.187010172,3930751.2449932643
FL-05,Safe R,0.0012728297140619778,501886.47054945026,833833.5889114363
FL-06,Safe R,0.0011965416389610707,471805.5003030711,26050.129141605663
FL-07,Likely R,0.004453965816843419,1756232.7144529526,4216450.007056221
FL-08,Safe R,0.0015250845148466455,601352.4637190652,2635721.645048324
FL-09,Safe D,0.0011527735404111767,454547.4050047104,1595655.8078887938
FL-10,Safe D,0.0010109641808012473,398630.89221497235,0.0
FL-11,Likely R,0.002444877728997012,964033.9479625921,5296.593821769638
FL-12,Safe R,0.0005569596596289588,219613.44453339034,565995.60814289
FL-13,Likely R,0.004807804726019359,1895754.096855825,4480671.124936349
FL-14,Safe D,0.0012722104987892015,501642.3092415152,1639428.5387583147
FL-15,Likely R,0.00514590113568668,2029068.0915549702,183627.21650913436
FL-16,Likely R,0.0029685147341580484,1170508.015519252,92336.0739353355
FL-17,Safe R,0.001726917697864098,680936.8281829655,75999.0156560165
FL-18,Safe R,0.0008840111170908343,348572.33028234594,999.3019192782067
FL-19,Safe R,0.0013368043867951038,527112.1722657612,2866.47360276938
FL-20,Safe D,7.324299775782474e-05,28880.273009831715,0.0
FL-21,Likely R,0.004377034509971806,1725898.1130102098,1565686.6668199794
FL-22,Likely D,0.004959129986178956,1955422.8018580868,6954757.470988911
FL-23,Likely D,0.0022928910426036047,904104.4375483035,253248.73744292138
FL-24,Safe D,0.00010557131528886321,41627.57534352375,0.0
FL-25,Safe D,0.001120142284679619,441680.6518265154,1075001.9907934507
FL-26,Likely R,0.00411746770017187,1623548.938880286,622166.9354865301
FL-27,Toss-Up,0.006913287177346109,2725961.896552692,4976737.610046914
FL-28,Toss-Up,0.007042567073382507,2776937.946229946,3493890.0217739865
GA-01,Likely R,0.006472183215561858,2552031.237895475,9196.546397041704
GA-02,Likely D,0.0030098461913556722,1186805.324535854,380068.2468877316
GA-03,Safe R,0.00031340542915378987,123578.15263996286,4016.4922060082463
GA-04,Safe D,4.644870061054755e-05,18315.077149354387,0.0
GA-05,Safe D,1.8032704607623884e-05,7110.433053215532,0.0
GA-06,Safe R,0.0006558429938691133,258603.89790642986,84578.10198266734
GA-07,Likely D,0.002581842218336239,1018040.0914283198,3629363.5607854333
GA-08,Safe R,0.00044202144123209303,174292.42780574664,612.1741624241913
GA-09,Safe R,0.00010946565673484673,43163.14389746776,11118.93884789967
GA-10,Safe R,0.0012603598488954018,496969.50754368596,18783.704564169864
GA-11,Safe R,0.0015335169295884478,604677.4292083343,8100.038387452427
GA-12,Likely R,0.0025588759267610173,1008984.3073804183,11558.767945754338
GA-13,Safe D,0.00013034509746317195,51396.06672949659,0.0
GA-14,Safe R,0.002752088089946587,1085169.337928588,0.0
HI-01,Safe D,0.0010312315564545726,406622.4731166199,0.0
HI-02,Safe D,0.00043183000312270497,170273.8659776914,71489.61003142188
IA-01,Likely R,0.009744352370267136,3842272.508940978,7739455.0288811335
IA-02,Lean R,0.008945189778808827,3527156.59988338,3810874.0769296177
IA-03,Lean R,0.008064715230119203,3179978.7655128837,5988296.301505308
IA-04,Safe R,0.000755838978550627,298033.07784029655,7676.995866891812
ID-01,Safe R,0.00012372476094995693,48785.6175156237,30255.48084892932
ID-02,Safe R,0.000635693808641197,250658.92039155576,3089.5213150015843
IL-01,Safe D,0.00011248104767339982,44352.135558141315,6990.66352437099
IL-02,Safe D,0.00035774208265149424,141060.43349348265,0.0
IL-03,Safe D,0.00016133755216414132,63616.62815392593,0.0
IL-04,Safe D,7.635719979612428e-05,30108.226641266152,0.0
IL-05,Safe D,0.00020994954877307358,82784.70942581778,0.0
IL-06,Likely D,0.0036699634910124083,1447094.6138360414,494265.01751011517
IL-07,Safe D,3.724059578153201e-05,14684.251138594766,0.0
IL-08,Likely D,0.0040386787338969575,1592481.8481570804,399251.45196033875
IL-09,Safe D,0.0013702162312423443,540286.7175320388,5.8
IL-10,Safe D,0.0013806292475546937,544392.6493366167,0.0
IL-11,Likely D,0.002645683879749537,1043213.3457660741,440495.77339925617
IL-12,Safe R,9.185394839946447e-05,36218.71288745997,1604.1148620087915
IL-13,Likely D,0.004156251059141502,1638841.5133183883,314190.3333461918
IL-14,Likely D,0.004364072103707832,1720786.9372906452,0.0
IL-15,Safe R,0.0001493201656258788,58878.08092464325,1309.9380213109253
IL-16,Safe R,0.0010853240006843145,427951.5367124249,40744.15834427494
IL-17,Lean D,0.003937580225468333,1552617.934695216,652673.8505881616
IN-01,Likely D,0.0032881589489921342,1296546.1689676542,1029830.9665389308
IN-02,Safe R,0.0014075241187440355,554997.5023094659,17683.979009688395
IN-03,Safe R,0.00035197941729090787,138788.17056087687,6080.659826706906
IN-04,Safe R,0.0002897051570691803,114232.95447543671,160.59262443270927
IN-05,Safe R,0.001346400400205635,530895.9535907485,454597.7318927389
IN-06,Safe R,0.00022295910511853923,87914.47678236618,206.75468864810682
IN-07,Safe D,0.00022256945189028318,87760.83354061349,0.0
IN-08,Safe R,0.00025989020230872515,102476.69026428572,25695.671311123646
IN-09,Safe R,0.0005699484636578095,224735.02909311486,32408.77203938269
KS-01,Safe R,0.0002932812703256081,115643.04322550673,20783.777131152805
KS-02,Safe R,0.001647765592321224,649726.548874907,2823064.6566315778
KS-03,Toss-Up,0.005361565446153672,2114106.1751320236,0.0
KS-04,Safe R,0.000757497926989189,298687.2138707922,68890.45365203347
KY-01,Safe R,0.00010351368783096388,40816.237132966824,127.22450440069952
KY-02,Safe R,0.00021617077129227022,85237.7849457929,3.2006737598130712
KY-03,Safe D,0.0014657879130960394,577971.3610944144,0.0
KY-04,Safe R,0.0006892401709401504,271772.6597143285,0.0
KY-05,Safe R,1.4262445033747792e-05,5623.790928442031,2.328442740079481
KY-06,Likely R,0.009267890874246974,3654400.1046842164,667169.5445875948
LA-01,Safe R,0.0004490945891701275,177081.4240203034,0.0
LA-02,Safe D,9.065577121022569e-05,35746.26247719981,0.0
LA-03,Safe R,0.0001578808540829427,62253.62571883086,92.18614956571037
LA-04,Safe R,0.004052269763415133,1597840.894823458,1761.4492976294423
LA-05,Safe R,0.000826434714191605,325869.5151934296,2539.5617309118534
LA-06,Safe R,0.00013120009032126006,51733.19693878548,2872167.5983659904
MA-01,Safe D,0.001928422091885973,760391.5486365769,0.0
MA-02,Safe D,0.000624689251360799,246319.7394686085,0.0
MA-03,Safe D,0.0009542417842615872,376264.81835144985,0.0
MA-04,Safe D,0.0008277517861900784,326388.8467343816,0.0
MA-05,Safe D,0.0002714815839033165,107047.26049298958,0.0
MA-06,Safe D,0.0035410335751825867,1396256.5640253061,0.0
MA-07,Safe D,1.1743020815371337e-05,4630.362730774895,0.0
MA-08,Safe D,0.0004127457494556024,162748.79910485275,0.0
MA-09,Likely D,0.0019211755793039095,757534.1934197525,296603.3708060079
MD-01,Safe R,0.0016579575925240177,653745.332340682,2464310.362851443
MD-02,Likely D,0.0016667489551953783,657211.833738083,0.0
MD-03,Safe D,0.0012543056802736066,494582.3026504192,0.0
MD-04,Safe D,9.477651021141456e-06,3737.1101315037818,0.0
MD-05,Safe D,0.005956278359639091,2348606.015795583,0.0
MD-06,Toss-Up,0.017661237159052302,6963960.603187135,0.0
MD-07,Safe D,2.3167188776457686e-05,9134.999347605597,0.0
MD-08,Safe D,0.00013427159974044962,52944.316544672816,0.0
ME-01,Safe D,0.0011770334372850804,464113.26749473735,161166.16192078474
ME-02,Likely R,0.010282116999122348,4054317.206342924,1104738.4617563356
MI-01,Safe R,0.0012202577482147933,481156.9431842485,282619.28622518
MI-02,Safe R,0.00048413115941134063,190896.61106712636,5283.123119008829
MI-03,Lean D,0.005089083202403739,2006664.3468244313,539115.6999264222
MI-04,Likely R,0.005680311676612612,2239790.246487848,5804351.154687625
MI-05,Safe R,0.0007666019603978572,302277.003726231,1136.5806627832644
MI-06,Safe D,0.0009972326917388774,393216.46127832495,0.0
MI-07,Lean R,0.01125635357683205,4438466.124352147,8319923.918795142
MI-08,Lean D,0.005080482234956251,2003272.9197169084,1610481.3914835344
MI-09,Safe R,0.0005313695865404734,209523.0834099879,9.094947017729282e-13
MI-10,Lean R,0.006898631783373773,2720183.1628587605,5470807.540721698
MI-11,Likely D,0.002729917949698883,1076427.4824253903,0.0
MI-12,Safe D,0.00030519740255579946,120341.66510833942,0.0
MI-13,Safe D,0.00014535678497519134,57315.289685374104,0.0
MN-01,Likely R,0.0032081551659752347,1265000.0667315458,4224706.194809899
MN-02,Lean D,0.005552934165226442,2189564.321597266,1055893.4839157944
MN-03,Likely D,0.0018297162618126782,721471.0865112501,128145.20260228275
MN-04,Safe D,0.0003788714247648268,149391.89434887873,0.0
MN-05,Safe D,0.00015233191767337497,60065.637742800885,0.0
MN-06,Safe R,0.002438519757376243,961526.9512281916,30641.746345970256
MN-07,Safe R,0.00025489796902497693,100508.21457955019,67748.47919109595
MN-08,Safe R,0.0027706221073688156,1092477.4424506447,561775.9985064387
MO-01,Safe D,0.00010650852415434032,41997.12395200247,0.0
MO-02,Likely R,0.0038206806559476754,1506523.5422503394,4214387.099658273
MO-03,Safe R,0.00043701340978658795,172317.72278525808,5384.273152096575
MO-04,Safe R,0.00012339276765494815,48654.71002561368,22070.09706232522
MO-05,Safe D,0.0010630309562697604,419161.2191582278,373451.2514078454
MO-06,Safe R,0.0001883982201862446,74286.85608330194,2165.3310481796143
MO-07,Safe R,8.572700233493452e-05,33802.811293082166,2.9652721440907044
MO-08,Safe R,5.054085450405342e-05,19928.64466107013,7.275957614183426e-12
MS-01,Safe R,0.0003425244320405005,135059.99771575973,420632.8352185248
MS-02,Safe D,0.0008315806318864707,327898.58981439524,223763.6021325955
MS-03,Safe R,0.000620012030974742,244475.47577362545,334146.9726651699
MS-04,Safe R,0.00013954731586886905,55024.571678616296,22.95400053461708
MT-01,Likely R,0.003957858802638025,1560613.9324402576,4249200.154824881
MT-02,Safe R,0.0004876221375841897,192273.13040398643,14.057709718699698
NC-01,Lean D,0.005297280360830096,2088758.0753622153,3029583.880267327
NC-02,Safe D,0.0008440343054563727,332809.168350016,0.0
NC-03,Safe R,0.0007406135794855046,292029.5867879741,237054.89626675053
NC-04,Safe D,0.0008749870291637773,345014.063540454,0.0
NC-05,Safe R,0.0011092992450614603,437405.15855049924,544268.321865218
NC-06,Lean D,0.004738313010834236,1868352.9831943708,3893204.273922309
NC-07,Safe R,0.0026783539995303388,1056095.4233354982,1298205.4073517732
NC-08,Safe R,0.0002381253258879026,93894.63338101933,165827.08114625682
NC-09,Likely R,0.00721763258758752,2845967.614589024,6854104.707136554
NC-10,Safe R,0.00013109532657509638,51691.88779411142,1476.89269740499
NC-11,Safe R,0.0030593488494203994,1206324.6004173348,3994996.337639802
NC-12,Safe D,0.0005793659567654138,228448.41850018298,31066.944195304473
NC-13,Toss-Up,0.004747845008208562,1872111.5225077088,3036449.330476258
NC-14,Lean D,0.004143148303931259,1633674.99693816,3148874.7611545785
ND-00,Safe R,0.00021787881106402545,85911.27806363393,6575.303911123323
NE-01,Safe R,0.002180701461382346,859867.2294367268,1694176.759437331
NE-02,Toss-Up,0.009261741104326131,3651975.203469102,5402219.379715386
NE-03,Safe R,3.121734427184817e-05,12309.237098594382,0.0
NH-01,Lean D,0.013767198164888585,5428511.308304005,0.0
NH-02,Lean D,0.004829934389568681,1904479.9920879311,1243376.220587685
NJ-01,Safe D,0.0009543062535675327,376290.2390908169,0.0
NJ-02,Likely R,0.005258617192015655,2073512.8928196016,5152802.267294216
NJ-03,Likely D,0.002755062480689005,1086342.1628990103,135572.92397417547
NJ-04,Safe R,0.0006439852100515914,253928.2832480305,5466.294326153773
NJ-05,Likely D,0.013719154351034218,5409567.265828636,0.0
NJ-06,Safe D,0.00212646219071903,838480.2710575775,0.0
NJ-07,Lean R,0.01051670796118794,4146818.2130943793,5115614.870044787
NJ-08,Safe D,0.00027266353281778704,107513.31197065368,0.0
NJ-09,Safe D,0.0012473532367340058,491840.9011013863,400367.95757476334
NJ-10,Safe D,3.292950188339769e-05,12984.353912093853,0.0
NJ-11,Likely D,0.003151434690433683,1242634.7503322389,736458.1018885062
NJ-12,Safe D,0.001241219957076484,489422.5021229536,0.0
NM-01,Lean D,0.005528887344274049,2180082.4765692963,328170.0002627168
NM-02,Lean D,0.004963810901901911,1957268.5226526118,1389145.455074559
NM-03,Likely D,0.004268970358228764,1683287.593227361,0.0
NV-01,Likely D,0.002996401842702063,1181504.1152538497,1220711.1354745994
NV-02,Likely R,0.0040872605642172455,1611638.0346311291,4897733.766445626
NV-03,Lean D,0.006284549987403415,2478046.0240071896,2561849.5600484246
NV-04,Likely D,0.004213200528166044,1661297.1235957271,845549.3016464522
NY-01,Likely R,0.005800335857017071,2287116.696851381,4819021.630933661
NY-02,Likely R,0.005884246168526184,2320203.173086774,4122919.333959095
NY-03,Lean D,0.005453196010291059,2150236.8059000676,1614248.718626283
NY-04,Lean D,0.005145988075493814,2029102.3725844517,992382.4304961662
NY-05,Safe D,3.31013413819789e-05,13052.111537871366,0.0
NY-06,Safe D,0.0005013330343040919,197679.44162283707,0.0
NY-07,Safe D,5.673595674608183e-05,22371.42075640666,0.0
NY-08,Safe D,0.005479386320109289,2160563.8449470424,0.0
NY-09,Safe D,5.928740460290821e-05,23377.476119120478,0.0
NY-10,Safe D,0.00018255736153480705,71983.76093933872,0.0
NY-11,Likely R,0.003982925473337345,1570497.912006981,710546.6348727936
NY-12,Safe D,0.0002883807804768247,113710.74267736793,0.0
NY-13,Safe D,1.184981883053425e-05,4672.474003240986,0.0
NY-14,Safe D,0.009751725935876202,3845179.9621360237,0.0
NY-15,Safe D,3.377716607953338e-05,13318.594374042215,5000.0
NY-16,Safe D,0.00014573960132949467,57466.2370955479,0.0
NY-17,Toss-Up,0.02128260077567271,8391891.915633937,224342.67594575882
NY-18,Lean D,0.005470839862242426,2157193.9113831795,0.0
NY-19,Lean D,0.0055412198347218715,2184945.271675006,1947996.9311083064
NY-20,Likely D,0.0020710489335717193,816630.4008478703,0.0
NY-21,Likely R,0.011121572880602688,4385321.067176448,5264798.684079979
NY-22,Lean D,0.004492675941038973,1771496.4118607047,322454.6261341431
NY-23,Safe R,0.0011418259844331753,450230.70013033465,393113.66101475025
NY-24,Safe R,0.0014302273188550529,563949.5473851055,124942.38132108015
NY-25,Likely D,0.0023015964916901633,907537.0625635206,0.0
NY-26,Safe D,0.0015627535434707056,616205.6491972879,0.0
OH-01,Lean D,0.0048625937287914665,1917357.8188010517,2235489.820373821
OH-02,Safe R,8.451017718747227e-05,33323.007850572416,0.0
OH-03,Safe D,0.00021427500019139816,84490.26793210697,0.0
OH-04,Safe R,0.00038363411625912445,151269.85995416043,0.0
OH-05,Safe R,0.0006225684382563748,245483.486675391,37.24998394854629
OH-06,Safe R,0.0005777900233951152,227827.0159446784,1312.4605346967
OH-07,Likely R,0.003214380229767293,1267454.6568947271,2500633.294871559
OH-08,Safe R,0.000730455804626727,288024.29863655404,7759.983600376974
OH-09,Toss-Up,0.004131308740275937,1629006.5666287732,3089590.9701862456
OH-10,Likely R,0.004867456434811146,1919275.220897007,3429867.8833785043
OH-11,Safe D,3.877864761434013e-05,15290.716714753207,0.0
OH-12,Safe R,0.000580699608295954,228974.2874771647,2127356.9824953014
OH-13,Lean D,0.00504507348710885,1989310.980199489,0.0
OH-14,Safe R,0.0021343695332091453,841598.1965506308,2587.8817614732434
OH-15,Likely R,0.004584499233269626,1807703.036786833,5247622.709791667
OK-01,Safe R,0.0011212515920345986,442118.0601828685,6607.456782104564
OK-02,Safe R,3.9048688172100864e-05,15397.195767640198,0.0
OK-03,Safe R,6.87239984274716e-05,27098.39708466312,0.0
OK-04,Safe R,0.00034052756005401377,134272.61585126934,78.37592402104201
OK-05,Safe R,0.0012014639401155044,473746.4012154927,1415913.9623641698
OR-01,Safe D,0.000262783328292543,103617.47192017542,0.0
OR-02,Safe R,0.0005369144463995222,211709.46397103588,22408.131493211025
OR-03,Safe D,0.00011483057888859918,45278.573648024525,0.0
OR-04,Likely D,0.0027687613948219345,1091743.749292366,617690.0948057874
OR-05,Lean D,0.0044092538241999315,1738602.434509645,812456.6383302053
OR-06,Likely D,0.003013102178527361,1188089.1851274944,57602.53153679287
PA-01,Toss-Up,0.01330787736224943,5247397.610265934,8645137.514218459
PA-02,Safe D,0.0001234500442852159,48677.294638066116,0.0
PA-03,Safe D,1.5936599203269347e-05,6283.9226947058605,0.0
PA-04,Likely D,0.001964349921675403,774558.1661253955,0.0
PA-05,Safe D,0.0005101018248197595,201137.0426469766,0.0
PA-06,Likely D,0.0028180463260960996,1111177.1738386273,369975.52482116874
PA-07,Lean R,0.009170458656684081,3615981.83769201,6163744.102937836
PA-08,Likely R,0.00726506267901931,2864669.661629214,6720426.135199249
PA-09,Safe R,0.00020082825299591576,79188.11288673633,24097.60577226919
PA-10,Likely R,0.007386117772145753,2912402.608746999,6916825.3669002205
PA-11,Safe R,0.0009380764142578485,369890.6895841297,64421.779162700754
PA-12,Likely D,0.0014777687697961903,582695.5043297323,0.0
PA-13,Safe R,7.165768054846324e-05,28255.170334966755,13.867650628737465
PA-14,Safe R,0.0005162990692756827,203580.66343360135,2344.8614638745785
PA-15,Safe R,0.00021347075806749306,84173.14912463837,132.56403639870405
PA-16,Safe R,0.0010157940392119156,400535.342248,4639.998737819027
PA-17,Lean D,0.006216779955044316,2451323.7830239986,0.0
RI-01,Safe D,0.0006384647307957609,251751.5161449054,0.0
RI-02,Likely D,0.002978924303118703,1174612.5880067463,2356069.5224793334
SC-01,Likely R,0.004710663827222426,1857450.6990763952,5239217.181509299
SC-02,Safe R,0.0021198378170055065,835868.2299448109,14034.23066813431
SC-03,Safe R,0.0001561220344298364,61560.10970621871,509.33243909918747
SC-04,Safe R,0.0011024971310054877,434723.0330641825,1844.1675095581159
SC-05,Safe R,0.0013485082397686888,531727.090817589,102766.31866678194
SC-06,Safe D,0.0005576138373698741,219871.3918093478,0.0
SC-07,Safe R,0.001525284290068633,601431.2366137885,493106.88303585234
SD-00,Safe R,0.0010004699478418637,394492.93606661964,4320.3735559606575
TN-01,Safe R,2.1235961676857707e-05,8373.50176301944,175.48269744036952
TN-02,Safe R,0.00039618116329580175,156217.2563603613,48934.42555593554
TN-03,Safe R,0.0002530452607702076,99777.67757474018,361.57842288068787
TN-04,Safe R,0.00015739156026654347,62060.69343271178,565853.3439722725
TN-05,Safe R,0.002847034284628874,1122607.3471255305,3695608.7948982
TN-06,Safe R,0.00048688829789825965,191983.77181512603,2255.8829092957385
TN-07,Safe R,0.005580871214586974,2200580.1133769676,487561.3442989987
TN-08,Safe R,0.00017555510261665032,69222.716806348,4391.068478003537
TN-09,Safe D,0.00037781096588254383,148973.74731812367,248829.1587519287
TX-01,Safe R,6.469271888089753e-05,25508.83279253839,0.0
TX-02,Safe R,0.0011264657578545663,444174.0455604347,932688.0047075385
TX-03,Safe R,0.0013071739442332558,515428.6626227266,2654873.6363775255
TX-04,Safe R,0.00035492579909964493,139949.9513949831,464.7463092599555
TX-05,Safe R,0.0006289958153989693,248017.85053675345,435.2381914035759
TX-06,Safe R,0.0007155584751327419,282150.16791997314,26.402196160193853
TX-07,Safe D,0.0005897671146145137,232549.67442219728,178957.31507489784
TX-08,Safe R,0.0005989434414352787,236167.9701217725,19.574684285915282
TX-09,Safe D,0.00013399612571236106,52835.69503296707,418919.2520272067
TX-10,Safe R,0.0011666164782487584,460005.78104400594,112509.67702268233
TX-11,Safe R,0.00014058416809032152,55433.41042283876,0.0
TX-12,Safe R,0.0009214091605132804,363318.66422740073,170.8918898689899
TX-13,Safe R,5.684677884768592e-05,22415.11875686852,0.0
TX-14,Safe R,0.00045831614434492025,180717.55360505666,1934.980454131317
TX-15,Toss-Up,0.012196320804167977,4809102.375963735,8203395.111245807
TX-16,Safe D,0.00021833191099260142,86089.9388235509,0.0
TX-17,Safe R,0.0006189653916314363,244062.77789256055,1110.9672253535318
TX-18,Safe D,0.0005356133155609911,211196.41815111277,0.0
TX-19,Safe R,6.96937327400213e-05,27480.770725158258,4.107630670321669
TX-20,Safe D,0.0003579078531047119,141125.7980483541,4047.5822899863124
TX-21,Safe R,0.001265043272027097,498816.21702861367,16608.5632499707
TX-22,Safe R,0.0012089462446641251,476696.73100430565,63292.02202615187
TX-23,Lean R,0.0061439805282431465,2422618.41342773,1015941.835460789
TX-24,Safe R,0.0016321293863962585,643561.0735424516,215529.59619983257
TX-25,Safe R,0.0002567965965343518,101256.85789690902,4856.977740851085
TX-26,Safe R,0.0009519204993941571,375349.5180120695,6929.135850355888
TX-27,Safe R,0.0009912326882710674,390850.6141186656,116200.31437393867
TX-28,Likely D,0.0026894478689539533,1060469.8207181504,966879.7280164794
TX-29,Safe D,0.000180812246562154,71295.64878682405,0.0
TX-30,Safe D,0.0013968463801132087,550787.1884743394,0.0
TX-31,Safe R,0.0007296334057904561,287700.02049882675,117887.0256763176
TX-32,Safe D,0.001382044036870395,544950.5115615348,3894622.4774365965
TX-33,Safe D,0.0020715604263924444,816832.0863708189,0.0
TX-34,Safe D,0.0013169370275655362,519278.32089294493,2408464.5207202286
TX-35,Safe D,0.0003329297687477104,131276.74875250185,530989.7968344975
TX-36,Safe R,0.00032441409372864814,127918.95310046291,137552.1102175967
TX-37,Safe D,0.0002337128033615155,92154.7420722904,100905.81357787969
TX-38,Safe R,0.0016440532152939692,648262.7302800285,11653.339908985625
UT-01,Safe R,0.0020159622588475637,794909.3045801052,374133.11994295404
UT-02,Safe R,0.0015839219661755465,624552.5198281805,872.00670987591
UT-03,Safe R,0.0008722624704884871,343939.74926083017,1628.3757519612845
UT-04,Safe R,0.0005549207564252119,218809.48943915011,11575.124940283029
VA-01,Likely R,0.004205673174282032,1658329.030510151,5042957.34898613
VA-02,Lean R,0.008476679327799445,3342419.3533571092,7082094.625449214
VA-03,Safe D,0.0002836657056640273,111851.55269301448,0.0
VA-04,Safe D,0.0004034348228066961,159077.42966576933,0.0
VA-05,Likely R,0.0037895949738352827,1494266.2205460698,4399970.267321358
VA-06,Safe R,0.001070679754472517,422177.1986655537,2225583.875220204
VA-07,Lean D,0.0107513428885822,4239336.555710473,0.0
VA-08,Safe D,8.199918050750601e-05,32332.902695619778,0.0
VA-09,Safe R,0.00011478693910248326,45261.36614729816,342.8145420374494
VA-10,Likely D,0.0022605491151668237,891351.7687249058,456654.99624690297
VA-11,Safe D,0.0009327253237976725,367780.7137759142,0.0
VT-00,Safe D,0.00036124018586984423,142439.7622901624,1207.9883690576535
WA-01,Safe D,0.0014998783386513455,591413.4760705645,0.0
WA-02,Safe D,0.0015073163879805434,594346.3556886012,0.0
WA-03,Toss-Up,0.006124860885693398,2415079.3924483745,2031910.9758791812
WA-04,Safe R,0.001336516265860021,526998.5639821058,413437.1011201649
WA-05,Safe R,0.002807426877417057,1106989.8441763609,2586418.8531053592
WA-06,Likely D,0.0020709446686051217,816589.2883757859,0.0
WA-07,Safe D,1.806842490693909e-05,7124.517839854481,0.0
WA-08,Lean D,0.004843574576174684,1909858.4217692083,381475.72472742246
WA-09,Safe D,0.0001787030296101466,70463.96844500692,0.0
WA-10,Likely D,0.002218283779187374,874686.2241772242,0.0
WI-01,Lean R,0.0062390477443862455,2460104.142310312,4904769.664314354
WI-02,Safe D,0.00021595009479647968,85150.77051928954,0.0
WI-03,Likely R,0.015355170013867887,6054660.727830599,5945890.120507608
WI-04,Safe D,7.668046612832762e-05,30235.693023237418,0.0
WI-05,Safe R,0.0006599360871907675,260217.83584183425,91.1407863972272
WI-06,Safe R,0.0016180472925388441,638008.3964592863,150088.10315825924
WI-07,Safe R,0.0018294172479988908,721353.1830823866,94600.35447344431
WI-08,Safe R,0.001678250800358087,661747.0990683493,600768.0094864275
WV-01,Safe R,0.00011156924288084963,43992.60396950274,3947.307825667085
WV-02,Safe R,0.0001368927967230985,53977.87452002698,5208.888424538163
WY-00,Safe R,7.493845902235225e-05,29548.806326273123,0.04877225867858215
