district_id,cook_rating,delta_seats_no_maturity,delta_seats_with_maturity,model_party_no_maturity,model_party_with_maturity
AL-01,Safe R,3.839382099981594e-06,1.9600345257199175e-06,307.6435239845232,201.38826650851115
AL-02,Safe R,-0.0055614523796557735,-3.506271200004463e-05,3327583.1634076177,775897.2454739114
AL-03,Safe R,4.893780727844796e-07,1.222292416432156e-07,60.87898894787941,20.22457434977332
AL-04,Safe R,0.0,0.0,0.0,0.0
AL-05,Safe R,0.013843282657039303,0.002558276295271965,819833.0614693407,162169.52574588085
AL-06,Safe R,2.0851218121966568e-05,2.985818040512553e-06,1203.675006986472,215.61852900306258
AL-07,Safe D,0.0,0.0,0.0,0.0
AR-01,Safe R,1.8755241686013507e-05,2.254140580069215e-06,1195.8397845100626,181.01765885132772
AR-02,Safe R,0.06071149728505332,0.03939037629108416,3498946.719150452,3018134.599708155
AR-03,Safe R,0.0007482248887329332,0.00013971415104839686,25968.700332580847,5737.7299737552385
AR-04,Safe R,0.0,0.0,0.0,1.8189894035458565e-12
AZ-01,Toss-Up,0.04727343465229089,0.05469966314290048,5423106.975638082,9424633.087493343
AZ-02,Likely R,-0.016171536124427566,-0.00881918758963579,5791517.235719463,9475992.496528495
AZ-03,Safe D,0.0,0.0,0.0,0.0
AZ-04,Lean D,0.0064129049246837155,0.0017343724125755688,608797.9432837258,201024.18406435568
AZ-05,Safe R,0.003622176204140612,0.0009840323716746834,79675.85451064004,23995.163992549802
AZ-06,Likely R,0.048605504616643036,0.060123289893417864,6047167.839814931,11251696.118574353
AZ-07,Safe D,0.0,4.8126624867417256e-05,0.0,25214.56597520248
AZ-08,Safe R,0.0013676779850634747,0.00017195262113386435,18088.450099434347,2462.763298576443
AZ-09,Safe R,0.011225776613577487,0.016528499438217548,2085319.2786696414,4604373.070749539
CA-01,Safe R,0.0372861368784535,0.02896202116243729,3564340.957049214,4007805.807263616
CA-02,Safe D,0.0,0.0,0.0,0.0
CA-03,Toss-Up,0.015001535163580049,0.005470829194734961,1323127.3886215766,596995.2931689494
CA-04,Safe D,0.0,0.0,0.0,0.0
CA-05,Safe R,0.06453282620090373,0.01135344783290515,1903988.0579614895,270011.59445509774
CA-06,Likely D,0.0,0.00043010973129975483,0.0,221830.515721992
CA-07,Safe D,0.0,0.0,0.0,0.0
CA-08,Safe D,0.0,0.0,0.0,0.0
CA-09,Likely D,0.0,7.821383092321277e-05,0.0,40886.56615399872
CA-10,Safe D,0.0,9.23622725790274e-06,0.0,4367.211420928477
CA-11,Safe D,-4.129384750806153e-07,-4.008558935897355e-07,425000.0,425000.0
CA-12,Safe D,0.0,0.0,0.0,0.0
CA-13,Likely D,0.09877063267566755,0.0907963252430426,4604757.820722186,5917040.278552647
CA-14,Safe D,-0.00040556842548644667,-0.0003818355888345337,24954.05,24954.05
CA-15,Safe D,0.0,0.0,0.0,0.0
CA-16,Safe D,0.0,0.0,0.0,0.0
CA-17,Safe D,0.0,0.0,0.0,0.0
CA-18,Safe D,0.0,0.0,0.0,0.0
CA-19,Safe D,0.0,0.0,0.0,0.0
CA-20,Safe R,0.00023096320788463989,6.371990285076838e-05,12003.151535043944,4094.384133643718
CA-21,Safe D,0.013866394868927046,0.002261083040279055,495428.1876439508,79613.25126099354
CA-22,Lean D,0.0009029084581322344,0.004933028837386111,4450477.237836176,6532282.928280221
CA-23,Safe R,0.014128397327891437,0.0016448493768343175,178699.47565036698,17451.129621555112
CA-24,Safe D,0.000684340481997503,0.0001546442326134656,109639.84723474598,33384.43270301365
CA-25,Likely D,0.02838667885519519,0.01057980527851965,1214277.7031437722,490207.86700658966
CA-26,Safe D,0.012637128657628782,0.002113771711139134,506712.00456973247,85342.92071787105
CA-27,Likely D,0.0008130918841743329,0.0005891361380587767,182558.91164700873,189719.80845011608
CA-28,Safe D,0.0,0.0,0.0,0.0
CA-29,Safe D,0.0,0.0,0.0,0.0
CA-30,Safe D,0.0,0.0,0.0,0.0
CA-31,Safe D,0.0013486171845275008,0.0005062679419535199,241419.2958440127,126832.956247803
CA-32,Safe D,0.0,0.0,0.0,0.0
CA-33,Safe D,0.0,0.0,0.0,0.0
CA-34,Safe D,0.0,0.0,0.0,0.0
CA-35,Safe D,0.0,0.0,0.0,0.0
CA-36,Safe D,0.0,0.0,0.0,0.0
CA-37,Safe D,0.0,0.0,0.0,0.0
CA-38,Safe D,0.0,0.0,0.0,0.0
CA-39,Safe D,0.0,0.0,0.0,0.0
CA-40,Lean R,0.13746836097456872,0.1536651224678381,10338126.478869686,17445479.558288172
CA-41,Toss-Up,0.0,0.0,0.0,0.0
CA-42,Safe D,0.0,8.254519086814405e-06,0.0,4876.603949653916
CA-43,Safe D,0.0,0.0,0.0,0.0
CA-44,Safe D,0.0,0.0,0.0,0.0
CA-45,Likely D,0.07576166488524427,0.05384966224568155,3104062.1091992203,2765185.518108134
CA-46,Safe D,0.00020571746641795396,3.459628930779779e-05,39901.24411120324,9288.627095538075
CA-47,Likely D,0.002463414861465285,0.0011523744409305259,399597.2906096389,256217.95650747907
CA-48,Safe R,0.03633320647175847,0.03615709524260241,3961780.3633036623,5876723.579002073
CA-49,Lean D,0.004774314347674502,0.002500394663318195,638298.4972961463,449715.2434801755
CA-50,Safe D,0.0,0.0,0.0,0.0
CA-51,Safe D,0.0,0.0,0.0,0.0
CA-52,Safe D,0.0,3.1112177506509298e-06,0.0,1695.8013578471728
CO-01,Safe D,0.0,0.0,0.0,0.0
CO-02,Safe D,0.0,0.0,0.0,0.0
CO-03,Likely R,0.08824060666729039,0.05895291388329216,5182736.214231696,4844786.953679753
CO-04,Safe R,0.0,0.0036562243708385678,0.0,1893253.9809313295
CO-05,Safe R,0.03968642009479667,0.03304436389958981,3658016.2032605577,4485715.807674398
CO-06,Safe D,0.0,0.0,0.0,0.0
CO-07,Lean D,0.0,0.0002553552522166491,0.0,110863.42761437898
CO-08,Toss-Up,-0.009967055582612017,-4.549903321726667e-05,5015156.726518394,9294383.835026488
CT-01,Safe D,0.0,0.0,0.0,0.0
CT-02,Lean D,0.004763691502709944,0.0005464642402595032,365212.5630912964,46407.6749940493
CT-03,Likely D,0.0,0.0,0.0,0.0
CT-04,Safe D,0.0,0.0,0.0,0.0
CT-05,Lean D,0.005140150544297728,0.0008719192454820224,443852.71477660444,87700.01605730981
DE-00,Likely D,0.0,0.0,0.0,0.0
FL-01,Safe R,6.13692467255273e-06,3.1594651880768355e-06,878.9800857833325,609.9088459222548
FL-02,Likely R,0.007977293011180497,0.008213672106814285,306311.1478760688,408154.24325401563
FL-03,Safe R,0.00017979592403111633,4.138824185632214e-05,3568.549506070667,960.7296780376528
FL-04,Likely R,0.11616687423153715,0.035520555362962336,3930751.2449932643,1250280.7527689342
FL-05,Safe R,0.03783701479379804,0.0028232203997703015,833833.5889114363,40941.542820875155
FL-06,Safe R,0.00044883865866095045,0.00023441212533593069,26050.129141605663,17023.82328342073
FL-07,Likely R,0.12610931494197325,0.04185111795223129,4216450.007056221,1530664.8562417722
FL-08,Safe R,0.05358254169981258,0.015055115764562643,2635721.645048324,799726.0310867582
FL-09,Safe D,0.07850059598410897,0.02330155293228442,1595655.8078887938,406346.05520156305
FL-10,Safe D,0.0,0.0,0.0,0.0
FL-11,Likely R,0.0005400270792556405,8.200086672357186e-05,5296.593821769638,891.3478206440195
FL-12,Safe R,0.010671303124128638,0.0023173537350469203,565995.60814289,135287.89302069158
FL-13,Likely R,0.11907104495320925,0.05173379353798385,4480671.124936349,2293272.2158044428
FL-14,Safe D,0.08433035312066606,0.02383497845293925,1639428.5387583147,385700.95329567324
FL-15,Likely R,0.02482624585876448,0.002593209400721372,183627.21650913436,12767.525333916892
FL-16,Likely R,0.009307792618097874,0.0013067709637577044,92336.0739353355,11783.87343372673
FL-17,Safe R,0.006032710722090346,0.000628759981802899,75999.0156560165,7525.633089686256
FL-18,Safe R,8.613667001199218e-05,4.630444154069251e-06,999.3019192782067,61.39865334107162
FL-19,Safe R,7.638651970262025e-05,3.099531394985854e-05,2866.47360276938,1417.7608746018304
FL-20,Safe D,0.0,0.0,0.0,0.0
FL-21,Likely R,0.04581218765708239,0.022212038058418926,1565686.6668199794,850891.306478959
FL-22,Likely D,0.19939510081767897,0.18487382645296602,6954757.470988911,9552155.975026231
FL-23,Likely D,0.0017815261387248427,0.000417356153769477,253248.73744292138,77974.77697807876
FL-24,Safe D,0.0,0.0,0.0,0.0
FL-25,Safe D,0.029244494168693347,0.010614917496460041,1075001.9907934507,412782.8140901469
FL-26,Likely R,0.038980681609261256,0.007055367617272754,622166.9354865301,85475.85100494568
FL-27,Toss-Up,0.11938653234679608,0.07411159697552139,4976737.610046914,4265978.5954489345
FL-28,Toss-Up,0.15848432976412474,0.03750284420567662,3493890.0217739865,712289.2923649175
GA-01,Likely R,0.00014224109234152633,0.0001494152941741208,9196.546397041704,12261.40077999336
GA-02,Likely D,0.003512903019667224,0.000722038242435441,380068.2468877316,96805.73171858373
GA-03,Safe R,7.193670088917296e-05,1.3449685893821353e-05,4016.4922060082463,935.3776623596495
GA-04,Safe D,0.0,0.0,0.0,0.0
GA-05,Safe D,0.0,0.0,0.0,0.0
GA-06,Safe R,0.0003119589918285648,0.0013884972490243452,84578.10198266734,565486.9153597297
GA-07,Likely D,0.2612871261197467,0.0748867952912291,3629363.5607854333,724832.7346579803
GA-08,Safe R,1.598475474903012e-05,1.8337737656311248e-06,612.1741624241913,85.67997840173484
GA-09,Safe R,0.00016916518715988024,2.1781232129054924e-05,11118.93884789967,1794.2104063858278
GA-10,Safe R,0.000294733084497123,0.00023532071021582085,18783.704564169864,18990.673200645746
GA-11,Safe R,0.00029318028868050364,0.00010171182022957002,8100.038387452427,3346.608167080194
GA-12,Likely R,0.0012762914420414578,0.00015515541572959715,11558.767945754338,1489.8844138001405
GA-13,Safe D,0.0,0.0,0.0,0.0
GA-14,Safe R,0.0,0.0020898008652150413,0.0,1189904.0044005113
HI-01,Safe D,0.0,0.0,0.0,0.0
HI-02,Safe D,0.00044630996491201724,7.322766149364668e-05,71489.61003142188,15781.076974018477
IA-01,Likely R,0.12119923358606532,0.11621268617970565,7739455.0288811335,11060343.696016654
IA-02,Lean R,0.08417028512882857,0.08150355910193896,3810874.0769296177,5312365.455557552
IA-03,Lean R,0.09448972375517661,0.08072598663956498,5988296.301505308,7562309.620136251
IA-04,Safe R,0.00019680222914812175,6.845183707681127e-05,7676.995866891812,3250.0873825291783
ID-01,Safe R,0.0005417350717244144,6.15676788319839e-05,30255.48084892932,4193.217250914051
ID-02,Safe R,0.00011769528555313075,1.4129674785164689e-05,3089.5213150015843,440.0647575233743
IL-01,Safe D,2.719060004707785e-05,6.1775051741763676e-06,6990.66352437099,2286.0062670318293
IL-02,Safe D,0.0,0.0,0.0,0.0
IL-03,Safe D,0.0,0.0,0.0,0.0
IL-04,Safe D,0.0,0.0,0.0,0.0
IL-05,Safe D,0.0,0.0,0.0,0.0
IL-06,Likely D,0.003802468371565282,0.0014678091052059417,494265.01751011517,251492.06892299769
IL-07,Safe D,0.0,0.0,0.0,0.0
IL-08,Likely D,0.00212377085616422,0.0019985187194204723,399251.45196033875,532866.9635639782
IL-09,Safe D,-9.1409777303042e-08,-9.140950407715565e-08,5.8,5.8
IL-10,Safe D,0.0,0.0,0.0,0.0
IL-11,Likely D,0.004107643184585008,0.0012060291638638088,440495.77339925617,163288.18076538178
IL-12,Safe R,1.72087290111879e-05,2.6510601524535465e-06,1604.1148620087915,320.33316016967
IL-13,Likely D,0.0015926198716994522,0.001076326506998071,314190.3333461918,300718.6890260866
IL-14,Likely D,0.0,9.869532006800963e-05,0.0,59603.88539636973
IL-15,Safe R,1.4213491330702802e-05,2.78872709193103e-06,1309.9380213109253,332.8901955295878
IL-16,Safe R,0.0008943176795902612,0.0003436071750347672,40744.15834427494,19091.253483864974
IL-17,Lean D,0.00837477871273129,0.0020544261334400904,652673.8505881616,186594.42455426033
IN-01,Likely D,0.02004852433526283,0.006114527891937227,1029830.9665389308,341798.60075013665
IN-02,Safe R,0.000211437072985249,0.00017224422008222696,17683.979009688395,18596.10711230166
IN-03,Safe R,8.343650484152329e-05,2.430340256620025e-05,6080.659826706906,2250.5979484292184
IN-04,Safe R,3.961449437776192e-06,2.8965053469273434e-07,160.59262443270927,14.399149224376742
IN-05,Safe R,0.0140220194983849,0.0031628281970445538,454597.7318927389,104947.06844116945
IN-06,Safe R,2.571625162788439e-06,3.8957211384268216e-07,206.75468864810682,40.1611485596768
IN-07,Safe D,0.0,0.0,0.0,0.0
IN-08,Safe R,0.0006893979844892414,7.754083476535674e-05,25695.671311123646,3410.85713339824
IN-09,Safe R,0.000685245681490915,0.0001794695216272707,32408.77203938269,10331.917763307923
KS-01,Safe R,0.0007242078618089412,6.32367452022449e-05,20783.777131152805,2093.9428555960185
KS-02,Safe R,0.06028837673443932,0.01652512509309445,2823064.6566315778,839357.8080686282
KS-03,Toss-Up,0.0,0.0,0.0,0.0
KS-04,Safe R,0.002048682823659312,0.00042444672715973714,68890.45365203347,16455.516289536055
KY-01,Safe R,6.08459679421621e-07,3.109239087751713e-07,127.22450440069952,91.23510839002847
KY-02,Safe R,1.135334178832049e-08,5.048797730042786e-08,3.2006737598130712,20.73204517143313
KY-03,Safe D,0.0,0.0,0.0,0.0
KY-04,Safe R,0.0,0.0,0.0,0.0
KY-05,Safe R,8.085546184899515e-09,2.763863578617281e-08,2.328442740079481,11.625450518156867
KY-06,Likely R,0.010022498484445662,0.01068329330025733,667169.5445875948,952305.4812788301
LA-01,Safe R,0.0,0.0,0.0,0.0
LA-02,Safe D,0.0,0.0,0.0,0.0
LA-03,Safe R,1.323561657798789e-06,1.1491668638641825e-07,92.18614956571037,10.154398799466435
LA-04,Safe R,9.64708125553485e-06,1.3511417596526708e-05,1761.4492976294423,3410.788318000821
LA-05,Safe R,3.151814013102345e-05,2.284218808330709e-05,2539.5617309118534,2362.6513785090647
LA-06,Safe R,0.13070489575812205,0.01797841234042974,2872167.5983659904,259489.9793951034
MA-01,Safe D,0.0,0.0,0.0,0.0
MA-02,Safe D,0.0,0.0,0.0,0.0
MA-03,Safe D,0.0,0.0,0.0,0.0
MA-04,Safe D,0.0,0.0,0.0,0.0
MA-05,Safe D,0.0,0.0,0.0,0.0
MA-06,Safe D,0.0,0.0,0.0,0.0
MA-07,Safe D,0.0,0.0,0.0,0.0
MA-08,Safe D,0.0,0.0,0.0,0.0
MA-09,Likely D,0.0044207350414819935,0.0005100224542848864,296603.3708060079,37819.29313453531
MD-01,Safe R,-0.002398597295988625,-0.0006113957431412853,2464310.362851443,916354.8596587884
MD-02,Likely D,0.0,5.064704412272025e-05,0.0,22638.481976206298
MD-03,Safe D,0.0,0.0,0.0,0.0
MD-04,Safe D,0.0,0.0,0.0,0.0
MD-05,Safe D,0.0,0.0,0.0,0.0
MD-06,Toss-Up,0.0,0.0,0.0,0.0
MD-07,Safe D,0.0,0.0,0.0,0.0
MD-08,Safe D,0.0,0.0,0.0,0.0
ME-01,Safe D,0.0018444887926050146,0.00016368671967070814,161166.16192078474,16864.877987888
ME-02,Likely R,0.004486716543926572,0.012619024291048109,1104738.4617563356,4673138.267884366
MI-01,Safe R,0.007342949715916404,0.0022078274161921943,282619.28622518,95920.61434099695
MI-02,Safe R,0.00014067177527290944,2.240961499105302e-05,5283.123119008829,1018.7135486364423
MI-03,Lean D,0.004033688263167079,0.0014392995367720207,539115.6999264222,253898.0572103979
MI-04,Likely R,0.1192829641554492,0.07767548931117424,5804351.154687625,5241007.289496995
MI-05,Safe R,2.2111348738168774e-05,5.599187402035959e-06,1136.5806627832644,357.5553688859072
MI-06,Safe D,0.0,0.0,0.0,0.0
MI-07,Lean R,0.11816582741837656,0.12306793856351256,8319923.918795142,13003663.49173637
MI-08,Lean D,0.028510152805985345,0.010958506371545385,1610481.3914835344,703191.3850652569
MI-09,Safe R,0.0,0.0,9.094947017729282e-13,0.0
MI-10,Lean R,0.08996320113222961,0.06803310634643817,5470807.540721698,5989799.068202553
MI-11,Likely D,0.0,0.0,0.0,0.0
MI-12,Safe D,0.0,0.0,0.0,0.0
MI-13,Safe D,0.0,0.0,0.0,0.0
MN-01,Likely R,0.07288259663806063,0.04276244009615149,4224706.194809899,3447639.0255882805
MN-02,Lean D,0.013359974576389155,0.004839725409721662,1055893.4839157944,460872.03288231953
MN-03,Likely D,0.0006418807923641578,0.00018988688039756063,128145.20260228275,52837.32450750156
MN-04,Safe D,0.0,0.0,0.0,0.0
MN-05,Safe D,0.0,0.0,0.0,0.0
MN-06,Safe R,0.0003661326586766496,0.00039473127587625473,30641.746345970256,42871.40144968097
MN-07,Safe R,0.0015131399136344842,0.00020587807036573716,67748.47919109595,10806.08746939234
MN-08,Safe R,0.027222429814963797,0.005165509190878298,561775.9985064387,91542.60427392783
MO-01,Safe D,0.0,0.0,0.0,0.0
MO-02,Likely R,0.07944192869875283,0.04807540445576203,4214387.099658273,3372031.1414504116
MO-03,Safe R,0.00020600703685929884,2.0022879425182598e-05,5384.273152096575,616.6394965619766
MO-04,Safe R,0.0003066446028618863,4.959198146597e-05,22070.09706232522,4491.333446828008
MO-05,Safe D,0.004829602016209078,0.0012663872877439752,373451.2514078454,117686.8712790776
MO-06,Safe R,4.7987673704414074e-05,8.875393122872999e-06,2165.3310481796143,492.7235272090402
MO-07,Safe R,1.2675013067487979e-08,4.2481380296095425e-09,2.9652721440907044,1.4133753098649322
MO-08,Safe R,0.0,0.0,7.275957614183426e-12,0.0
MS-01,Safe R,0.007440585646755933,0.001280189772124428,420632.8352185248,80121.14493838453
MS-02,Safe D,0.0022591375529799063,0.0004927985507207078,223763.6021325955,61005.497808900545
MS-03,Safe R,0.014022710953300911,0.0009672102138859814,334146.9726651699,18945.59166071337
MS-04,Safe R,1.5699900365954414e-07,2.8899143440861818e-08,22.95400053461708,5.703844709554687
MT-01,Likely R,0.08234248048553644,0.04257326838270786,4249200.154824881,2927734.591739326
MT-02,Safe R,1.1101220453841828e-07,2.992230372916708e-08,14.057709718699698,5.043023336931583
NC-01,Lean D,-0.002561465281323727,-0.00037515072653432346,3029583.880267327,2383609.866738916
NC-02,Safe D,0.0,0.0,0.0,0.0
NC-03,Safe R,0.006065169952601587,0.0013034689085623906,237054.89626675053,56515.965088623285
NC-04,Safe D,0.0,0.0,0.0,0.0
NC-05,Safe R,0.015166111090871244,0.0032111820190833945,544268.321865218,117326.89300747687
NC-06,Lean D,0.21496775401539542,0.05626141962278758,3893204.273922309,809804.213321645
NC-07,Safe R,0.049948102365561464,0.00943370228328938,1298205.4073517732,199685.54691869405
NC-08,Safe R,0.0033723831318168696,0.0004344139233776814,165827.08114625682,24124.832848044054
NC-09,Likely R,0.08847664096384639,0.08693052235218224,6854104.707136554,10043824.376433654
NC-10,Safe R,2.332650160699742e-05,2.6056772630142586e-06,1476.89269740499,207.61652193760528
NC-11,Safe R,-0.014373552535819178,-0.0033373792033669636,3994996.337639802,4450705.518857579
NC-12,Safe D,0.00013165223933542247,2.7720636845085522e-05,31066.944195304473,9309.195839669206
NC-13,Toss-Up,0.0933717914330876,0.04096653853084509,3036449.330476258,1396600.0586386381
NC-14,Lean D,0.2539969264107887,0.0449405210503131,3148874.7611545785,281471.7297140083
ND-00,Safe R,9.69056167349552e-05,1.939630835410492e-05,6575.303911123323,1660.933491118456
NE-01,Safe R,0.0536798927659945,0.010636878673929318,1694176.759437331,288664.2400828203
NE-02,Toss-Up,0.07451144122739761,0.06578080875891712,5402219.379715386,7059796.848943397
NE-03,Safe R,0.0,0.0,0.0,0.0
NH-01,Lean D,0.0,0.0018676684963234713,0.0,974798.5100290179
NH-02,Lean D,0.022630907449181503,0.007583234513121262,1243376.220587685,462263.9512591355
NJ-01,Safe D,0.0,0.0,0.0,0.0
NJ-02,Likely R,0.12045446063676019,0.0633589706124209,5152802.267294216,3588585.872093336
NJ-03,Likely D,0.0006104234359302074,0.00028844374732439615,135572.92397417547,91231.4847916835
NJ-04,Safe R,0.00034759722605156706,2.4580164338210315e-05,5466.294326153773,438.64694370897996
NJ-05,Likely D,0.0,0.0,0.0,0.0
NJ-06,Safe D,0.0,0.0,0.0,0.0
NJ-07,Lean R,-0.024427535087048424,-0.014144067046301112,5115614.870044787,8770020.844587386
NJ-08,Safe D,0.0,0.0,0.0,0.0
NJ-09,Safe D,0.005445740967462309,0.0013372363267666332,400367.95757476334,116337.43685893179
NJ-10,Safe D,0.0,0.0,0.0,0.0
NJ-11,Likely D,0.007830836167969424,0.0035345331905218824,736458.1018885062,421917.8755521793
NJ-12,Safe D,0.0,0.0008717551039374438,0.0,418005.39823893644
NM-01,Lean D,0.0014276899421490352,0.0029448420297550904,328170.0002627168,1017693.9165844249
NM-02,Lean D,0.02462744512173143,0.00970016974463106,1389145.455074559,625396.60491515
NM-03,Likely D,0.0,0.0004465785966989433,0.0,203528.75865910994
NV-01,Likely D,0.14585073906630897,0.032157563683678725,1220711.1354745994,202750.02843819628
NV-02,Likely R,0.08086389041391362,0.05624559838111892,4897733.766445626,4739822.936919147
NV-03,Lean D,0.05049721149871278,0.03338562433437553,2561849.5600484246,2120772.44951492
NV-04,Likely D,0.008645041923493135,0.004050901361047687,845549.3016464522,507318.65627386305
NY-01,Likely R,0.14553048783190098,0.05797789602420139,4819021.630933661,2231692.137129504
NY-02,Likely R,0.13919406509642818,0.04968394375383922,4122919.333959095,1520910.509305314
NY-03,Lean D,0.0263776305457194,0.01321962376064556,1614248.718626283,975870.0032633534
NY-04,Lean D,0.006105261723371891,0.007317564413613864,992382.4304961662,1783756.982933543
NY-05,Safe D,0.0,0.0,0.0,0.0
NY-06,Safe D,0.0,0.0,0.0,0.0
NY-07,Safe D,0.0,0.0,0.0,0.0
NY-08,Safe D,0.0,0.0,0.0,0.0
NY-09,Safe D,0.0,0.0,0.0,0.0
NY-10,Safe D,0.0,0.0,0.0,0.0
NY-11,Likely R,0.040808950702349286,0.00784645028258106,710546.6348727936,106088.9766643578
NY-12,Safe D,0.0,0.0,0.0,0.0
NY-13,Safe D,0.0,0.0,0.0,0.0
NY-14,Safe D,0.0,0.0,0.0,0.0
NY-15,Safe D,-2.8403113194741536e-10,-2.840280233229464e-10,5000.0,5000.0
NY-16,Safe D,0.0,0.0,0.0,0.0
NY-17,Toss-Up,0.0007840189373156115,0.01442787897087805,224342.67594575882,6209096.664926993
NY-18,Lean D,0.0,0.0,0.0,0.0
NY-19,Lean D,0.0338804668301389,0.016164449276706128,1947996.9311083064,1102791.937338665
NY-20,Likely D,0.0,0.0,0.0,0.0
NY-21,Likely R,0.05366443567189394,0.06231351498022025,5264798.684079979,9051703.103010701
NY-22,Lean D,0.0019426888615928783,0.0006175635631278098,322454.6261341431,139476.53448724828
NY-23,Safe R,0.014191941614371685,0.0022305609298776397,393113.66101475025,58870.34386322167
NY-24,Safe R,0.004201393147705332,0.0011368407896851715,124942.38132108015,37997.69207332152
NY-25,Likely D,0.0,0.0,0.0,0.0
NY-26,Safe D,0.0,0.0,0.0,0.0
OH-01,Lean D,0.06689697929761595,0.02690369289404071,2235489.820373821,922375.3641144941
OH-02,Safe R,0.0,2.7794913096248824e-14,0.0,1.77956669631385e-05
OH-03,Safe D,0.0,0.0,0.0,0.0
OH-04,Safe R,0.0,0.0,0.0,0.0
OH-05,Safe R,5.662923044212219e-07,9.019148418517794e-08,37.24998394854629,7.504081642431629
OH-06,Safe R,3.7743247656373945e-05,5.220162538162407e-06,1312.4605346967,219.95351631237645
OH-07,Likely R,0.08620541819932703,0.019202315989532426,2500633.294871559,471955.77252991224
OH-08,Safe R,0.0004923129188942124,3.9096397247941755e-05,7759.983600376974,694.1498851655706
OH-09,Toss-Up,0.09398157171717547,0.04021779417884597,3089590.9701862456,1379773.2719886126
OH-10,Likely R,0.14452680893315822,0.0290053037636831,3429867.8833785043,536616.5028463254
OH-11,Safe D,0.0,0.0,0.0,0.0
OH-12,Safe R,0.028766787209814904,0.01063550232820104,2127356.9824953014,968824.0648482824
OH-13,Lean D,0.0,0.00039805393807079703,0.0,174989.0489736118
OH-14,Safe R,0.00018129018198741447,2.729331835745353e-05,2587.8817614732434,447.17218981560654
OH-15,Likely R,0.10548515997483737,0.06229302549215382,5247622.709791667,4233519.874488983
OK-01,Safe R,0.0001287272403466067,7.217968985431724e-05,6607.456782104564,4607.045255998411
OK-02,Safe R,0.0,1.9498150970209162e-08,0.0,9.943742781484616
OK-03,Safe R,0.0,0.0,0.0,5.684341886080802e-14
OK-04,Safe R,4.211256621695415e-07,2.660564638543039e-07,78.37592402104201,68.5750767609643
OK-05,Safe R,0.03247771561260222,0.007218563716379092,1415913.9623641698,311036.9454807319
OR-01,Safe D,0.0,0.0,0.0,0.0
OR-02,Safe R,0.0009808326633170758,9.968311211978019e-05,22408.131493211025,2573.8094089842925
OR-03,Safe D,0.0,0.0,0.0,0.0
OR-04,Likely D,0.011222548441820024,0.002156694649055435,617690.0948057874,126441.53994298156
OR-05,Lean D,0.011566574622951964,0.0031041993455493966,812456.6383302053,249559.0583122191
OR-06,Likely D,0.00021920046310874852,0.00022334285110614527,57602.53153679287,85619.5618465268
PA-01,Toss-Up,0.022931333462947345,0.03010386943289789,8645137.514218459,13058634.961424144
PA-02,Safe D,0.0,0.0,0.0,0.0
PA-03,Safe D,0.0,0.0,0.0,0.0
PA-04,Likely D,0.0,0.0,0.0,0.0
PA-05,Safe D,0.0,0.0,0.0,0.0
PA-06,Likely D,0.002954466422109503,0.000821259799804297,369975.52482116874,132895.09471297008
PA-07,Lean R,-0.019141892224099233,-0.009070434079317735,6163744.102937836,8911635.756620986
PA-08,Likely R,0.12466347180038712,0.1005545014276405,6720426.135199249,7856502.97418567
PA-09,Safe R,0.00025228453906764314,8.228108814114371e-05,24097.60577226919,10187.036931631388
PA-10,Likely R,0.09529549802231108,0.09073982793386304,6916825.3669002205,9801436.935600048
PA-11,Safe R,0.001841349887793487,0.00046931308860895596,64421.779162700754,19191.508830504958
PA-12,Likely D,0.0,5.1057752397332123e-05,0.0,24829.412020393298
PA-13,Safe R,6.238967732841009e-08,2.12563186035951e-08,13.867650628737465,6.674849885268486
PA-14,Safe R,1.8435606366320025e-05,1.2193321567564863e-05,2344.8614638745785,2067.5930209270155
PA-15,Safe R,9.126473201420899e-07,3.001283852464517e-07,132.56403639870405,58.83480252567824
PA-16,Safe R,0.00022814305912254116,2.9984049568697498e-05,4639.998737819027,709.4401673676548
PA-17,Lean D,0.0,0.0002971190871378093,0.0,158957.3921803874
RI-01,Safe D,0.0,0.0,0.0,0.0
RI-02,Likely D,0.19384849505146495,0.057883011194503786,2356069.5224793334,540852.1922144595
SC-01,Likely R,0.0644399772122039,0.056673910086766865,5239217.181509299,6790752.536270343
SC-02,Safe R,0.0014588211638098623,0.00015228900335889466,14034.23066813431,1543.2323426679286
SC-03,Safe R,1.2496462425294749e-05,7.62751912222661e-07,509.33243909918747,38.07760916012194
SC-04,Safe R,5.183374583861422e-05,1.1963197365197787e-05,1844.1675095581159,516.4998466404213
SC-05,Safe R,0.008865825605935497,0.0008031623689099404,102766.31866678194,8305.119156955385
SC-06,Safe D,0.0,0.0,0.0,0.0
SC-07,Safe R,0.017057945123726978,0.0034676069002844007,493106.88303585234,97552.02593322642
SD-00,Safe R,5.011467172157547e-05,4.46929360685723e-05,4320.3735559606575,4976.27330311542
TN-01,Safe R,9.33888970211245e-07,1.60471464106496e-07,175.48269744036952,41.80925450530776
TN-02,Safe R,0.0006264713445652843,0.00024174697999806115,48934.42555593554,24038.06629106088
TN-03,Safe R,6.351628286033043e-06,7.429017802043029e-07,361.57842288068787,52.90079105944096
TN-04,Safe R,0.005642223720346992,0.0011125138727710315,565853.3439722725,135724.26532564696
TN-05,Safe R,0.05053692912772534,0.03526146022566501,3695608.7948982,3723813.945455063
TN-06,Safe R,4.622267678410039e-05,1.4782756036152162e-05,2255.8829092957385,893.0162956934
TN-07,Safe R,-0.0007633922312244371,-0.0003878223421358018,487561.3442989987,687495.707145105
TN-08,Safe R,5.307761502364302e-05,1.1569366300416117e-05,4391.068478003537,1227.9246700116055
TN-09,Safe D,0.0013039677716133458,0.0009109006165517464,248829.1587519287,245074.33499323204
TX-01,Safe R,0.0,6.730959722017283e-11,0.0,0.04152928239273024
TX-02,Safe R,0.00980093318844101,0.007119183923291,932688.0047075385,907022.3209450492
TX-03,Safe R,0.04710913608641576,0.014994696165076926,2654873.6363775255,990291.7339371407
TX-04,Safe R,1.8888522831369452e-05,1.0813501221723556e-06,464.7463092599555,31.716336638022767
TX-05,Safe R,1.3941716894884555e-05,1.5233289551736667e-06,435.2381914035759,57.403445127874875
TX-06,Safe R,1.557037456329229e-07,9.843501721693536e-08,26.402196160193853,22.88559804810575
TX-07,Safe D,0.0015876683664486357,0.00038721634962435303,178957.31507489784,56014.55250613415
TX-08,Safe R,1.6884730806709524e-07,7.980169185403956e-08,19.574684285915282,12.228568083650316
TX-09,Safe D,0.00842964734354179,0.003095233380145057,418919.2520272067,172669.75853103027
TX-10,Safe R,0.0024950232929628266,0.0009801489477147159,112509.67702268233,53229.266812263
TX-11,Safe R,0.0,4.5922126075412044e-09,0.0,2.3380926363606704
TX-12,Safe R,5.680072094614878e-06,6.607089858878855e-07,170.8918898689899,23.994612021686407
TX-13,Safe R,0.0,3.541468618326895e-08,0.0,15.852130695609958
TX-14,Safe R,6.624071433532002e-05,6.7714100233941775e-06,1934.980454131317,236.65539672008526
TX-15,Toss-Up,0.1337618759783445,0.13479482933734172,8203395.111245807,12391573.733821873
TX-16,Safe D,0.0,0.0,0.0,0.0
TX-17,Safe R,5.128078096601528e-05,4.277754548477099e-06,1110.9672253535318,109.38267301174346
TX-18,Safe D,0.0,0.0,0.0,0.0
TX-19,Safe R,1.971964373994532e-08,9.240819982180232e-09,4.107630670321669,2.699147206629277
TX-20,Safe D,1.432780737353756e-05,1.3870568953744389e-05,4047.5822899863124,5717.754807882709
TX-21,Safe R,0.0003576257845935441,0.0002040244349832054,16608.5632499707,11700.728075013962
TX-22,Safe R,0.005929639958426745,0.0005011129841442676,63292.02202615187,5007.126686635114
TX-23,Lean R,0.03830957594976703,0.0214232541409074,1015941.835460789,640683.817798666
TX-24,Safe R,0.007755922112105611,0.001963123699025956,215529.59619983257,58535.9098496004
TX-25,Safe R,9.668754053783002e-05,1.4283455593070132e-05,4856.977740851085,885.8671422460902
TX-26,Safe R,0.00010800579165811579,4.973199240508293e-05,6929.135850355888,4022.6631623908033
TX-27,Safe R,0.005002166110172814,0.0007296542047417372,116200.31437393867,17706.90541113836
TX-28,Likely D,0.019172224055539866,0.0059869802899923386,966879.7280164794,330094.0251179184
TX-29,Safe D,0.0,0.0,0.0,0.0
TX-30,Safe D,0.0,0.0,0.0,0.0
TX-31,Safe R,0.0032557138527537846,0.0006914815627343425,117887.0256763176,28528.76082569672
TX-32,Safe D,0.2796957924730352,0.15658353987624107,3894622.4774365965,2293016.6259682574
TX-33,Safe D,0.0,0.0,0.0,0.0
TX-34,Safe D,0.06926741625516275,0.0414626806520807,2408464.5207202286,1806637.683881855
TX-35,Safe D,-0.0016104479068226318,-5.406089806303527e-05,530989.7968344975,198272.87942048255
TX-36,Safe R,0.003219435871727787,0.0004499051379948174,137552.1102175967,21668.69576456194
TX-37,Safe D,0.0003962951592717534,0.00047860354769613256,100905.81357787969,179137.70075907966
TX-38,Safe R,0.00022591698923899676,0.0001590883816353656,11653.339908985625,10229.3163385285
UT-01,Safe R,0.0015216797122901693,0.004011120390593037,374133.11994295404,1482947.6910582252
UT-02,Safe R,2.0103693094156985e-05,6.5865141316986345e-06,872.00670987591,351.44014281264026
UT-03,Safe R,4.738818208612546e-05,8.822816275401782e-06,1628.3757519612845,367.07568169877777
UT-04,Safe R,0.0006062791346411016,7.967131867572808e-05,11575.124940283029,1736.6717909180516
VA-01,Likely R,0.08291179546054772,0.057352050484753,5042957.34898613,4991626.0044696145
VA-02,Lean R,0.14611012124944672,0.11626299449921157,7082094.625449214,8165838.6396067105
VA-03,Safe D,0.0,0.0,0.0,0.0
VA-04,Safe D,0.0,0.0,0.0,0.0
VA-05,Likely R,0.10458694629788962,0.044725279089322056,4399970.267321358,2277217.4371868633
VA-06,Safe R,0.03274856381637303,0.01220859855943418,2225583.875220204,1004988.6023106973
VA-07,Lean D,0.0,0.0,0.0,0.0
VA-08,Safe D,0.0,0.0,0.0,0.0
VA-09,Safe R,2.580011812786608e-06,6.112680037126178e-07,342.8145420374494,108.65414187016722
VA-10,Likely D,0.007887650494753373,0.0012463341265236405,456654.99624690297,77632.89090256719
VA-11,Safe D,0.0,0.0,0.0,0.0
VT-00,Safe D,4.182076511760613e-06,1.1923984005624e-05,1207.9883690576535,5040.335099585063
WA-01,Safe D,0.0,0.0,0.0,0.0
WA-02,Safe D,0.0,0.0,0.0,0.0
WA-03,Toss-Up,0.014015118990632569,0.015683338208128728,2031910.9758791812,3322935.0771544836
WA-04,Safe R,0.021404589790620286,0.002640447620768628,413437.1011201649,42157.77456426667
WA-05,Safe R,0.08083406729411374,0.017777681785219823,2586418.8531053592,499316.1315823193
WA-06,Likely D,0.0,2.051002875558261e-05,0.0,12589.080968368566
WA-07,Safe D,0.0,0.0,0.0,0.0
WA-08,Lean D,0.0022578842168539115,0.0009383973179486471,381475.72472742246,218141.23305391753
WA-09,Safe D,0.0,0.0,0.0,0.0
WA-10,Likely D,0.0,0.0,0.0,0.0
WI-01,Lean R,0.15891416554532195,0.06334991894241498,4904769.664314354,2220689.8461097553
WI-02,Safe D,0.0,0.0,0.0,0.0
WI-03,Likely R,0.03915650597969589,0.053420739728858024,5945890.120507608,12203333.557456907
WI-04,Safe D,0.0,0.0,0.0,0.0
WI-05,Safe R,1.980006300608911e-06,2.5889930673308244e-07,91.1407863972272,14.719830812200598
WI-06,Safe R,0.011355055243037308,0.0009877014299363648,150088.10315825924,11072.041743598864
WI-07,Safe R,0.0026496901559460335,0.0013925961161528229,94600.35447344431,59694.958589200134
WI-08,Safe R,0.03087313860544376,0.0029497817760648776,600768.0094864275,41177.05488230304
WV-01,Safe R,3.5301851720171556e-05,8.895639065099967e-06,3947.307825667085,1309.2555836629472
WV-02,Safe R,9.081808842085256e-05,1.0665592428157292e-05,5208.888424538163,761.5934704345127
WY-00,Safe R,1.715628942656046e-10,5.759037565477893e-10,0.04877225867858215,0.23854306137218373
