district_id,tier,msg_i_per_1m,floor,nl_party_alloc,lp_party_alloc
AL-01,Safe R,0.025855580333267448,18859.98,54.1511103132143,0.0
AL-02,Safe R,0.6075152633809675,525227.08,2668876.236724425,0.0
AL-03,Safe R,0.011139920369122902,14042.04,8.833102025309927,0.0
AL-04,Safe R,0.00023528101057029748,12306.87,0.0,0.0
AL-05,Safe R,0.08917392769329503,341163.15,575962.5447401461,0.0
AL-06,Safe R,0.09437153108514075,48622.35,3471.8284651577997,0.0
AL-07,Safe D,0.0,1402783.21,0.0,0.0
AR-01,Safe R,0.060643806673923294,30185.76,637.296279263468,0.0
AR-02,Safe R,0.10770603043323136,683796.62,2854377.217906524,0.0
AR-03,Safe R,0.12775903462873903,83684.08,18096.19285268223,0.0
AR-04,Safe R,1.232652514837893e-06,327.0,9.43600753089413e-12,0.0
AZ-01,Toss-Up,0.1568055738790063,815875.86,6403488.808518517,0.0
AZ-02,Likely R,0.08637634403912028,1011172.08,4142303.1776274145,0.0
AZ-03,Safe D,4.5584724056127414e-07,2108123.24,0.0,0.0
AZ-04,Lean D,0.04955666044555873,847123.33,724221.0767782825,0.0
AZ-05,Safe R,0.5318926673487291,110278.64,470896.84071033215,0.0
AZ-06,Likely R,0.04736762420183629,1830458.04,7129197.500003683,0.0
AZ-07,Safe D,0.002684920041930622,1709277.5,299.3611416944768,0.0
AZ-08,Safe R,0.445344788240116,17589.1,3295.0705794640307,0.0
AZ-09,Safe R,0.0062873127195513905,4439410.31,2024251.5018394226,0.0
CA-01,Safe R,0.03861460570232292,1250451.72,3694997.8777904483,0.0
CA-02,Safe D,0.00039865984535128305,775169.67,0.0,0.0
CA-03,Toss-Up,0.027262762928815774,1221177.59,1332813.2180678619,0.0
CA-04,Safe D,0.000248769596772395,3850960.61,0.0,0.0
CA-05,Safe R,0.3379522622983794,224651.33,1814775.9806680246,0.0
CA-06,Likely D,0.004300823568128062,663563.43,174885.42986201844,0.0
CA-07,Safe D,1.5951052786548102e-07,1874567.85,0.0,0.0
CA-08,Safe D,0.0004542527409325736,439685.37,0.0,0.0
CA-09,Likely D,0.0022773807307184617,976060.18,0.0,0.0
CA-10,Safe D,0.003621463744812366,516173.13,14956.656440224731,0.0
CA-11,Safe D,1.1319579411023726e-07,4037598.69,0.0,0.0
CA-12,Safe D,0.0,861269.88,0.0,0.0
CA-13,Likely D,0.12477393506385576,2036680.0,3259904.627793057,0.0
CA-14,Safe D,0.0002882644573088114,1896866.9,0.0,0.0
CA-15,Safe D,0.00022660263640696354,568891.0,0.0,0.0
CA-16,Safe D,0.0002600505231485644,1343778.45,0.0,0.0
CA-17,Safe D,8.213788635787404e-06,6615233.33,0.0,0.0
CA-18,Safe D,0.0004531408188563641,1237078.36,0.0,0.0
CA-19,Safe D,0.0007041049043102159,1304897.69,0.0,0.0
CA-20,Safe R,0.026523773480281874,22728.46,100.39249849687621,0.0
CA-21,Safe D,0.1594943309454996,552238.55,536811.7139102318,0.0
CA-22,Lean D,0.06143403195797716,1428655.63,5248983.777699614,0.0
CA-23,Safe R,0.7022943992217278,72674.73,282346.1651991619,0.0
CA-24,Safe D,0.011163159843337944,809950.99,127963.71425756055,0.0
CA-25,Likely D,0.12686465862693688,1137266.6,1353712.6362753264,0.0
CA-26,Safe D,0.1370152194121597,555813.61,521508.44757180044,0.0
CA-27,Likely D,0.0013205148478204053,1541320.51,288163.2299295326,0.0
CA-28,Safe D,0.00032169181343548567,794230.55,0.0,0.0
CA-29,Safe D,0.0,491885.96,0.0,0.0
CA-30,Safe D,3.6918717063749295e-05,4210120.6,0.0,0.0
CA-31,Safe D,0.010086198143317716,426004.14,317840.65581154404,0.0
CA-32,Safe D,0.00010858491599005773,1805207.04,0.0,0.0
CA-33,Safe D,0.0001585820413059162,3503428.18,0.0,0.0
CA-34,Safe D,0.0,1288657.97,0.0,0.0
CA-35,Safe D,0.00023968181582380066,544667.07,0.0,0.0
CA-36,Safe D,0.0004685130027070597,1211263.13,0.0,0.0
CA-37,Safe D,0.0,632437.89,0.0,0.0
CA-38,Safe D,0.0,448269.25,0.0,0.0
CA-39,Safe D,1.2805444240530751e-05,911987.82,0.0,0.0
CA-40,Lean R,0.05366804924572215,2594422.79,11779263.7043444,0.0
CA-41,Toss-Up,0.0,1092528.72,0.0,0.0
CA-42,Safe D,0.0020809527126228787,1467657.69,0.0,0.0
CA-43,Safe D,0.0,527178.26,0.0,0.0
CA-44,Safe D,4.804035099104675e-05,1064461.34,0.0,0.0
CA-45,Likely D,0.08523038609515804,1773751.07,3767926.5065511167,0.0
CA-46,Safe D,0.00741731160577168,599666.14,52217.25909739302,0.0
CA-47,Likely D,0.0015908811707646268,1470265.31,353437.09463135665,0.0
CA-48,Safe R,0.026671458846335514,1950087.44,4425355.220828282,0.0
CA-49,Lean D,0.011012975938971154,1779935.38,640212.9753494016,0.0
CA-50,Safe D,0.0,1185108.05,0.0,0.0
CA-51,Safe D,0.00041329316978097304,1368637.97,0.0,0.0
CA-52,Safe D,0.0020180282405757003,466926.47,0.0,0.0
CO-01,Safe D,1.1932806626301245e-05,1234560.75,0.0,0.0
CO-02,Safe D,7.212657656964619e-05,1603819.52,0.0,0.0
CO-03,Likely R,0.09780377618477407,968897.15,5686848.019785092,0.0
CO-04,Safe R,0.002489256630894402,6619991.84,0.0,0.0
CO-05,Safe R,0.04121444138668065,1366706.39,4377298.479298277,0.0
CO-06,Safe D,0.0003592563485827554,2176020.51,0.0,0.0
CO-07,Lean D,0.0030157515398157296,1274437.48,43138.78463656409,0.0
CO-08,Toss-Up,0.01942714669912255,3222375.64,6319082.224594362,0.0
CT-01,Safe D,4.389386917641878e-05,1198120.04,0.0,0.0
CT-02,Lean D,0.05142876730457636,419825.2,388178.09853285033,0.0
CT-03,Likely D,0.00034765643589421597,870667.26,0.0,0.0
CT-04,Safe D,0.0003046238591737201,839472.29,0.0,0.0
CT-05,Lean D,0.02289712704885537,641190.75,402439.089541242,0.0
DE-00,Likely D,1.1903211104057123e-05,1666348.16,0.0,0.0
FL-01,Safe R,0.0014671118195505022,12948.4,4.9112713895738125e-11,0.0
FL-02,Likely R,0.3845808370509868,262032.2,2945586.181037446,0.0
FL-03,Safe R,0.25477723309191413,19396.74,1859.4264047129582,0.0
FL-04,Likely R,0.37695017383694723,285240.11,3694469.5538737304,0.0
FL-05,Safe R,0.7355692548502725,65892.01,321932.37848707364,0.0
FL-06,Safe R,0.036742905425597196,76711.42,2165.050643849754,0.0
FL-07,Likely R,0.5033018891328767,227793.9,3531713.819367212,0.0
FL-08,Safe R,0.20072794098954266,313835.78,1919529.4230041944,0.0
FL-09,Safe D,0.8993485990663826,422928.05,1727248.2332706132,0.0
FL-10,Safe D,0.0,2475654.79,0.0,0.0
FL-11,Likely R,2.024233422141212,20831.88,50948.225283348336,59009487.8183864
FL-12,Safe R,0.11572050214370923,265534.39,394336.3350552927,0.0
FL-13,Likely R,0.2034546848060698,553303.6,5275906.323037929,0.0
FL-14,Safe D,0.019383441984322534,386157.72,136970.8544714818,0.0
FL-15,Likely R,2.0475981353153467,24890.25,116111.99181873302,59009487.8183864
FL-16,Likely R,0.8090989437439847,22918.94,11658.594586509182,0.0
FL-17,Safe R,0.6613173725405358,31977.82,25022.851975021338,0.0
FL-18,Safe R,0.0030351896287719817,107.03,7.90085920243655e-06,0.0
FL-19,Safe R,0.11390306276502676,35205.17,1740.1925843768695,0.0
FL-20,Safe D,0.0007836339269992159,1052517.34,0.0,0.0
FL-21,Likely R,0.28760121791990906,146272.04,264533.6823501297,0.0
FL-22,Likely D,0.4329990462115481,403470.7,5526001.406565226,0.0
FL-23,Likely D,0.016944240348878144,678246.06,275447.38042835356,0.0
FL-24,Safe D,0.00020987867522976748,260134.72,0.0,0.0
FL-25,Safe D,0.09642756733297615,842813.43,598166.8012237769,0.0
FL-26,Likely R,0.8009341651546513,29206.42,26792.45693024761,0.0
FL-27,Toss-Up,0.36002431390563694,405774.53,5051618.607234941,0.0
FL-28,Toss-Up,2.148360089397938,76322.34,2979243.4845505417,59009487.8183864
GA-01,Likely R,0.05270702045929954,117192.95,7571.355045949356,0.0
GA-02,Likely D,0.019418180456413595,732804.92,374135.03637797653,0.0
GA-03,Safe R,0.05987333553225148,68823.16,3689.2707423433603,0.0
GA-04,Safe D,0.0,355545.66,0.0,0.0
GA-05,Safe D,5.644866279366034e-06,442858.95,0.0,0.0
GA-06,Safe R,0.00461306526533855,1088802.25,322081.91233406565,0.0
GA-07,Likely D,2.656982287293035,73963.52,3623391.6343329316,59009487.8183864
GA-08,Safe R,0.11276694110819295,24002.84,930.2080480398654,0.0
GA-09,Safe R,0.052969600714168404,109319.08,10098.978186049018,0.0
GA-10,Safe R,0.05265133773497066,197113.42,23827.857012822293,0.0
GA-11,Safe R,0.15587031211926286,40963.65,3775.8826147927466,0.0
GA-12,Likely R,0.7375088546074148,24535.91,15282.234948384346,0.0
GA-13,Safe D,0.0,1044790.75,0.0,0.0
GA-14,Safe R,0.0020041031586696297,7824774.88,0.0,0.0
HI-01,Safe D,0.0,336021.52,0.0,0.0
HI-02,Safe D,0.009487575288876197,547832.1,70563.7696602504,0.0
IA-01,Likely R,0.06458860979424978,1418406.06,8287821.015458195,0.0
IA-02,Lean R,0.09974207078029532,633389.3,3642419.886555099,0.0
IA-03,Lean R,0.07662213221139436,1186604.74,6295813.935358231,0.0
IA-04,Safe R,0.07850073009466212,61895.2,3432.359784389373,0.0
ID-01,Safe R,0.06605180661151558,134248.47,25304.0232961585,0.0
ID-02,Safe R,0.2036237583549173,30477.4,3659.77969190319,0.0
IL-01,Safe D,0.00018268091650904626,316331.74,0.0,0.0
IL-02,Safe D,2.64731771203821e-05,2470319.03,0.0,0.0
IL-03,Safe D,4.7934772466584064e-05,793478.13,0.0,0.0
IL-04,Safe D,0.0,365281.46,0.0,0.0
IL-05,Safe D,0.0,584763.14,0.0,0.0
IL-06,Likely D,0.01800636014643426,1307539.58,562439.5765577029,0.0
IL-07,Safe D,0.0,2121254.15,0.0,0.0
IL-08,Likely D,0.005346039084100724,3010734.65,320657.441982558,0.0
IL-09,Safe D,7.4013935597891e-05,3829011.69,0.0,0.0
IL-10,Safe D,1.0342120781180574e-05,1889964.83,0.0,0.0
IL-11,Likely D,0.016780794156553456,1043650.12,386694.0381363811,0.0
IL-12,Safe R,0.028732242952047193,74828.62,1510.164809268419,0.0
IL-13,Likely D,0.007661880642438977,1633383.24,379867.38044727524,0.0
IL-14,Likely D,0.003014568191716243,1690021.28,49021.817765124375,0.0
IL-15,Safe R,0.006004413672969429,83103.55,2583.961762339648,0.0
IL-16,Safe R,0.0772252800526173,77336.28,6750.3624098442815,0.0
IL-17,Lean D,0.050279175083943334,784997.4,653980.1822116243,0.0
IN-01,Likely D,0.11618712007824657,873154.31,1065757.3202381304,0.0
IN-02,Safe R,0.038462454927070566,141897.69,8778.155167932884,0.0
IN-03,Safe R,0.03973269762041638,84576.47,3068.07981191641,0.0
IN-04,Safe R,0.11207592261716229,7594.79,79.50576230818206,0.0
IN-05,Safe R,0.18589393896973944,158090.15,159057.91950743055,0.0
IN-06,Safe R,0.034165356371008725,18634.66,96.15886802611203,0.0
IN-07,Safe D,0.0,682772.08,0.0,0.0
IN-08,Safe R,0.10924981759686682,71314.16,10582.551320605126,0.0
IN-09,Safe R,0.09088762489270125,171141.59,58487.72719029663,0.0
KS-01,Safe R,0.15928305393633058,32967.12,3161.8257289328903,0.0
KS-02,Safe R,0.19873024189182129,332706.85,2706889.3564257463,0.0
KS-03,Toss-Up,0.0007293024379116807,1905382.38,0.0,0.0
KS-04,Safe R,0.11131414770198267,41992.12,3055.612215170295,0.0
KY-01,Safe R,0.007780699404375372,68318.45,121.55037928253296,0.0
KY-02,Safe R,0.0043149201087976105,58437.33,20.403243680084415,0.0
KY-03,Safe D,0.0002352736891161697,986553.4,0.0,0.0
KY-04,Safe R,0.0016488549742507705,56028.98,0.0,0.0
KY-05,Safe R,0.0016125602001769033,32060.16,3.637978807091713e-12,0.0
KY-06,Likely R,0.055754367449257436,678139.83,447190.9879397667,0.0
LA-01,Safe R,0.0002560429388876304,49058.75,0.0,0.0
LA-02,Safe D,4.546981200906859e-06,1174020.88,0.0,0.0
LA-03,Safe R,0.013633004923747277,4364.94,1.1051011396275499,0.0
LA-04,Safe R,0.009075266463614558,112673.65,477.25114601461974,0.0
LA-05,Safe R,0.027308892029851085,40387.57,288.6648633492223,0.0
LA-06,Safe R,1.2138997413963468,237836.64,2314941.6471832735,0.0
MA-01,Safe D,0.0009635802429215822,1580414.0,0.0,0.0
MA-02,Safe D,0.0,646932.33,0.0,0.0
MA-03,Safe D,7.719628140739305e-07,1067021.88,0.0,0.0
MA-04,Safe D,0.0,914678.35,0.0,0.0
MA-05,Safe D,0.0,2773065.81,0.0,0.0
MA-06,Safe D,0.0003208145706954812,2774289.48,0.0,0.0
MA-07,Safe D,0.0,894648.84,0.0,0.0
MA-08,Safe D,0.0,479078.91,0.0,0.0
MA-09,Likely D,0.0452801944785447,450719.22,281791.179689439,0.0
MD-01,Safe R,0.10949888148961462,586519.62,2732841.9978687786,0.0
MD-02,Likely D,0.003933534881682889,516082.86,56772.09074854641,0.0
MD-03,Safe D,0.00016567286121634445,779931.59,0.0,0.0
MD-04,Safe D,0.0,487017.99,0.0,0.0
MD-05,Safe D,2.8888215612366518e-05,5140533.67,0.0,0.0
MD-06,Toss-Up,0.0011589714498935982,8131885.96,0.0,0.0
MD-07,Safe D,0.0,303037.65,0.0,0.0
MD-08,Safe D,6.332025540676662e-06,4314797.77,0.0,0.0
ME-01,Safe D,0.040735255403605716,358424.79,177260.50429031468,0.0
ME-02,Likely R,0.00499355297764643,5284721.27,1972884.821791538,0.0
MI-01,Safe R,0.2688326660851358,112145.63,140391.58410204935,0.0
MI-02,Safe R,0.08079567882963373,25029.12,631.2922686662787,0.0
MI-03,Lean D,0.0019473350085814029,1026922.15,0.0,0.0
MI-04,Likely R,0.22145282655286633,522934.26,5272436.725259907,0.0
MI-05,Safe R,0.013041697587848303,5440.91,1.6871623048118636,0.0
MI-06,Safe D,0.0,855095.68,0.0,0.0
MI-07,Lean R,0.13735802748309345,962108.5,7803518.649823934,0.0
MI-08,Lean D,0.12410130453942977,966935.95,1659336.9584872473,0.0
MI-09,Safe R,0.00015787134522420154,3262.07,3.637978807091713e-12,0.0
MI-10,Lean R,0.21714245340276428,572441.46,5371310.798426793,0.0
MI-11,Likely D,0.0001461969520877936,2317187.2,0.0,0.0
MI-12,Safe D,1.7267851804274068e-06,1864791.09,0.0,0.0
MI-13,Safe D,1.7841887243683282e-05,542968.69,0.0,0.0
MN-01,Likely R,0.12607048729977569,650790.75,4396239.738920011,0.0
MN-02,Lean D,0.03538188358473065,1426426.16,1137861.0041023514,0.0
MN-03,Likely D,0.008337799614649375,707238.86,171546.19013612624,0.0
MN-04,Safe D,9.209949439500713e-05,930092.47,0.0,0.0
MN-05,Safe D,0.0012373609018918109,3842103.46,0.0,0.0
MN-06,Safe R,0.029487356186682804,142547.45,5822.007898026466,0.0
MN-07,Safe R,0.10253732972030048,116641.68,32692.158753064286,0.0
MN-08,Safe R,0.5154136275696586,33353.46,17850.264585144316,0.0
MO-01,Safe D,0.0,1100409.21,0.0,0.0
MO-02,Likely R,0.16017969074751534,562187.07,3984125.385209304,0.0
MO-03,Safe R,0.1958840878066905,23173.13,1907.1375791394348,0.0
MO-04,Safe R,0.05490999472219024,140630.83,20090.302317984635,0.0
MO-05,Safe D,0.028640129400069735,767494.75,246241.3881820885,0.0
MO-06,Safe R,0.09474449686989496,38898.72,1680.4377282670976,0.0
MO-07,Safe R,0.005906736985675429,14991.63,2.782706587731809,0.0
MO-08,Safe R,3.829025831911551e-05,7351.59,0.0,0.0
MS-01,Safe R,0.08144480409925615,306466.42,340779.8537199895,0.0
MS-02,Safe D,0.03560955639395293,819626.12,276524.3149824502,0.0
MS-03,Safe R,0.3690001101375794,84792.03,158549.12299807498,0.0
MS-04,Safe R,0.000458986804164026,1711.6,6.366462912410498e-12,0.0
MT-01,Likely R,0.13720097995194383,551915.23,3672998.4942002757,0.0
MT-02,Safe R,0.01364704224482887,11927.36,9.074086543876547,0.0
NC-01,Lean D,0.3929872865211649,622856.51,442361.8084264344,0.0
NC-02,Safe D,0.00029152077925487853,802866.76,0.0,0.0
NC-03,Safe R,0.12667414437841606,273730.75,441697.96986190975,0.0
NC-04,Safe D,0.00012555193458657906,1024276.73,0.0,0.0
NC-05,Safe R,0.1618184408376219,244387.65,459642.74441229086,0.0
NC-06,Lean D,1.1582785897568044,154709.95,4122654.2741517713,0.0
NC-07,Safe R,0.4176062109766681,151923.5,810065.7773718368,0.0
NC-08,Safe R,0.08556402763878167,248282.83,246480.6273460425,0.0
NC-09,Likely R,0.05780944106911607,1697654.74,7338875.432672517,0.0
NC-10,Safe R,0.038503792588002864,29455.56,306.32761457685046,0.0
NC-11,Safe R,0.1254758781666283,575614.32,3803910.457749142,0.0
NC-12,Safe D,0.003709559597499017,442512.64,26564.270420219982,0.0
NC-13,Toss-Up,0.1760032156909287,1277986.16,3046879.10400219,0.0
NC-14,Lean D,2.363882998495948,78435.15,3482677.6833923804,59009487.8183864
ND-00,Safe R,0.04396899069020299,82463.4,3488.0320281734894,0.0
NE-01,Safe R,0.36509138690564374,162012.27,768901.6536232142,0.0
NE-02,Toss-Up,0.07688332144837483,1294016.03,6267329.869151318,0.0
NE-03,Safe R,0.0017246312356016134,30937.22,0.0,0.0
NH-01,Lean D,0.0017755127211095604,6044770.26,0.0,0.0
NH-02,Lean D,0.08920217991898821,984208.3,1192258.3549196988,0.0
NJ-01,Safe D,4.8609248873953606e-05,965685.18,0.0,0.0
NJ-02,Likely R,0.20007994332441756,585191.21,5577767.161847532,0.0
NJ-03,Likely D,0.007575023785102022,895740.35,231624.7212459765,0.0
NJ-04,Safe R,0.27254316277150725,17715.39,1674.7673464602922,0.0
NJ-05,Likely D,6.137366631225545e-05,12628177.86,0.0,0.0
NJ-06,Safe D,5.6499600797820655e-05,1755602.55,0.0,0.0
NJ-07,Lean R,0.028769307945185854,2469069.53,6064486.351477817,0.0
NJ-08,Safe D,0.0,1078528.01,0.0,0.0
NJ-09,Safe D,0.03963985764358276,970111.94,416406.932142823,0.0
NJ-10,Safe D,1.841386229065218e-06,1373520.74,0.0,0.0
NJ-11,Lean D,0.03125938586412341,1497715.96,3462349.208986122,0.0
NJ-12,Safe D,0.00934264167303509,718239.47,571596.7418776201,0.0
NM-01,Lean D,0.005199805957692331,1053651.63,411393.4228292508,0.0
NM-02,Lean D,0.034637425686630106,1239653.96,870349.5305219563,0.0
NM-03,Likely D,0.0035846490940942654,2067025.86,130258.16847192426,0.0
NV-01,Likely D,1.6241367338712371,311402.4,1936385.4437877936,39339658.54559081
NV-02,Likely R,0.11603927292406936,836054.59,4710723.651101992,0.0
NV-03,Lean D,0.06706461659478155,1965602.58,2114347.374958443,0.0
NV-04,Likely D,0.02273066592614405,1703392.14,819536.0972614579,0.0
NY-01,Likely R,0.2949206325884395,434125.46,5301015.85673461,0.0
NY-02,Likely R,0.35410021435373157,345251.95,4529121.634119707,0.0
NY-03,Lean D,0.034454299458642486,1535358.87,1052153.3920713784,0.0
NY-04,Lean D,0.01184309178847739,1188925.83,1282742.971538771,0.0
NY-05,Safe D,0.0,1854341.85,0.0,0.0
NY-06,Safe D,3.7574273009202536e-06,1626255.13,0.0,0.0
NY-07,Safe D,0.0,928623.07,0.0,0.0
NY-08,Safe D,0.0,14002284.76,0.0,0.0
NY-09,Safe D,5.5336971033932e-05,940581.9,0.0,0.0
NY-10,Safe D,0.0,7192469.79,0.0,0.0
NY-11,Likely R,0.5524333361463634,127187.81,806634.4120033609,0.0
NY-12,Safe D,2.0506366869937963e-05,5734432.04,0.0,0.0
NY-13,Safe D,0.0,1537250.19,0.0,0.0
NY-14,Safe D,2.3302852630828372e-05,18890836.7,0.0,0.0
NY-15,Safe D,0.0,3543208.41,0.0,0.0
NY-16,Safe D,0.00013021898222288889,587833.32,0.0,0.0
NY-17,Toss-Up,0.00334013698478764,11707132.24,1424340.6341121327,0.0
NY-18,Lean D,0.0003616677474516433,1684536.86,0.0,0.0
NY-19,Lean D,0.06487442757590249,1484272.23,2014325.5231955363,0.0
NY-20,Likely D,0.0008497329425038075,1043496.79,0.0,0.0
NY-21,Likely R,0.0305470228403014,2977474.92,6847669.822484026,0.0
NY-22,Lean D,0.005073197957918787,904629.37,277650.53717774583,0.0
NY-23,Safe R,0.21641104989204446,172146.79,300334.709287495,0.0
NY-24,Safe R,0.15264285395061233,164356.16,117842.14447353713,0.0
NY-25,Likely D,0.0011395461697457894,1558741.71,0.0,0.0
NY-26,Safe D,0.0,1368396.48,0.0,0.0
OH-01,Lean D,0.20655779053334306,885776.12,1825015.2712022378,0.0
OH-02,Safe R,0.004035672328687306,983.0,0.003049038907420254,0.0
OH-03,Safe D,0.0,926537.63,0.0,0.0
OH-04,Safe R,1.7716679259440999e-06,1162.43,6.821210263296962e-13,0.0
OH-05,Safe R,0.03612808039563984,7551.26,16.13902978234546,0.0
OH-06,Safe R,0.1440940266186127,19776.81,865.4064522443223,0.0
OH-07,Likely R,0.4076087706504454,237600.08,2904376.4812501986,0.0
OH-08,Safe R,0.3596051718551276,32422.95,9977.807833638766,0.0
OH-09,Toss-Up,0.41147021332781475,741277.12,2969091.5023196805,0.0
OH-10,Likely R,0.9879120467290006,112084.08,2264741.025911828,0.0
OH-11,Safe D,0.0003508784000733535,692383.49,0.0,0.0
OH-12,Safe R,0.09313113012526213,513420.7,1704310.7476099872,0.0
OH-13,Lean D,0.0035436187267347537,1065271.87,109251.18138284585,0.0
OH-14,Safe R,0.3365446439658457,13979.43,1346.4655058648768,0.0
OH-15,Likely R,0.20998740556081952,513420.7,4860458.429617372,0.0
OK-01,Safe R,0.05919947666482654,83758.19,4345.902306352698,0.0
OK-02,Safe R,0.006495189127548304,72224.11,95.67204801314801,0.0
OK-03,Safe R,9.119708472686274e-06,434.18,1.1368683772161603e-12,0.0
OK-04,Safe R,0.008621510811210055,57740.75,104.40154282367439,0.0
OK-05,Safe R,0.1363511925224093,401844.65,1665538.1976823374,0.0
OR-01,Safe D,2.8055679458596183e-05,640487.85,0.0,0.0
OR-02,Safe R,0.26349037064657593,61831.72,30318.842392112972,0.0
OR-03,Safe D,4.069568570350247e-05,750310.65,0.0,0.0
OR-04,Likely D,0.09100594854599892,643275.76,634924.5713867636,0.0
OR-05,Lean D,0.050223512784631295,934060.57,977589.9257767306,0.0
OR-06,Likely D,0.006967316912732223,831873.52,219764.63752397336,0.0
PA-01,Toss-Up,0.1781162299922418,869693.58,8403282.94971718,0.0
PA-02,Safe D,3.800048414193156e-05,688759.9,0.0,0.0
PA-03,Safe D,4.959194796609069e-07,904524.23,0.0,0.0
PA-04,Likely D,6.914801852868902e-06,922768.92,0.0,0.0
PA-05,Safe D,0.00030686928320389456,756595.96,0.0,0.0
PA-06,Likely D,0.020224990451485833,899191.62,401307.8405815688,0.0
PA-07,Lean R,0.06317969624553679,1419749.01,6688623.694168476,0.0
PA-08,Likely R,0.1430017114175767,852243.1,6815869.391855952,0.0
PA-09,Safe R,0.026578931876610434,227037.55,15575.860165649821,0.0
PA-10,Likely R,0.07815336360783652,1357722.71,7518919.660897066,0.0
PA-11,Safe R,0.15342887969246352,138212.91,81719.24534711204,0.0
PA-12,Likely D,0.0019771558409582396,668865.18,0.0,0.0
PA-13,Safe R,0.003666530463153949,21011.0,1.3302323143871035,0.0
PA-14,Safe R,0.011782020097966838,87623.63,449.93769221591356,0.0
PA-15,Safe R,0.0043632970394122785,16132.92,1.4680901228766743,0.0
PA-16,Safe R,0.26613767692837126,34234.04,6968.067518308577,0.0
PA-17,Lean D,0.0004012047353987382,1785870.76,0.0,0.0
RI-01,Safe D,4.317251633718121e-05,540891.99,0.0,0.0
RI-02,Likely D,0.5023371886778084,419690.89,1228368.7572132624,0.0
SC-01,Likely R,0.05562111338395308,1353669.9,5201886.32152598,0.0
SC-02,Safe R,0.7396875032302485,27781.68,21036.30368859563,0.0
SC-03,Safe R,0.07635791985445975,15254.45,204.56830313859246,0.0
SC-04,Safe R,0.1962088765058375,20040.45,1372.7902326316034,0.0
SC-05,Safe R,0.6415428509185244,54705.66,75662.42327448174,0.0
SC-06,Safe D,0.00019138575480725977,1282168.97,0.0,0.0
SC-07,Safe R,0.20843737488708108,208270.56,449923.1091534186,0.0
SD-00,Safe R,0.034426363009939336,110642.3,3487.794565636723,0.0
TN-01,Safe R,0.004521329510724316,26239.9,4.433058575585164,0.0
TN-02,Safe R,0.07517043931293278,159963.2,38835.10740913631,0.0
TN-03,Safe R,0.016789733340566226,4437.51,1.6281332968655988,0.0
TN-04,Safe R,0.04405568018532968,383404.32,463781.9278800111,0.0
TN-05,Safe R,0.12790586493553183,551473.2,3667659.6106084315,0.0
TN-06,Safe R,0.0016721540098939404,48171.62,0.0,0.0
TN-07,Safe R,0.11327734759865495,515007.67,996907.84873643,0.0
TN-08,Safe R,0.0002953289586585032,1427.91,1.8189894035458565e-12,0.0
TN-09,Safe D,0.00019928128084442234,718433.61,0.0,0.0
TX-01,Safe R,0.002788582670624872,18837.51,0.09974924542984809,0.0
TX-02,Safe R,0.030716773960743793,1017792.86,764723.8507017886,0.0
TX-03,Safe R,0.08701618345978764,623966.87,3062060.121618879,0.0
TX-04,Safe R,0.13700534770008352,10905.87,225.90408008898703,0.0
TX-05,Safe R,0.18046060281057752,16988.71,854.9131314673104,0.0
TX-06,Safe R,0.00687772574589186,15751.88,4.515681710287026,0.0
TX-07,Safe D,0.0391493017134049,795424.58,243588.86590350454,0.0
TX-08,Safe R,0.0123451857532076,11564.53,5.975090360889226,0.0
TX-09,Safe D,0.07551542154838556,421710.44,375665.4454765503,0.0
TX-10,Safe R,0.09354905873581658,188133.75,70700.7648855478,0.0
TX-11,Safe R,0.002576943259523986,31164.86,0.0,0.0
TX-12,Safe R,0.16456046954918646,10556.15,273.28674250066433,0.0
TX-13,Safe R,0.0029241888598666105,44604.58,1.3875378940210794,0.0
TX-14,Safe R,0.14702624957698968,26019.1,1621.054249383531,0.0
TX-15,Toss-Up,0.11471731676942663,1259300.94,8470140.837239446,0.0
TX-16,Safe D,0.0005631347220541823,557794.53,0.0,0.0
TX-17,Safe R,0.2572326907225749,19017.76,1804.660916301531,0.0
TX-18,Safe D,9.569668061556056e-06,3145794.38,0.0,0.0
TX-19,Safe R,0.004467375741637488,12557.01,0.7758125573345751,0.0
TX-20,Safe D,0.007189686813577275,365689.34,43153.45084073488,0.0
TX-21,Safe R,0.07186968887843634,106142.91,9731.256657718084,0.0
TX-22,Safe R,0.6843482487134588,40531.26,38134.79929847556,0.0
TX-23,Lean R,0.31261232188670307,98534.36,81470.47072502987,0.0
TX-24,Safe R,0.20071664119000623,186600.33,288098.34247483907,0.0
TX-25,Safe R,0.07730458031245152,79054.94,7664.132835113851,0.0
TX-26,Safe R,0.06289479862054159,122059.06,13637.173668933508,0.0
TX-27,Safe R,0.2564578585163907,114770.46,136292.02169161558,0.0
TX-28,Likely D,0.0656173045631672,904427.24,697837.8888640117,0.0
TX-29,Safe D,0.0,1099257.73,0.0,0.0
TX-30,Safe D,5.356615981335137e-05,9445643.5,0.0,0.0
TX-31,Safe R,0.11996401851935527,207544.45,158926.58154019644,0.0
TX-32,Safe D,1.9976211283264564,104350.0,4439852.862998951,59009487.8183864
TX-33,Safe D,1.0738440233990714e-05,6175184.89,0.0,0.0
TX-34,Safe D,0.1920759121930789,1293846.99,1987080.829391868,0.0
TX-35,Safe D,0.11581877412845377,302019.98,552750.4156179428,0.0
TX-36,Safe R,0.10277868970242583,201056.61,144567.12033398525,0.0
TX-37,Safe D,0.007675707586248464,705499.35,335186.2688813425,0.0
TX-38,Safe R,0.06002215036596546,134273.87,12379.132737819658,0.0
UT-01,Safe R,0.008318107805666726,1245386.88,965143.4163052058,0.0
UT-02,Safe R,0.0721164597170836,20327.33,350.8522372491316,0.0
UT-03,Safe R,0.10301081806155621,20327.33,573.2971660582152,0.0
UT-04,Safe R,0.20709830114222888,29857.4,2860.4214830344063,0.0
VA-01,Likely R,0.21182044213964915,477784.52,4477314.013278771,0.0
VA-02,Lean R,0.19013922129397365,576428.73,6464185.550115474,0.0
VA-03,Safe D,7.785400368427892e-05,420083.5,0.0,0.0
VA-04,Safe D,4.137208348589696e-08,817336.26,0.0,0.0
VA-05,Likely R,0.2929632907666188,340427.08,3580985.939078974,0.0
VA-06,Safe R,0.1267633043702861,379596.46,1434933.0301924653,0.0
VA-07,Lean D,0.0010006096028024006,4541406.43,0.0,0.0
VA-08,Safe D,9.972516322448074e-06,1429766.06,0.0,0.0
VA-09,Safe R,0.011158510403218667,28446.45,38.1668164412622,0.0
VA-10,Likely D,0.13057951515002855,476146.5,515753.8109688759,0.0
VA-11,Safe D,0.0012436051994706807,2582507.83,0.0,0.0
VT-00,Safe D,0.003377180588613491,367647.04,13567.750973196176,0.0
WA-01,Safe D,1.8007992750257843e-05,2427787.77,0.0,0.0
WA-02,Safe D,0.0,1101991.6,0.0,0.0
WA-03,Toss-Up,0.0601338961097888,1119396.21,1828728.391126248,0.0
WA-04,Safe R,0.5598236909516076,24521.61,7830.914363208023,0.0
WA-05,Safe R,0.4947630436502631,164611.05,1728956.9850821462,0.0
WA-06,Likely D,0.00014545216265081064,772856.86,0.0,0.0
WA-07,Safe D,2.6451833148773583e-07,2053008.72,0.0,0.0
WA-08,Lean D,0.0022627762643654954,982947.87,0.0,0.0
WA-09,Safe D,0.0,852274.96,0.0,0.0
WA-10,Likely D,0.0,939436.27,0.0,0.0
WI-01,Lean R,0.4708930030566404,286071.2,4666461.9123640265,0.0
WI-02,Safe D,0.00018743543276922647,672984.03,0.0,0.0
WI-03,Likely R,0.05197001886184778,2077081.69,8424862.152292795,0.0
WI-04,Safe D,2.99698562767422e-05,795038.2,0.0,0.0
WI-05,Safe R,0.16886425068367353,7527.13,137.65061359711672,0.0
WI-06,Safe R,0.7390966884675267,44015.37,74827.10663623078,0.0
WI-07,Safe R,0.21471254839647277,118042.32,70928.3308667849,0.0
WI-08,Safe R,0.6678650226994398,73626.59,304576.3876628373,0.0
WV-01,Safe R,0.02244203370705981,157426.19,5276.956002878607,0.0
WV-02,Safe R,0.05604525877802659,53200.2,1986.2236501390726,0.0
WY-00,Safe R,1.1701400208379703e-06,360.0,1.1539214028744027e-11,0.0
