district_id,cook_rating,incumb_status,pvi,cand_d_total,r_total,outspent_ratio,indiv_share,msg_i_per_1m,model_recommended_party_dollars,model_party_share_pct,weak_fundraising,low_grassroots_support,severely_outspent,deep_structural_pvi,n_flags,explicable_by_observables,marginal_model_conviction
CA-27,Lean D,Challenger,4.06,4067087.0,12212687.0,3.0,0.811,0.032769,5646057.0,1.753,False,False,True,False,1,True,False
CA-40,Lean R,Challenger,-2.35,3684773.0,10646366.0,2.89,0.811,0.028484,4340822.0,1.348,False,False,False,False,0,False,False
IA-01,Likely R,Challenger,-3.24,3168098.0,5861768.0,1.85,0.852,0.031266,3902997.0,1.212,False,False,False,False,0,False,False
PA-01,Toss-Up,Challenger,-0.33,964394.0,3380066.0,3.5,0.947,0.083999,3871816.0,1.202,True,False,True,False,2,True,False
IA-02,Likely R,Challenger,-4.04,4209079.0,8389234.0,1.99,0.898,0.023374,3619258.0,1.124,False,False,False,False,0,False,False
NJ-03,Likely D,Incumbent,4.32,7536465.0,8001390.0,1.06,0.81,0.033403,3305686.0,1.027,False,False,False,False,0,False,False
CA-03,Likely R,Challenger,-4.26,3230693.0,3836192.0,1.19,0.868,0.025482,3216129.0,0.999,False,False,False,False,0,False,False
WI-01,Lean R,Challenger,-2.91,814276.0,2493791.0,3.06,0.913,0.130377,3110270.0,0.966,True,False,True,False,2,True,False
FL-15,Likely R,Challenger,-3.49,856713.0,1881158.0,2.2,0.905,0.119366,3044153.0,0.945,True,False,False,False,1,True,False
FL-07,Lean R,Incumbent,-5.12,1690269.0,3117367.0,1.84,0.389,0.266447,2782775.0,0.864,True,True,False,False,2,True,False
NY-11,Likely R,Challenger,-5.64,4091798.0,4614770.0,1.13,0.88,0.019755,2712179.0,0.842,False,False,False,False,0,False,False
AZ-09,Safe R,Incumbent,-15.97,2332395.0,854966.0,0.37,0.752,0.063917,2710839.0,0.842,True,False,False,True,2,True,False
TN-05,Likely R,Incumbent,-9.1,1428067.0,2337836.0,1.64,0.628,0.198398,2515699.0,0.781,True,True,False,False,2,True,False
OH-15,Likely R,Open,-6.12,978557.0,2385183.0,2.44,0.824,0.094824,2405883.0,0.747,True,False,False,False,1,True,False
NY-01,Likely R,Challenger,-3.69,2679870.0,1717410.0,0.64,0.876,0.026009,2398937.0,0.745,True,False,False,False,1,True,False
VA-05,Likely R,Challenger,-6.76,861816.0,1208651.0,1.4,0.893,0.09193,2367116.0,0.735,True,False,False,False,1,True,False
MI-10,Likely R,Challenger,-3.34,1054077.0,7094441.0,6.73,0.873,0.079755,2360470.0,0.733,True,False,True,False,2,True,False
PA-04,Likely D,Incumbent,6.72,1925680.0,2501413.0,1.3,0.507,0.17432,2226860.0,0.692,True,True,False,False,2,True,False
SC-01,Likely R,Challenger,-7.79,1982884.0,5805804.0,2.93,0.984,0.036551,2184747.0,0.678,True,False,False,False,1,True,False
NE-01,Safe R,Challenger,-9.41,1757282.0,2188179.0,1.25,0.985,0.03685,2135674.0,0.663,True,False,False,False,1,True,False
MN-01,Likely R,Open,-7.85,2582636.0,1773954.0,0.69,0.34,0.024749,2124500.0,0.66,True,True,False,False,2,True,False
GA-01,Safe R,Challenger,-9.34,1391152.0,2015646.0,1.45,0.918,0.047633,2086223.0,0.648,True,False,False,False,1,True,False
WI-08,Safe R,Open,-10.17,1744637.0,1381791.0,0.79,0.952,0.035934,2004232.0,0.622,True,False,False,False,1,True,False
CA-23,Safe R,Challenger,-8.14,942608.0,759890.0,0.81,0.967,0.061221,1979200.0,0.615,True,False,False,False,1,True,False
NC-11,Safe R,Challenger,-8.23,2326322.0,1491977.0,0.64,0.958,0.024631,1918663.0,0.596,True,False,False,False,1,True,False
CA-48,Safe R,Challenger,-10.1,1285548.0,2013253.0,1.57,0.859,0.047975,1852303.0,0.575,True,False,False,False,1,True,False
KS-02,Safe R,Challenger,-10.92,1106479.0,1214489.0,1.1,0.888,0.050854,1698583.0,0.527,True,False,False,False,1,True,False
TX-32,Safe D,Incumbent,13.57,1642113.0,2386122.0,1.45,0.794,0.199108,1680451.0,0.522,True,False,False,False,1,True,False
TX-23,Likely R,Challenger,-4.59,674875.0,4645574.0,6.88,0.894,0.112585,1572051.0,0.488,True,False,True,False,2,True,True
FL-02,Likely R,Incumbent,-7.57,946381.0,2013250.0,2.13,0.374,0.428937,1568625.0,0.487,True,True,False,False,2,True,True
NJ-02,Likely R,Challenger,-4.76,487474.0,2831987.0,5.81,0.896,0.163493,1552889.0,0.482,True,False,True,False,2,True,True
MN-08,Safe R,Challenger,-8.04,655342.0,2053768.0,3.13,0.871,0.106383,1533616.0,0.476,True,False,True,False,2,True,True
FL-25,Safe D,Incumbent,10.65,1920982.0,2052370.0,1.07,0.668,0.127437,1459436.0,0.453,True,False,False,False,1,True,True
MD-01,Safe R,Challenger,-11.51,2765613.0,2151528.0,0.78,0.942,0.017569,1401785.0,0.435,False,False,False,False,0,False,True
MO-02,Likely R,Challenger,-7.99,905770.0,3785002.0,4.18,0.83,0.070652,1378582.0,0.428,True,False,True,False,2,True,True
OK-05,Safe R,Incumbent,-12.64,1982504.0,4707428.0,2.37,0.952,0.154744,1369751.0,0.425,True,False,False,False,1,True,True
FL-22,Likely D,Incumbent,7.93,1821734.0,1630218.0,0.89,0.588,0.11657,1350317.0,0.419,True,True,False,False,2,True,True
IL-11,Likely D,Incumbent,5.09,6263262.0,3900728.0,0.62,0.67,0.023147,1339090.0,0.416,False,False,False,False,0,False,True
VA-10,Likely D,Incumbent,4.93,5764903.0,3437853.0,0.6,0.679,0.022052,1263786.0,0.392,False,False,False,False,0,False,True
CA-01,Safe R,Challenger,-12.44,611214.0,685661.0,1.12,0.977,0.080942,1226421.0,0.381,True,False,False,False,1,True,True
NY-21,Safe R,Challenger,-9.05,2424511.0,10575733.0,4.36,0.98,0.021408,1221040.0,0.379,True,False,True,False,2,True,True
PA-16,Safe R,Challenger,-12.69,860293.0,1380130.0,1.6,0.505,0.056802,1143179.0,0.355,True,True,False,False,2,True,True
NC-06,Likely D,Incumbent,4.16,3149872.0,1704837.0,0.54,0.758,0.03861,1111826.0,0.345,False,False,False,False,0,False,True
MI-06,Safe D,Incumbent,10.54,1599861.0,1409451.0,0.88,0.402,0.114963,1053552.0,0.327,True,True,False,False,2,True,True
NY-20,Likely D,Incumbent,6.38,1863435.0,1230184.0,0.66,0.419,0.079685,1038128.0,0.322,True,True,False,False,2,True,True
CA-05,Safe R,Challenger,-8.89,462049.0,1707260.0,3.69,0.075,0.131831,1007407.0,0.313,True,True,True,False,3,True,True
CA-36,Safe D,Incumbent,21.38,2660136.0,3154122.0,1.19,0.637,0.069974,993398.0,0.308,True,True,False,True,3,True,True
MT-01,Likely R,Challenger,-6.65,3088635.0,998976.0,0.32,0.957,0.013482,960859.0,0.298,False,False,False,False,0,False,True
NC-07,Safe R,Challenger,-8.25,337005.0,1308428.0,3.88,0.09,0.190238,959302.0,0.298,True,True,True,False,3,True,True
CT-02,Lean D,Incumbent,2.13,2525036.0,1106519.0,0.44,0.466,0.038905,954375.0,0.296,True,True,False,False,2,True,True
CA-06,Likely D,Incumbent,7.58,1839781.0,1157631.0,0.63,0.465,0.071038,887810.0,0.276,True,True,False,False,2,True,True
OH-14,Safe R,Challenger,-9.04,375831.0,1442817.0,3.84,0.407,0.156108,863049.0,0.268,True,True,True,False,3,True,True
FL-28,Toss-Up,Open,0.74,123519.0,1478541.0,11.97,0.595,0.511539,840246.0,0.261,True,True,True,False,3,True,True
GA-12,Likely R,Challenger,-7.63,193938.0,778378.0,4.01,0.945,0.349019,825571.0,0.256,True,False,True,False,2,True,True
PA-10,Likely R,Challenger,-5.33,412696.0,3678453.0,8.91,0.906,0.130702,820132.0,0.255,True,False,True,False,2,True,True
NC-04,Safe D,Challenger,16.04,1125310.0,445981.0,0.4,0.803,0.026524,772058.0,0.24,True,False,False,True,2,True,True
WA-04,Safe R,Challenger,-11.86,752779.0,2548413.0,3.39,0.981,0.059472,691310.0,0.215,True,False,True,False,2,True,True
VA-01,Likely R,Challenger,-6.88,265658.0,1842095.0,6.93,0.978,0.215703,617021.0,0.192,True,False,True,False,2,True,True
ME-01,Safe D,Incumbent,8.05,618990.0,445248.0,0.72,0.506,0.251696,612947.0,0.19,True,True,False,False,2,True,True
MD-03,Safe D,Incumbent,8.51,740296.0,500293.0,0.68,1.0,0.187849,603203.0,0.187,True,False,False,False,1,True,True
TN-09,Safe D,Incumbent,22.63,313773.0,549265.0,1.75,0.219,0.99071,527282.0,0.164,True,True,False,True,3,True,True
MI-01,Safe R,Challenger,-12.86,578257.0,1972974.0,3.41,0.917,0.068158,490819.0,0.152,True,False,True,False,2,True,True
KY-03,Likely D,Open,8.08,2867875.0,621241.0,0.22,0.798,0.010977,462035.0,0.143,False,False,False,False,0,False,True
MI-05,Safe R,Challenger,-14.54,161457.0,247292.0,1.53,0.542,0.200419,461823.0,0.143,True,True,False,False,2,True,True
MD-02,Likely D,Incumbent,6.59,1390058.0,500122.0,0.36,0.352,0.042832,435721.0,0.135,True,True,False,False,2,True,True
FL-09,Safe D,Incumbent,9.59,1445548.0,630945.0,0.44,0.362,0.045489,424218.0,0.132,True,True,False,False,2,True,True
FL-23,Lean D,Challenger,5.29,1670074.0,230559.0,0.14,0.652,0.012142,422077.0,0.131,True,True,False,False,2,True,True
FL-14,Safe D,Incumbent,8.86,1658329.0,654225.0,0.39,0.604,0.036186,409196.0,0.127,True,True,False,False,2,True,True
MN-05,Safe D,Incumbent,29.53,3227971.0,3207653.0,0.99,0.866,0.029288,389570.0,0.121,False,False,False,True,1,True,True
MD-07,Safe D,Incumbent,30.23,309659.0,588222.0,1.9,0.412,0.875384,385236.0,0.12,True,True,False,True,3,True,True
PA-05,Safe D,Incumbent,13.94,1512235.0,734779.0,0.49,0.574,0.04012,331823.0,0.103,True,True,False,False,2,True,True
TX-03,Safe R,Open,-12.26,447510.0,2729874.0,6.1,0.333,0.094915,324927.0,0.101,True,True,True,False,3,True,True
