district_id,state,district,cook_rating,incumb_status,pvi,d_total,r_total,ratio,mu_hat,sigma_i,p_win,msg_i_per_1m,recommended_share,observed_share,difference,outcome,redistricting_flagged
GA-07,GA,7,Likely D,Challenger,8.481636073280551,19514.49,1720388.99,0.01121584629510598,-16.376,6.683,0.0071,0.862302,0.004149,1.5e-05,0.004133,R,False
NC-06,NC,6,Likely D,Incumbent,4.163220378592431,988076.08,1480494.94,0.4002623671730538,5.952,11.342,0.7001,0.62626,0.002815,0.000765,0.00205,R,True
NC-14,NC,14,Likely D,Incumbent,5.0351647382739895,972231.9600000001,1475688.71,0.39716644902549075,6.607,11.41,0.7187,0.617669,0.002689,0.000753,0.001936,R,True
FL-27,FL,27,Toss-Up,Challenger,2.7019707357899074,641799.11,1849517.0,0.257614482330787,-4.381,6.421,0.2475,0.315856,0.006127,0.000497,0.00563,R,False
NC-13,NC,13,Toss-Up,Incumbent,-1.864598296187117,1731102.48,4512302.43,0.27726897501510916,-12.83,11.162,0.1252,0.258876,0.008492,0.001341,0.007151,R,True
FL-28,FL,28,Toss-Up,Challenger,0.7406612144223361,1186116.33,1270923.94,0.4827419169649996,-2.972,6.334,0.3194,0.134861,0.00531,0.000919,0.004392,R,False
CT-02,CT,2,Lean D,Incumbent,2.1286702699589153,1139652.66,757453.19,0.6007322469645012,17.454,11.183,0.9407,0.124214,0.001944,0.000883,0.001061,D,False
FL-15,FL,15,Likely R,Challenger,-3.487792213850338,542647.03,1815179.46,0.23014714284595214,-11.742,6.456,0.0345,0.093449,0.005328,0.00042,0.004907,R,False
OH-10,OH,10,Likely R,Challenger,-4.1762804360223,205053.9,1395565.12,0.1281091236814117,-15.799,6.487,0.0074,0.075371,0.004544,0.000159,0.004386,R,False
VA-10,VA,10,Lean D,Open,4.930169768920273,2945644.78,9517135.17,0.23635535505062014,-4.748,9.45,0.3077,0.068885,0.011393,0.002281,0.009112,D,False
FL-09,FL,9,Safe D,Incumbent,9.587847940804794,2224952.97,2081584.55,0.5166454395595281,20.294,11.776,0.9576,0.056414,0.002807,0.001723,0.001084,D,False
NY-02,NY,2,Likely R,Challenger,-3.774283387941013,1025032.4,2757786.53,0.270970516688199,-11.154,6.469,0.0423,0.055365,0.006091,0.000794,0.005297,R,False
FL-22,FL,22,Likely D,Incumbent,7.92701110812219,2249966.27,1881546.36,0.5445865646548925,20.313,11.641,0.9595,0.051133,0.002804,0.001742,0.001061,D,False
CO-05,CO,5,Safe R,Open,-10.35789116985529,163412.92,1062074.21,0.1333452763392138,-25.74,9.812,0.0044,0.050583,0.002807,0.000127,0.002681,R,False
FL-07,FL,7,Likely R,Challenger,-5.117554716684672,277060.19,1614017.08,0.1465091852116651,-16.126,6.529,0.0068,0.050146,0.004401,0.000215,0.004187,R,False
MN-01,MN,1,Likely R,Open,-7.847842235909125,1252229.5,1914098.15,0.3954832343393142,-14.987,9.643,0.0601,0.043206,0.004244,0.00097,0.003274,R,False
TX-15,TX,15,Toss-Up,Challenger,1.0192203759560066,4433511.16,8267123.069999999,0.3490779341969917,-4.458,6.346,0.2412,0.039597,0.011786,0.003434,0.008352,R,False
VA-05,VA,5,Likely R,Challenger,-6.758397945939892,353802.56,1431064.58,0.1982234711318625,-16.289,6.604,0.0068,0.037127,0.003458,0.000274,0.003184,R,False
CA-23,CA,23,Safe R,Challenger,-8.137760237717675,772326.34,905220.42,0.46039035001325385,-13.029,6.667,0.0253,0.035475,0.00243,0.000598,0.001832,R,False
PA-01,PA,1,Toss-Up,Challenger,-0.3294379916098378,3979242.47,3794856.72,0.5118589784805666,-3.8,6.316,0.2737,0.035353,0.008438,0.003082,0.005356,R,False
NJ-02,NJ,2,Likely R,Challenger,-4.761067754946824,1709554.38,2950258.37,0.36687190488501925,-10.563,6.513,0.0524,0.034188,0.005625,0.001324,0.004301,R,False
NV-01,NV,1,Likely D,Incumbent,3.1666798532818117,3053534.9899999998,1905075.67,0.6158045467518113,19.393,11.264,0.9574,0.034043,0.003549,0.002365,0.001185,D,False
MD-02,MD,2,Likely D,Open,6.588015915525597,1406530.32,325170.16,0.8122249408858512,5.85,9.559,0.7297,0.033247,0.002299,0.001089,0.001209,D,False
AZ-04,AZ,4,Lean D,Incumbent,1.6182962123334588,1815468.16,825631.21,0.6873910844180012,21.435,11.143,0.9728,0.032547,0.002125,0.001406,0.000719,D,False
WI-01,WI,1,Lean R,Challenger,-2.905236133876948,2545311.6399999997,5775714.89,0.30588913889690483,-9.503,6.43,0.0697,0.031522,0.008393,0.001971,0.006421,R,False
MI-04,MI,4,Likely R,Challenger,-5.202260954909226,1054256.94,3229965.39,0.24607895174291758,-13.304,6.533,0.0209,0.030913,0.005464,0.000816,0.004647,R,False
NM-01,NM,1,Lean D,Challenger,4.293054721329781,1269482.6800000002,191416.11,0.8689737363667747,4.077,6.492,0.735,0.029161,0.001919,0.000983,0.000936,D,False
VA-01,VA,1,Likely R,Challenger,-6.880373957461114,723189.15,2005527.71,0.2650290180711531,-14.776,6.609,0.0127,0.028656,0.003754,0.00056,0.003194,R,False
TN-07,TN,7,Safe R,Open,-10.102757532277787,1250056.05,2254371.99,0.35670758130333874,-18.251,9.795,0.0312,0.027013,0.003636,0.000968,0.002667,R,False
IA-02,IA,2,Likely R,Challenger,-4.036017317545893,501481.18,3828581.41,0.11581384092648878,-16.201,6.48,0.0062,0.026656,0.006613,0.000388,0.006225,R,False
UT-02,UT,2,Safe R,Open,-11.340716989963664,346220.17,1815662.54,0.16014752715238653,-25.522,9.879,0.0049,0.025604,0.002999,0.000268,0.002731,R,False
NC-11,NC,11,Safe R,Challenger,-8.230709932398778,620895.51,1432022.21,0.3024453946454318,-15.54,6.671,0.0099,0.025541,0.002729,0.000481,0.002249,R,False
NY-11,NY,11,Likely R,Challenger,-5.641502588722533,273868.12,2075796.47,0.1165562613343039,-18.018,6.553,0.003,0.025293,0.004523,0.000212,0.004311,R,False
TN-05,TN,5,Safe R,Challenger,-9.101000979194431,428527.89,1054347.42,0.28898443929179723,-16.778,6.711,0.0062,0.024964,0.002147,0.000332,0.001815,R,False
CA-09,CA,9,Likely D,Incumbent,4.989054547840372,4939757.94,3632540.15,0.576246636332265,19.098,11.407,0.953,0.024886,0.005209,0.003826,0.001384,D,False
CA-40,CA,40,Lean R,Challenger,-2.3490241947268897,2157503.0,10118044.16,0.17575615749579346,-11.947,6.405,0.0311,0.02313,0.010217,0.001671,0.008546,R,False
TX-34,TX,34,Safe D,Incumbent,11.644424539330867,7341989.64,8322013.430000001,0.4687173264196762,19.172,11.944,0.9458,0.022601,0.007384,0.005686,0.001698,D,False
CA-03,CA,3,Likely R,Challenger,-4.260867603951912,3282405.92,4352725.2,0.42990825807848077,-9.118,6.49,0.08,0.022281,0.006685,0.002542,0.004143,R,False
OH-15,OH,15,Likely R,Challenger,-6.124369085418522,472611.65,2620026.0300000003,0.15281830557015008,-17.041,6.575,0.0048,0.021405,0.004529,0.000366,0.004163,R,False
TX-03,TX,3,Safe R,Challenger,-12.263087849046576,428977.01,119411.3,0.7822504640917674,-14.49,6.86,0.0173,0.018603,0.000586,0.000332,0.000254,R,False
MN-08,MN,8,Safe R,Challenger,-8.04388507656337,1298479.4200000002,2176224.23,0.3736950113716892,-14.119,6.663,0.017,0.017505,0.003067,0.001006,0.002061,R,False
CT-05,CT,5,Lean D,Incumbent,2.141638010775665,6256600.0,3750179.02,0.6252361511626545,18.811,11.184,0.9537,0.017447,0.006068,0.004845,0.001222,D,False
FL-13,FL,13,Likely R,Challenger,-5.446031223054323,3461299.23,4372824.18,0.44182342412193376,-10.279,6.544,0.0581,0.016141,0.005646,0.002681,0.002966,R,False
WA-03,WA,3,Toss-Up,Incumbent,-4.816242854185046,15570451.45,8808837.489999998,0.6386753727034666,11.957,11.393,0.853,0.01578,0.015429,0.012059,0.00337,D,False
MN-03,MN,3,Likely D,Open,6.6782863467643505,2239575.9099999997,372978.57,0.8572360603940401,6.335,9.565,0.7461,0.015371,0.002449,0.001734,0.000715,R,False
OR-04,OR,4,Likely D,Incumbent,3.8251339099398374,2941401.6,1358091.48,0.6841275344022649,23.635,11.315,0.9816,0.014381,0.002691,0.002278,0.000413,D,False
SC-01,SC,1,Likely R,Challenger,-7.794760907709938,1093783.56,3053336.46,0.2637453352507507,-15.833,6.651,0.0086,0.013572,0.003322,0.000847,0.002475,R,False
WI-08,WI,8,Safe R,Open,-10.173587881331,2829027.8400000003,1557633.01,0.6449160162450215,-13.997,9.799,0.0766,0.013477,0.003247,0.002191,0.001056,R,False
CA-48,CA,48,Safe R,Challenger,-10.09708544488959,135921.98,761026.37,0.15153824632154128,-21.636,6.758,0.0007,0.01269,0.00162,0.000105,0.001515,R,False
AZ-08,AZ,8,Safe R,Open,-10.181826844449171,576752.74,4216362.52,0.12032941181556314,-26.289,9.8,0.0037,0.012437,0.003978,0.000447,0.003532,R,False
NH-01,NH,1,Lean D,Incumbent,-0.6241611239493683,4050929.83,1454683.06,0.7357818122951975,21.303,11.067,0.9729,0.012368,0.003604,0.003137,0.000467,D,False
MO-02,MO,2,Likely R,Challenger,-7.986075858271152,678235.73,2697843.76,0.2008944789389423,-17.606,6.66,0.0041,0.012264,0.00316,0.000525,0.002635,R,False
NH-02,NH,2,Lean D,Open,1.2041262086251447,4301568.36,896786.34,0.8274865045280577,0.192,9.21,0.5083,0.012188,0.00422,0.003331,0.000889,D,False
CA-49,CA,49,Lean D,Incumbent,2.7222366320874105,8501801.63,5070014.49,0.6264306526722969,19.494,11.229,0.9587,0.011628,0.007342,0.006584,0.000758,D,False
NJ-03,NJ,3,Likely D,Incumbent,4.31835427530044,1315833.57,422738.34,0.7568473656059472,27.563,11.354,0.9924,0.011478,0.001136,0.001019,0.000117,D,False
WA-06,WA,6,Likely D,Open,6.012415033952323,2225201.7399999998,255579.9,0.8969760595293668,5.943,9.521,0.7338,0.011458,0.002089,0.001723,0.000366,D,False
GA-02,GA,2,Likely D,Incumbent,3.2435955198042765,1790736.8199999998,598266.2,0.7495749503070951,26.086,11.27,0.9897,0.011427,0.001545,0.001387,0.000158,D,False
VA-02,VA,2,Lean R,Challenger,-2.661735182405322,9194976.14,7940436.73,0.5366066291929388,-6.113,6.419,0.1704,0.011036,0.00936,0.007121,0.002239,R,False
CA-47,CA,47,Likely D,Incumbent,3.120100066463399,12355930.7,8353639.76,0.5966290186397231,18.279,11.26,0.9477,0.010415,0.010349,0.009569,0.00078,D,False
NY-01,NY,1,Likely R,Challenger,-3.6928800390495202,7599753.04,3801486.56,0.6665725225176392,-6.04,6.465,0.1751,0.009764,0.00684,0.005886,0.000954,R,False
PA-17,PA,17,Lean D,Incumbent,0.060852313130244085,5637586.140000001,2181815.6999999997,0.7209740917983057,21.369,11.024,0.9737,0.009175,0.004569,0.004366,0.000203,D,False
NJ-07,NJ,7,Lean R,Challenger,-2.1840325062936543,10847366.99,6558186.859999999,0.6232129746333811,-4.759,6.398,0.2285,0.009082,0.009299,0.008401,0.000898,R,False
OH-06,OH,6,Safe R,Open,-15.378152225349016,111515.76,1088345.94,0.09294051139393815,-34.211,10.159,0.0004,0.008246,0.001562,8.6e-05,0.001475,R,False
OH-12,OH,12,Safe R,Open,-17.225752396313208,472611.65,1527551.22,0.23628658300211322,-29.311,10.29,0.0022,0.008182,0.000913,0.000366,0.000547,R,False
NY-22,NY,22,Toss-Up,Challenger,0.758852657433734,13107599.27,5694164.58,0.6971473195053451,-0.938,6.335,0.4411,0.00789,0.010164,0.010151,1.3e-05,D,True
FL-23,FL,23,Likely D,Incumbent,5.290088644609193,2091402.28,745570.47,0.7371950541294413,27.719,11.43,0.9923,0.00781,0.00162,0.00162,0.0,D,False
KS-03,KS,3,Toss-Up,Incumbent,-2.001934384644852,6155956.92,1887081.29,0.7653770576827833,21.123,11.173,0.9707,0.007654,0.004725,0.004768,-4.3e-05,D,False
ME-02,ME,2,Lean R,Incumbent,-5.701764426813255,23915941.54,10593789.72,0.6930202197117892,13.739,11.463,0.8847,0.007343,0.018062,0.018522,-0.00046,D,False
AZ-02,AZ,2,Likely R,Challenger,-6.433271888721167,5457626.09,8516970.43,0.39053908155339,-12.074,6.589,0.0334,0.007153,0.004227,0.004227,0.0,R,False
NE-02,NE,2,Toss-Up,Challenger,-0.5855479710474842,17682471.669999998,11831496.04,0.5991221459529068,-3.221,6.327,0.3054,0.006877,0.012433,0.013694,-0.001262,R,False
IA-03,IA,3,Lean R,Challenger,-2.591819058935757,14249664.049999999,9563258.940000001,0.5984004591113826,-5.432,6.416,0.1986,0.006788,0.009823,0.011036,-0.001213,R,False
MI-08,MI,8,Toss-Up,Open,-0.8913436295996224,14631698.16,6887147.18,0.6799481072900355,-3.449,9.19,0.3537,0.006201,0.009725,0.011332,-0.001607,D,False
RI-01,RI,1,Safe D,Challenger,12.30038609480771,1642364.36,303296.29,0.8441165523905723,12.532,6.862,0.9661,0.006106,0.001271,0.001272,-1e-06,D,False
CA-22,CA,22,Lean D,Challenger,5.826128820806293,17402432.96,9832896.9,0.6389653824446098,3.991,6.561,0.7285,0.005924,0.011519,0.013477,-0.001959,R,False
MT-01,MT,1,Likely R,Challenger,-6.648156748725844,6300245.86,9546737.64,0.3975675156095165,-12.212,6.599,0.0321,0.005922,0.004806,0.004879,-7.4e-05,R,False
MI-10,MI,10,Likely R,Challenger,-3.3435538497304127,15053776.83,10593282.729999999,0.5869591714708055,-6.366,6.449,0.1618,0.005806,0.008959,0.011658,-0.0027,R,False
TX-24,TX,24,Safe R,Challenger,-11.114874528587615,1234611.14,2266135.28,0.352670828411502,-17.88,6.806,0.0043,0.005679,0.0009,0.000956,-5.6e-05,R,False
CA-45,CA,45,Lean D,Challenger,3.405664749834103,23753662.75,14758892.88,0.6167771097355244,1.211,6.452,0.5745,0.005459,0.01472,0.018396,-0.003676,D,False
KS-02,KS,2,Safe R,Challenger,-10.919753167294175,245108.35,1291877.03,0.1594734427467358,-22.281,6.797,0.0005,0.005433,0.00019,0.00019,0.0,R,False
ME-01,ME,1,Safe D,Incumbent,8.0535576548473,659556.13,161387.15,0.8034125451395375,33.588,11.651,0.998,0.005408,0.000511,0.000511,0.0,D,False
CA-21,CA,21,Safe D,Incumbent,9.24463230357992,1902104.27,753557.41,0.7162449510511444,30.982,11.748,0.9958,0.005292,0.00146,0.001473,-1.3e-05,D,False
NY-25,NY,25,Likely D,Incumbent,6.997501041410814,1826735.78,603551.38,0.7516542942192889,30.205,11.566,0.9955,0.005231,0.001415,0.001415,0.0,D,False
IA-01,IA,1,Likely R,Challenger,-3.23919947167052,16089170.85,9206031.59,0.6360562200742759,-5.804,6.445,0.1839,0.005194,0.008967,0.01246,-0.003493,R,False
NY-04,NY,4,Lean D,Challenger,5.110116322913344,14033455.239999998,4789502.899999999,0.7455499361802226,4.095,6.529,0.7347,0.005121,0.008632,0.010868,-0.002237,D,True
TX-28,TX,28,Likely D,Incumbent,5.10353280309821,2489675.05,794116.6,0.7581708327932437,28.465,11.416,0.9937,0.005108,0.001928,0.001928,0.0,D,False
CA-51,CA,51,Safe D,Incumbent,11.437344844143032,1737189.1,762055.76,0.6950855947744151,32.313,11.927,0.9966,0.005072,0.001345,0.001345,0.0,D,False
OR-05,OR,5,Toss-Up,Challenger,1.3926991240531428,22452287.28,10890238.85,0.6733829102348221,-0.451,6.363,0.4717,0.005007,0.013118,0.017388,-0.00427,D,False
IN-01,IN,1,Likely D,Incumbent,3.573714791027988,3431626.03,1081043.78,0.7604425261506115,26.924,11.295,0.9914,0.004842,0.002449,0.002658,-0.000209,D,False
NY-17,NY,17,Toss-Up,Challenger,2.957058137633134,21967927.54,9908205.35,0.6891653895348031,1.35,6.432,0.5831,0.004769,0.012682,0.017013,-0.004331,R,True
WI-03,WI,3,Likely R,Challenger,-4.072955843970282,15803687.18,8074405.56,0.6618488064386335,-6.496,6.482,0.1581,0.004457,0.007747,0.012239,-0.004492,R,False
PA-16,PA,16,Safe R,Challenger,-12.68595112222987,771634.33,1531454.18,0.3350432806423059,-19.935,6.88,0.0019,0.004415,0.000598,0.000598,0.0,R,False
CO-04,CO,4,Safe R,Open,-13.921511275641516,4517611.19,5434885.03,0.4539173982223326,-20.72,10.057,0.0197,0.004272,0.003313,0.003499,-0.000185,R,False
SC-05,SC,5,Safe R,Challenger,-11.5696148738559,29056.38,334453.7,0.07993280406419541,-27.059,6.827,0.0,0.004195,2.3e-05,2.3e-05,0.0,R,False
PA-10,PA,10,Likely R,Challenger,-5.326025754717467,14503386.4,9587076.65,0.6020385066861552,-8.403,6.538,0.0994,0.00413,0.005561,0.011232,-0.005671,R,False
OH-09,OH,9,Toss-Up,Incumbent,-2.6750752258288104,15426405.14,5097932.17,0.7516152607998625,19.779,11.225,0.961,0.004073,0.009646,0.011947,-0.002301,D,False
TX-26,TX,26,Safe R,Open,-14.460784914132033,106650.61,1652837.8800000001,0.060614553949142336,-36.334,10.095,0.0002,0.003992,8.3e-05,8.3e-05,0.0,R,False
WA-05,WA,5,Safe R,Challenger,-8.078962030869253,652387.08,4670284.61,0.12256759725114662,-20.541,6.664,0.001,0.003987,0.000458,0.000505,-4.7e-05,R,False
IL-17,IL,17,Lean D,Incumbent,2.1001234628320264,6180311.83,2036188.9,0.7521829587910229,24.976,11.181,0.9873,0.003965,0.003926,0.004786,-0.000861,D,False
CA-05,CA,5,Safe R,Challenger,-8.888000805717656,82051.67,1160351.97,0.06604268319754762,-25.03,6.702,0.0001,0.003645,6.4e-05,6.4e-05,0.0,R,False
CA-27,CA,27,Lean D,Challenger,4.063200566994896,26299014.71,11360877.02,0.6983295357976325,2.607,6.481,0.6562,0.003641,0.013113,0.020367,-0.007254,D,False
FL-11,FL,11,Safe R,Challenger,-8.31671764256397,68203.28,1147708.53,0.05609229175921895,-25.297,6.675,0.0001,0.003609,5.3e-05,5.3e-05,0.0,R,False
CA-13,CA,13,Lean D,Challenger,4.383782670392684,23765289.9,9111339.379999999,0.7228627271244396,3.143,6.496,0.6858,0.003569,0.011843,0.018405,-0.006562,D,False
AZ-06,AZ,6,Likely R,Challenger,-3.0859031340330274,22378622.2,10335803.4,0.6840597623086495,-5.231,6.438,0.2082,0.003496,0.009308,0.017331,-0.008023,R,False
OK-05,OK,5,Safe R,Challenger,-12.644828798930217,575447.17,1648511.94,0.2587489884200254,-21.408,6.878,0.0009,0.003459,0.000446,0.000446,0.0,R,False
AZ-09,AZ,9,Safe R,Incumbent,-15.971098802177186,9272137.32,497470.48,0.9490797900812353,13.212,12.308,0.8585,0.003407,0.007181,0.007181,0.0,R,False
OH-07,OH,7,Likely R,Challenger,-7.0155130829773595,104480.64,2000462.78,0.04963584246839281,-24.46,6.615,0.0001,0.003355,6.6e-05,8.1e-05,-1.5e-05,R,False
CA-41,CA,41,Likely R,Challenger,-3.5498506287901357,22672177.33,11296131.15,0.6674508783193905,-5.876,6.458,0.1815,0.003339,0.009767,0.017559,-0.007792,R,False
MI-01,MI,1,Safe R,Challenger,-12.864139449304293,1016282.01,1917998.41,0.34634795061611734,-19.939,6.889,0.0019,0.003323,0.000778,0.000787,-9e-06,R,False
AR-02,AR,2,Safe R,Challenger,-9.052831282224066,473322.69,3462711.99,0.12025368892328966,-21.772,6.709,0.0006,0.003288,0.000367,0.000367,0.0,R,False
NM-02,NM,2,Lean D,Incumbent,1.5160307331892997,18148542.95,8217388.2,0.6883330934435821,21.372,11.136,0.9725,0.003275,0.010934,0.014055,-0.003121,D,False
MN-02,MN,2,Lean D,Incumbent,-0.14427997792423597,10533982.24,3302472.56,0.7613209013626814,22.971,11.03,0.9814,0.003142,0.006424,0.008158,-0.001734,D,False
PA-08,PA,8,Toss-Up,Incumbent,-4.501763513589582,22971819.95,6833777.05,0.7707216852593155,18.631,11.368,0.9494,0.003079,0.012878,0.017791,-0.004912,R,False
MI-03,MI,3,Lean D,Incumbent,0.5192327169860678,5334354.79,1292985.4,0.8049013083784372,25.553,11.059,0.9896,0.003066,0.003831,0.004131,-0.0003,D,False
NY-19,NY,19,Toss-Up,Challenger,-0.9436788799621371,28201664.159999996,10494622.49,0.728795101583733,-2.539,6.343,0.3445,0.003064,0.011733,0.021841,-0.010108,D,False
WA-04,WA,4,Safe R,Challenger,-11.858442573624501,1848736.11,3208041.87,0.36559566532521565,-18.499,6.841,0.0034,0.003024,1.8e-05,0.001432,-0.001413,R,False
WI-06,WI,6,Safe R,Challenger,-10.259029707645526,90532.01,1019224.8300000001,0.0815782401485356,-25.412,6.766,0.0001,0.002995,7e-05,7e-05,0.0,R,False
IL-11,IL,11,Likely D,Incumbent,5.085982935594202,2599322.24,664293.0,0.7964548664137259,30.106,11.414,0.9958,0.002846,0.001965,0.002013,-4.8e-05,D,False
AZ-01,AZ,1,Lean R,Challenger,-2.448492787482301,24014148.06,7497606.08,0.7620695424732709,-3.936,6.409,0.2696,0.002829,0.00943,0.018598,-0.009168,R,False
MI-07,MI,7,Toss-Up,Open,-2.55840954579728,25729979.080000002,8649736.15,0.7484058232555639,-4.596,9.296,0.3105,0.002622,0.009706,0.019927,-0.010221,R,False
NY-03,NY,3,Lean D,Incumbent,1.705849946619914,9459261.73,2980710.67,0.7603925013531381,24.918,11.15,0.9873,0.002506,0.005945,0.007326,-0.001381,D,True
NV-03,NV,3,Lean D,Incumbent,1.8001935367752464,7128240.4399999995,2003557.18,0.7805955340477639,25.9,11.157,0.9899,0.002498,0.00437,0.005521,-0.001151,D,False
FL-21,FL,21,Likely R,Challenger,-6.707063416602949,265411.15,4346993.7299999995,0.05754289939958611,-23.256,6.601,0.0002,0.00246,0.000206,0.000206,0.0,R,False
VA-07,VA,7,Toss-Up,Open,0.6168037879000998,25063354.9,6146746.33,0.8030526628317508,-0.649,9.172,0.4718,0.002386,0.01391,0.01941,-0.0055,D,False
WI-07,WI,7,Safe R,Challenger,-12.13181484837636,240468.61,1418299.18,0.14496821764304935,-24.225,6.854,0.0002,0.002349,0.000169,0.000186,-1.7e-05,R,False
CA-01,CA,1,Safe R,Challenger,-12.4413722392534,79623.42,694249.77,0.10288949278627936,-26.593,6.869,0.0001,0.002135,6.2e-05,6.2e-05,0.0,R,False
MD-03,MD,3,Likely D,Open,8.507214711156301,2251855.96,53110.46,0.976958250003486,9.253,9.687,0.8303,0.001939,0.001739,0.001744,-5e-06,D,False
GA-06,GA,6,Safe R,Incumbent,-12.44589773553291,2240079.03,28099.47,0.9876114379886767,18.382,12.011,0.9371,0.001933,0.001731,0.001735,-4e-06,D,False
MD-06,MD,6,Lean D,Incumbent,1.142896202854865,6181071.449999999,1367517.78,0.8188379658327228,26.799,11.107,0.9921,0.001923,0.004593,0.004787,-0.000194,D,False
FL-08,FL,8,Safe R,Challenger,-11.553985107654771,72559.3,822282.09,0.0810862135020375,-26.957,6.826,0.0,0.001777,5.6e-05,5.6e-05,0.0,R,False
NE-01,NE,1,Safe R,Challenger,-9.41435049125387,127583.16,1794766.76,0.06636833319086881,-25.619,6.726,0.0001,0.001772,9.9e-05,9.9e-05,0.0,R,False
CO-03,CO,3,Likely R,Open,-7.619998140340705,18021552.459999997,3670143.3,0.8308042238556641,-9.366,9.628,0.1653,0.001752,0.013409,0.013957,-0.000548,R,False
VA-06,VA,6,Safe R,Challenger,-13.950633267870007,189895.43,969485.9,0.16379031220038706,-25.587,6.941,0.0001,0.001677,0.000146,0.000147,-1e-06,R,False
ND-00,ND,0,Safe R,Open,-20.198325659708185,1164239.0,3615342.9,0.24358595047822068,-32.437,10.504,0.001,0.001603,0.000902,0.000902,0.0,R,False
FL-17,FL,17,Safe R,Challenger,-9.993020786991144,69448.01,1112116.54,0.058776314844584655,-27.0,6.753,0.0,0.001566,5.4e-05,5.4e-05,0.0,R,False
SC-04,SC,4,Safe R,Challenger,-12.715665017842142,513955.15,2304783.22,0.1823351735904457,-23.546,6.882,0.0003,0.001556,0.000398,0.000398,0.0,R,False
NC-05,NC,5,Safe R,Challenger,-12.9346878047449,409254.33,1978017.91,0.17143178023131542,-24.158,6.892,0.0002,0.001482,0.000317,0.000317,0.0,R,False
CO-08,CO,8,Lean D,Incumbent,-0.9917513678841472,26792739.01,8323633.24,0.7629700135098665,22.119,11.095,0.9769,0.001463,0.012367,0.02075,-0.008382,R,False
CA-06,CA,6,Likely D,Incumbent,7.578196341651678,1111772.18,182368.4,0.8590814608409854,35.34,11.613,0.9988,0.001434,0.000861,0.000861,0.0,D,False
FL-25,FL,25,Safe D,Incumbent,10.651298537769655,2621370.79,783152.29,0.7699671079921127,34.939,11.863,0.9984,0.001307,0.00203,0.00203,0.0,D,False
FL-16,FL,16,Likely R,Challenger,-7.226442069336062,79099.55,2158676.09,0.035347399706254744,-26.643,6.625,0.0,0.001287,6.1e-05,6.1e-05,0.0,R,False
TX-21,TX,21,Safe R,Challenger,-14.049205651119959,509648.18,1883035.8599999999,0.21300270803829158,-24.143,6.945,0.0003,0.001249,0.000395,0.000395,0.0,R,False
PA-04,PA,4,Likely D,Incumbent,6.7213071147185115,1488677.43,238707.4,0.8618099476999576,34.524,11.544,0.9986,0.001237,0.001153,0.001153,0.0,D,False
FL-04,FL,4,Likely R,Challenger,-6.09606681878749,29752.15,1356314.59,0.02146516408005,-28.118,6.573,0.0,0.001202,2.3e-05,2.3e-05,0.0,R,False
OH-01,OH,1,Lean D,Incumbent,1.4899957446163237,3825796.8800000004,538752.98,0.8765616163679248,29.46,11.134,0.9959,0.001171,0.002794,0.002963,-0.000169,D,False
OR-06,OR,6,Likely D,Incumbent,3.5943373465252613,5986712.92,1295150.5,0.822140237285582,29.571,11.297,0.9956,0.001148,0.004136,0.004636,-0.000501,D,False
VA-04,VA,4,Safe D,Challenger,15.574281632020249,2714959.09,413819.27,0.8677377486080542,16.221,7.019,0.9896,0.001145,0.002102,0.002103,-1e-06,D,False
OH-13,OH,13,Lean D,Incumbent,-0.4196957081654351,17139805.16,4083294.27,0.8076014163968886,24.65,11.051,0.9871,0.00113,0.007299,0.013274,-0.005975,D,False
FL-26,FL,26,Likely R,Challenger,-5.3717735987451976,36295.79,1823215.18,0.01951899751363123,-27.777,6.54,0.0,0.001125,2.8e-05,2.8e-05,0.0,R,False
SC-07,SC,7,Safe R,Challenger,-11.271404349615027,89555.08,1160265.45,0.07165435184522052,-27.349,6.813,0.0,0.001122,6.9e-05,6.9e-05,0.0,R,False
NY-18,NY,18,Lean D,Incumbent,0.6565680576901656,13517575.93,3156747.58,0.8106821198409147,25.941,11.07,0.9904,0.001087,0.006205,0.010469,-0.004264,D,True
TX-23,TX,23,Likely R,Challenger,-4.585290023430264,111727.34,4844992.33,0.022540580754690936,-26.016,6.505,0.0,0.001012,8.7e-05,8.7e-05,0.0,R,False
NV-04,NV,4,Likely D,Incumbent,3.217223200349606,8240656.9799999995,1864973.37,0.8154520494607246,28.891,11.267,0.9948,0.000996,0.004257,0.006382,-0.002125,D,False
GA-01,GA,1,Safe R,Challenger,-9.338075294766407,65257.76,1396344.13,0.04464810865837072,-27.816,6.723,0.0,0.00096,5.1e-05,5.1e-05,0.0,R,False
NJ-05,NJ,5,Likely D,Incumbent,3.445661758280183,2879879.11,329876.73,0.8972268463884157,32.351,11.285,0.9979,0.000697,0.00223,0.00223,0.0,D,False
DE-00,DE,0,Likely D,Open,6.127682804332846,4064458.22,45937.47,0.988824075961407,6.767,9.529,0.7612,0.000642,0.003008,0.003148,-0.000139,D,False
TX-31,TX,31,Safe R,Challenger,-14.829107583854608,308186.06,1589492.43,0.1624016194650549,-26.641,6.983,0.0001,0.000638,0.000239,0.000239,0.0,R,False
VA-08,VA,8,Safe D,Incumbent,26.392191262569703,1988044.94,1175679.7,0.6283874755926926,44.842,13.228,0.9997,0.00062,0.00154,0.00154,0.0,D,False
IL-10,IL,10,Safe D,Incumbent,11.04113176541972,2993596.24,719632.88,0.8061975556197297,36.916,11.895,0.999,0.000596,0.002318,0.002318,0.0,D,False
GA-10,GA,10,Safe R,Challenger,-15.057241628373404,227652.61,1313288.15,0.1477361206280247,-27.466,6.994,0.0,0.00057,0.000176,0.000176,0.0,R,False
CO-06,CO,6,Safe D,Incumbent,8.034491840473857,2052723.02,297403.58,0.8734521025377951,36.392,11.65,0.9991,0.000542,0.001581,0.00159,-9e-06,D,False
IN-09,IN,9,Safe R,Challenger,-16.1330901327918,346755.28,1393946.47,0.19920430366661035,-26.907,7.046,0.0001,0.000534,0.000269,0.000269,0.0,R,False
WI-05,WI,5,Safe R,Challenger,-14.692106941889419,106349.29000000001,890554.63,0.10667957850943148,-28.983,6.976,0.0,0.00051,7.1e-05,8.2e-05,-1.1e-05,R,False
AZ-05,AZ,5,Safe R,Challenger,-11.63027765524259,68855.87,1159653.7,0.05604829761318018,-29.204,6.83,0.0,0.000501,5.3e-05,5.3e-05,0.0,R,False
TX-22,TX,22,Safe R,Challenger,-12.074613279983733,66807.14,1051618.07,0.0597332207846066,-29.354,6.851,0.0,0.000496,5.2e-05,5.2e-05,0.0,R,False
UT-01,UT,1,Safe R,Challenger,-12.123124549168047,118864.03,1565444.38,0.07057141631205179,-28.434,6.853,0.0,0.000488,9.2e-05,9.2e-05,0.0,R,False
NC-01,NC,1,Lean D,Incumbent,2.6847642563189944,25873360.41,6569419.3,0.7975075083355119,27.57,11.226,0.993,0.000458,0.008864,0.020038,-0.011174,D,True
PA-07,PA,7,Toss-Up,Incumbent,-2.2695414278169013,27178562.88,3753903.05,0.8786419725315446,25.468,11.194,0.9886,0.000402,0.007663,0.021049,-0.013386,R,False
MT-02,MT,2,Safe R,Open,-16.562420619068124,96204.0,2832044.58,0.032853768172919254,-43.414,10.243,0.0,0.00037,7.5e-05,7.5e-05,0.0,R,False
SC-03,SC,3,Safe R,Open,-21.02599305771811,42855.23,972710.35,0.0421983876216049,-46.829,10.564,0.0,0.00035,3.3e-05,3.3e-05,0.0,R,False
OK-01,OK,1,Safe R,Challenger,-14.538246122325646,341460.86,2253473.86,0.13158745665863997,-27.559,6.969,0.0,0.000348,0.000264,0.000264,0.0,R,False
CT-04,CT,4,Safe D,Incumbent,12.541705966334455,1672878.49,288212.68,0.8530345328106291,40.445,12.019,0.9996,0.000344,0.001296,0.001296,0.0,D,False
CA-26,CA,26,Safe D,Incumbent,8.003792259311972,1118233.1,89443.21,0.9259377622469054,38.33,11.647,0.9995,0.000341,0.00078,0.000866,-8.6e-05,D,False
AZ-07,AZ,7,Safe D,Incumbent,15.636005284412564,549407.41,78014.76,0.875658266905041,44.668,12.279,0.9999,0.000335,0.000425,0.000425,0.0,D,False
TN-03,TN,3,Safe R,Challenger,-19.071192130050548,193621.8,654108.91,0.2284001248462498,-29.41,7.191,0.0,0.000314,0.00015,0.00015,0.0,R,False
TX-27,TX,27,Safe R,Challenger,-12.998842038805336,59844.75,944202.53,0.0596035178741782,-30.453,6.895,0.0,0.000311,4.6e-05,4.6e-05,0.0,R,False
LA-06,LA,6,Safe R,Challenger,-18.66232902104467,1508484.64,1824397.21,0.4526066953138468,-24.791,7.171,0.0003,0.000311,0.000936,0.001168,-0.000232,D,True
IN-07,IN,7,Safe D,Incumbent,18.607074845547505,1096116.35,262685.47,0.8066786001213923,45.068,12.534,0.9998,0.000299,0.000849,0.000849,0.0,D,False
IL-06,IL,6,Likely D,Incumbent,3.3013832950879953,2553421.2600000002,150507.06,0.9443376294827224,33.917,11.274,0.9987,0.000281,0.001928,0.001978,-5e-05,D,False
NM-03,NM,3,Likely D,Incumbent,3.9759876881442278,1748502.0,87398.05,0.9523949846833982,34.931,11.327,0.999,0.000278,0.001354,0.001354,0.0,D,False
GA-03,GA,3,Safe R,Open,-18.45277392927388,72901.51,2056006.77,0.034243612411522024,-45.359,10.378,0.0,0.000275,5.6e-05,5.6e-05,0.0,R,False
IL-14,IL,14,Likely D,Incumbent,3.54197654493737,3991392.92,322950.05,0.9251450215604904,33.486,11.293,0.9985,0.000275,0.003013,0.003091,-7.8e-05,D,False
MO-05,MO,5,Safe D,Incumbent,10.413225733597686,1457206.59,165522.17,0.8979976357848,39.893,11.843,0.9996,0.000274,0.001129,0.001129,0.0,D,False
FL-02,FL,2,Likely R,Challenger,-7.56900038068406,36481.95,1803682.97,0.01982536978261709,-30.353,6.641,0.0,0.000268,2.8e-05,2.8e-05,0.0,R,False
TN-04,TN,4,Safe R,Challenger,-22.05113294578421,104290.2,255949.65,0.2895021192130743,-31.313,7.341,0.0,0.000257,8.1e-05,8.1e-05,0.0,R,False
CA-35,CA,35,Safe D,Incumbent,14.526011827287176,986941.94,142083.72,0.8741536839827007,43.413,12.185,0.9998,0.000249,0.000764,0.000764,0.0,D,False
CA-28,CA,28,Safe D,Incumbent,16.169126222614,1660999.97,341947.34,0.8292779154535024,43.388,12.324,0.9998,0.000231,0.001286,0.001286,0.0,D,False
AL-02,AL,2,Safe R,Challenger,-17.48894147961364,2764186.1,4028696.9299999997,0.40692384776718293,-24.133,7.113,0.0003,0.00023,0.002018,0.002141,-0.000123,D,True
GA-11,GA,11,Safe R,Challenger,-12.045124653017183,42930.37,958238.61,0.04288024385254126,-31.261,6.85,0.0,0.000228,3.3e-05,3.3e-05,0.0,R,False
TX-38,TX,38,Safe R,Challenger,-13.297156737747152,172084.83,2066338.73,0.07687768886778513,-29.303,6.909,0.0,0.000227,0.000133,0.000133,0.0,R,False
SD-00,SD,0,Safe R,Challenger,-16.388862204651893,225894.98,1454148.22,0.13445784013172996,-29.556,7.059,0.0,0.000203,0.000175,0.000175,0.0,R,False
OR-03,OR,3,Safe D,Open,22.427199819667493,1795758.18,28747.54,0.9842436558653266,24.36,10.667,0.9888,0.000187,0.001391,0.001391,0.0,D,False
NJ-04,NJ,4,Safe R,Challenger,-14.584596480441704,50310.47,732773.81,0.06424655849303985,-31.872,6.971,0.0,0.000183,3.9e-05,3.9e-05,0.0,R,False
GA-12,GA,12,Likely R,Challenger,-7.63401355344136,12957.31,908308.25,0.01406468510556283,-32.392,6.644,0.0,0.00018,1e-05,1e-05,0.0,R,False
FL-18,FL,18,Safe R,Challenger,-12.982997177715792,30174.83,686777.37,0.04208764545251414,-32.484,6.894,0.0,0.000163,2.3e-05,2.3e-05,0.0,R,False
KY-04,KY,4,Safe R,Challenger,-19.686205100289342,175837.35,700247.02,0.20070823772372517,-30.896,7.222,0.0,0.000163,7e-06,0.000136,-0.000129,R,False
NC-12,NC,12,Safe D,Incumbent,12.402821989006103,685531.13,48917.57,0.9333955251061102,43.351,12.007,0.9998,0.000162,0.000531,0.000531,0.0,D,False
CA-10,CA,10,Safe D,Incumbent,18.00449331076005,611351.83,83086.76,0.8803540569368415,47.402,12.482,0.9999,0.000158,0.000473,0.000473,0.0,D,False
MS-02,MS,2,Safe D,Incumbent,11.473888206130106,1349946.31,123525.67,0.9161669365439851,41.716,11.93,0.9998,0.000156,0.001045,0.001045,0.0,D,False
WA-08,WA,8,Lean D,Incumbent,0.9197171183407571,5643501.9799999995,258495.67,0.9562020039096424,31.763,11.09,0.9979,0.000155,0.003918,0.004371,-0.000453,D,False
PA-12,PA,12,Likely D,Incumbent,7.88100756160039,2034245.1900000002,135559.24,0.9375246735946613,38.618,11.637,0.9995,0.000144,0.001527,0.001575,-4.8e-05,D,False
IN-03,IN,3,Safe R,Open,-18.388894143413275,256767.59,6020627.68,0.04090352430523306,-43.935,10.373,0.0,0.000139,0.000199,0.000199,0.0,R,False
CA-38,CA,38,Safe D,Incumbent,15.524643438248566,1565648.93,236288.55,0.8688697290429854,44.283,12.27,0.9998,0.000138,0.001213,0.001213,0.0,D,False
MA-09,MA,9,Likely D,Incumbent,5.6093782672373695,877343.05,20067.46,0.977638483418252,37.578,11.456,0.9995,0.000138,0.000679,0.000679,0.0,D,False
NV-02,NV,2,Safe R,Challenger,-8.147825812678416,19689.24,1218394.61,0.01590299396926953,-32.318,6.667,0.0,0.000135,3e-06,1.5e-05,-1.2e-05,R,False
FL-14,FL,14,Safe D,Incumbent,8.855974120729392,1290979.28,70703.02,0.9480767136357724,40.049,11.716,0.9997,0.000134,0.001,0.001,0.0,D,False
CA-42,CA,42,Safe D,Incumbent,23.548646756052822,1270301.2,353899.8,0.7821083720549366,49.317,12.97,0.9999,0.000131,0.000984,0.000984,0.0,D,False
CA-25,CA,25,Likely D,Incumbent,6.785435303968063,2405351.48,139924.59,0.9450257708194303,37.704,11.549,0.9995,0.000129,0.00185,0.001863,-1.3e-05,D,False
OH-02,OH,2,Safe R,Open,-24.48289495044701,160282.6,2175723.9699999997,0.06861393373564015,-47.146,10.82,0.0,0.000126,0.000124,0.000124,0.0,R,False
CO-07,CO,7,Lean D,Incumbent,2.769295170062125,1959228.96,45703.78,0.9772043325503278,34.492,11.233,0.9989,0.000125,0.001498,0.001517,-1.9e-05,D,False
UT-03,UT,3,Safe R,Open,-13.645002876084327,83536.66,5239036.32,0.01569478902664102,-45.415,10.038,0.0,0.000125,6.5e-05,6.5e-05,0.0,R,False
TX-12,TX,12,Safe R,Open,-13.051453656022414,28616.86,2662086.44,0.010635457279886639,-47.575,9.997,0.0,0.000123,2.2e-05,2.2e-05,0.0,R,False
MI-11,MI,11,Likely D,Incumbent,6.989361726624355,1920823.0,89017.5,0.9557091719467291,38.304,11.566,0.9995,0.000111,0.001484,0.001488,-4e-06,D,False
VT-00,VT,0,Safe D,Incumbent,15.057806438313465,1437977.9400000002,177588.9,0.8900764142943167,44.6,12.23,0.9999,0.00011,0.000992,0.001114,-0.000122,D,False
NJ-09,NJ,9,Safe D,Incumbent,9.263237829680254,1643811.8,99045.73,0.9431704954104884,40.314,11.749,0.9997,0.00011,0.001273,0.001273,0.0,D,False
TN-02,TN,2,Safe R,Challenger,-18.47057443452429,257435.68,1336137.46,0.16154619674375284,-30.833,7.161,0.0,0.000104,0.000199,0.000199,0.0,R,False
CA-16,CA,16,Safe D,Open,26.442084135142792,10038772.17,1038040.11,0.9062871082618005,28.054,10.968,0.9947,0.000101,0.004752,0.007775,-0.003022,D,False
WI-02,WI,2,Safe D,Incumbent,18.958739607660107,1060953.72,165756.96,0.864876891754134,47.825,12.565,0.9999,9.9e-05,0.000822,0.000822,0.0,D,False
NY-23,NY,23,Safe R,Challenger,-12.452534835467782,32386.73,927737.09,0.033731826380476636,-33.153,6.869,0.0,8.9e-05,2.5e-05,2.5e-05,0.0,R,False
IL-13,IL,13,Likely D,Incumbent,3.4188055743444465,3229547.83,88886.09,0.9732144462891701,35.057,11.283,0.9991,7.9e-05,0.002009,0.002501,-0.000492,D,False
MI-05,MI,5,Safe R,Challenger,-14.539167945315114,118561.86,1753683.7,0.06332602011885663,-31.905,6.969,0.0,7.6e-05,9.2e-05,9.2e-05,0.0,R,False
TX-07,TX,7,Safe D,Incumbent,13.729817763471857,2448454.11,268128.48,0.9012993453661204,43.594,12.118,0.9998,7e-05,0.001894,0.001896,-2e-06,D,False
NJ-12,NJ,12,Safe D,Incumbent,15.154219911894874,985003.69,77595.57,0.9269756973103858,46.087,12.238,0.9999,6.8e-05,0.000763,0.000763,0.0,D,False
AR-03,AR,3,Safe R,Challenger,-15.476863151334888,257970.44,2703359.12,0.08711304661410262,-31.101,7.014,0.0,6.5e-05,0.0002,0.0002,0.0,R,False
CA-52,CA,52,Safe D,Incumbent,20.016199703055122,919328.33,122631.77,0.8823066545446414,49.646,12.657,1.0,6.3e-05,0.000712,0.000712,0.0,D,False
CA-30,CA,30,Safe D,Incumbent,24.07935261980949,1759073.49,440326.28,0.7997970691794698,50.655,13.018,1.0,6.2e-05,0.001362,0.001362,-1e-06,D,False
IN-08,IN,8,Safe R,Open,-19.049853045606127,22719.05,1338177.97,0.01669417278906232,-51.54,10.421,0.0,6.1e-05,1.8e-05,1.8e-05,0.0,R,False
NJ-11,NJ,11,Likely D,Incumbent,5.375678065707767,5173418.89,235275.8,0.9565004472456182,36.588,11.437,0.9993,5.9e-05,0.003866,0.004007,-0.000141,D,False
ID-02,ID,2,Safe R,Challenger,-14.863293758937132,100581.05,1589029.24,0.059529141480311416,-32.653,6.985,0.0,5.7e-05,7.8e-05,7.8e-05,0.0,R,False
PA-06,PA,6,Likely D,Incumbent,4.3527128827801125,2274690.4499999997,41254.74,0.9821866509716491,36.375,11.356,0.9993,5.5e-05,0.001591,0.001762,-0.00017,D,False
ID-01,ID,1,Safe R,Challenger,-22.463689738740225,187640.55,626902.72,0.2303629001808584,-33.194,7.362,0.0,5.3e-05,0.000145,0.000145,0.0,R,False
CA-46,CA,46,Safe D,Incumbent,16.58257586569293,1040325.62,86007.02,0.9236397695089438,47.505,12.36,0.9999,5e-05,0.000806,0.000806,0.0,D,False
TN-09,TN,9,Safe D,Incumbent,22.626245642096478,432301.02,47462.13,0.9010717475904516,53.18,12.888,1.0,4.9e-05,0.000335,0.000335,0.0,D,False
NY-24,NY,24,Safe R,Challenger,-11.822715104854463,95433.02,2701849.55,0.0341163316940126,-32.335,6.839,0.0,4.8e-05,7.4e-05,7.4e-05,0.0,R,False
CA-24,CA,24,Safe D,Incumbent,12.509524773144115,1517754.95,80220.71,0.9497985407362213,44.057,12.016,0.9999,4.5e-05,0.00116,0.001175,-1.6e-05,D,False
CA-32,CA,32,Safe D,Incumbent,20.567593412917894,1106415.26,140107.71,0.8876011807467936,50.445,12.705,1.0,4.1e-05,0.000857,0.000857,0.0,D,False
NJ-01,NJ,1,Safe D,Incumbent,10.541473432003373,1052235.64,26167.45,0.9757350009076847,42.844,11.854,0.9998,3.8e-05,0.000813,0.000815,-2e-06,D,False
NJ-06,NJ,6,Safe D,Incumbent,8.090405096667297,3077719.91,109023.45,0.9657884436605525,39.848,11.654,0.9997,3.7e-05,0.002384,0.002384,0.0,D,False
TX-05,TX,5,Safe R,Challenger,-14.83951783996549,38990.7,890620.5,0.04194301875881013,-34.709,6.983,0.0,3.6e-05,3e-05,3e-05,0.0,R,False
IL-08,IL,8,Likely D,Incumbent,6.424280826815448,4973013.29,179850.32,0.9650970152497399,38.023,11.52,0.9995,3.5e-05,0.003851,0.003851,0.0,D,False
SC-06,SC,6,Safe D,Incumbent,14.673162065264773,2678076.19,234244.15,0.9195678625106193,45.294,12.197,0.9999,3.4e-05,0.002074,0.002074,0.0,D,False
CA-31,CA,31,Safe D,Open,16.10022520246681,826620.0,350.0,0.9995767682019904,17.635,10.21,0.9579,3.4e-05,0.00064,0.00064,0.0,D,False
NY-20,NY,20,Likely D,Incumbent,6.380110330079763,1673736.28,23158.1,0.9863526567870416,38.71,11.517,0.9996,3.4e-05,0.001296,0.001296,0.0,D,False
WV-02,WV,2,Safe R,Open,-21.92686288918549,31663.98,1456821.1099999999,0.021272621548395893,-53.177,10.63,0.0,3.3e-05,2.5e-05,2.5e-05,0.0,R,False
NY-26,NY,26,Safe D,Incumbent,8.41704225398517,2325249.7,62849.36,0.9736822642524721,40.476,11.68,0.9997,3.2e-05,0.001801,0.001801,0.0,D,False
WA-10,WA,10,Likely D,Incumbent,6.465507414278027,1944896.59,30401.04,0.9846093877002221,38.743,11.524,0.9996,3.2e-05,0.001506,0.001506,-0.0,D,False
CA-15,CA,15,Safe D,Incumbent,28.539933135818373,778853.82,158495.01,0.8309113907999437,56.764,13.426,1.0,2.9e-05,0.000603,0.000603,0.0,D,False
TX-17,TX,17,Safe R,Challenger,-14.809739204605819,35834.38,891844.6399999999,0.038627994411256604,-35.163,6.982,0.0,2.8e-05,2.8e-05,2.8e-05,0.0,R,False
CA-02,CA,2,Safe D,Incumbent,23.304486035062574,958825.63,123059.31,0.8862547157741193,53.343,12.948,1.0,2.6e-05,0.000743,0.000743,0.0,D,False
KS-04,KS,4,Safe R,Challenger,-14.574908575782132,98796.57,2033296.41,0.04633783372805815,-33.802,6.971,0.0,2.6e-05,7.7e-05,7.7e-05,0.0,R,False
FL-05,FL,5,Safe R,Challenger,-11.450101278446976,18455.31,983848.47,0.018412890750546706,-35.49,6.822,0.0,2.4e-05,1.4e-05,1.4e-05,0.0,R,False
MN-04,MN,4,Safe D,Incumbent,16.427906101446403,1557412.02,95138.59,0.9424292427570493,48.025,12.347,0.9999,2.1e-05,0.001195,0.001206,-1.2e-05,D,False
CA-39,CA,39,Safe D,Incumbent,12.638332359465792,1660290.9000000001,56149.02,0.9672875121664614,44.816,12.027,0.9999,2.1e-05,0.001171,0.001286,-0.000115,D,False
TX-32,TX,32,Safe D,Incumbent,13.571719379477386,2781772.47,149036.89,0.9491482141301746,45.181,12.105,0.9999,1.9e-05,0.002004,0.002154,-0.000151,D,False
TX-18,TX,18,Safe D,Challenger,24.071403016543012,1681201.37,69381.33,0.960366722463326,26.009,7.444,0.9998,1.8e-05,0.001302,0.001302,0.0,D,False
SC-02,SC,2,Safe R,Challenger,-8.884926417688632,11179.98,1100949.7,0.010052766508308636,-35.855,6.701,0.0,1.8e-05,9e-06,9e-06,0.0,R,False
KY-06,KY,6,Safe R,Challenger,-9.185896454494886,51379.41,3427609.02,0.01476849119616072,-34.01,6.715,0.0,1.8e-05,4e-05,4e-05,0.0,R,False
CA-20,CA,20,Safe R,Challenger,-16.1928793689232,144083.35,2272655.2,0.05961892319713276,-34.207,7.049,0.0,1.7e-05,0.000112,0.000112,0.0,R,False
KS-01,KS,1,Safe R,Challenger,-18.35642947387447,62835.33,867436.85,0.06754510276766527,-35.994,7.156,0.0,1.6e-05,4.9e-05,4.9e-05,0.0,R,False
CA-14,CA,14,Safe D,Incumbent,22.448767455138224,4471680.34,842783.13,0.8414170809983947,50.641,12.872,1.0,1.6e-05,0.003463,0.003463,0.0,D,False
RI-02,RI,2,Likely D,Incumbent,3.7712601111473285,1205349.12,3226.73,0.9973301386090083,36.261,11.311,0.9993,1.5e-05,0.000932,0.000933,-1e-06,D,False
NC-02,NC,2,Safe D,Incumbent,11.44542313038604,1662982.58,34107.25,0.9799025075767498,43.966,11.928,0.9999,1.5e-05,0.001287,0.001288,-1e-06,D,False
FL-01,FL,1,Safe R,Challenger,-19.928854314051243,1577031.14,6834261.22,0.18748975454706462,-31.588,7.234,0.0,1.3e-05,0.001221,0.001221,0.0,R,False
NY-06,NY,6,Safe D,Incumbent,16.45316367287223,1836399.64,90481.09,0.9530427137542654,48.434,12.349,1.0,1.3e-05,0.001422,0.001422,0.0,D,False
OR-02,OR,2,Safe R,Challenger,-15.622567897681755,26507.0,749404.44,0.034162403894959975,-36.865,7.021,0.0,1.3e-05,2.1e-05,2.1e-05,0.0,R,False
MA-08,MA,8,Safe D,Incumbent,14.729375410314466,976310.31,20838.83,0.9791015915633242,47.489,12.202,1.0,1.2e-05,0.000756,0.000756,0.0,D,False
TX-10,TX,10,Safe R,Challenger,-13.4287872760659,110429.72,3277061.69,0.03259926200078541,-34.521,6.916,0.0,1.2e-05,8.6e-05,8.6e-05,0.0,R,False
IN-02,IN,2,Safe R,Challenger,-14.123373420505617,131331.75,3265287.94,0.038665426802610335,-34.341,6.949,0.0,1.2e-05,0.000102,0.000102,0.0,R,False
TX-04,TX,4,Safe R,Challenger,-17.269135073146472,16133.2,398560.44,0.038903900238257814,-38.047,7.102,0.0,1.2e-05,1.2e-05,1.2e-05,0.0,R,False
IL-03,IL,3,Safe D,Incumbent,20.7490927090049,782619.54,39492.29,0.9519623869176046,53.036,12.721,1.0,1.1e-05,0.000606,0.000606,0.0,D,False
VA-09,VA,9,Safe R,Challenger,-23.06933825260913,230700.48,1130384.19,0.169497522883716,-35.789,7.393,0.0,1e-05,0.000179,0.000179,0.0,R,False
FL-19,FL,19,Safe R,Challenger,-12.964311255917192,192545.66,5598936.45,0.033246353237893364,-33.85,6.893,0.0,1e-05,0.000138,0.000149,-1.1e-05,R,False
NC-09,NC,9,Likely R,Challenger,-5.841307578312968,31056.08,4757025.68,0.006486121490122592,-34.573,6.562,0.0,1e-05,2.4e-05,2.4e-05,0.0,R,False
MI-12,MI,12,Safe D,Incumbent,22.83353465712751,4451391.4799999995,692780.0,0.8653271955078761,52.016,12.906,1.0,1e-05,0.003444,0.003447,-4e-06,D,False
MA-04,MA,4,Safe D,Incumbent,11.65184581520879,1002502.7899999999,8300.16,0.9917885479063946,44.598,11.945,0.9999,9e-06,0.000765,0.000776,-1.1e-05,D,False
NC-04,NC,4,Safe D,Incumbent,16.04355221243226,738751.97,12395.08,0.9834984641156482,49.062,12.314,1.0,9e-06,0.000571,0.000572,-1e-06,D,False
IN-04,IN,4,Safe R,Challenger,-18.261366892061144,41608.33,745075.16,0.052890813813824926,-37.366,7.151,0.0,9e-06,3.2e-05,3.2e-05,0.0,R,False
CA-04,CA,4,Safe D,Incumbent,16.90863605237989,2867580.71,159805.48,0.9472133814549771,48.716,12.388,1.0,9e-06,0.002209,0.002221,-1.2e-05,D,False
TX-16,TX,16,Safe D,Incumbent,18.43690817546573,1474082.52,65048.19,0.9577370592521022,50.744,12.519,1.0,8e-06,0.001142,0.001142,0.0,D,False
GA-09,GA,9,Safe R,Challenger,-23.031996818710944,60994.1,491901.34,0.11031760363225276,-38.419,7.391,0.0,7e-06,4.7e-05,4.7e-05,0.0,R,False
OH-08,OH,8,Safe R,Challenger,-14.035211394428032,26353.13,1099422.87,0.023408857534713834,-37.208,6.945,0.0,7e-06,2e-05,2e-05,0.0,R,False
AR-01,AR,1,Safe R,Challenger,-21.391296630854292,94846.65,889704.9,0.09633487449184351,-37.359,7.308,0.0,7e-06,7.3e-05,7.3e-05,-0.0,R,False
MN-05,MN,5,Safe D,Incumbent,29.534822063444928,8064681.38,2255503.62,0.7814473655268777,55.716,13.519,1.0,6e-06,0.006245,0.006246,-1e-06,D,False
MA-06,MA,6,Safe D,Incumbent,10.243287841991489,1840168.69,13239.45,0.9928567001977233,43.111,11.829,0.9999,6e-06,0.001415,0.001425,-1e-05,D,False
AL-06,AL,6,Safe R,Challenger,-19.298201595586924,173213.53,2021427.7,0.07892567023358073,-36.147,7.202,0.0,6e-06,0.000134,0.000134,0.0,R,False
MA-02,MA,2,Safe D,Incumbent,12.66908430464133,1070531.65,7771.35,0.9927929811935976,45.733,12.029,0.9999,6e-06,0.000829,0.000829,0.0,D,False
GA-04,GA,4,Safe D,Incumbent,26.368184394606217,622047.45,44230.17,0.9336160052922083,58.437,13.226,1.0,6e-06,0.000482,0.000482,0.0,D,False
TX-29,TX,29,Safe D,Incumbent,20.482512838177314,950747.15,34169.18,0.9653075302345733,53.224,12.698,1.0,6e-06,0.000736,0.000736,-0.0,D,False
GA-14,GA,14,Safe R,Challenger,-22.307036948383235,3534994.34,10062930.19,0.2599657272844123,-32.268,7.354,0.0,5e-06,0.002737,0.002738,-1e-06,R,False
CA-18,CA,18,Safe D,Incumbent,22.530887217829346,2498797.41,199052.48,0.9262181040028139,54.021,12.879,1.0,5e-06,0.001935,0.001935,0.0,D,False
FL-03,FL,3,Safe R,Challenger,-9.079725707420678,18380.82,2131667.9,0.008549024879771097,-37.029,6.711,0.0,5e-06,1.4e-05,1.4e-05,0.0,R,False
FL-24,FL,24,Safe D,Incumbent,26.86007770418651,566479.18,33811.39,0.9436749606111586,59.336,13.271,1.0,5e-06,0.000439,0.000439,0.0,D,False
LA-02,LA,2,Safe D,Challenger,25.16643417438329,1898973.77,41221.17,0.9787541091102939,27.312,7.501,0.9999,5e-06,0.001471,0.001471,0.0,D,False
VA-11,VA,11,Safe D,Incumbent,17.903084074439196,2190664.25,64175.91,0.9715385989931986,50.656,12.473,1.0,4e-06,0.001696,0.001697,-0.0,D,False
OH-11,OH,11,Safe D,Incumbent,28.441346247008543,929166.07,84766.12,0.9163986301687492,60.033,13.417,1.0,4e-06,0.000717,0.00072,-2e-06,D,False
NY-21,NY,21,Safe R,Challenger,-9.049076835055661,91827.8,7636448.94,0.011882053799227691,-35.095,6.709,0.0,4e-06,7.1e-05,7.1e-05,0.0,R,False
NC-07,NC,7,Safe R,Challenger,-8.254535703796442,13221.0,1965223.57,0.006682522321057496,-37.417,6.672,0.0,4e-06,8e-06,1e-05,-2e-06,R,True
NJ-10,NJ,10,Safe D,Challenger,30.651816525153706,484650.82,22487.43,0.955658185908872,33.088,7.791,1.0,4e-06,0.000375,0.000375,0.0,D,False
IN-05,IN,5,Safe R,Challenger,-12.021418015673689,110598.0,5483301.03,0.019771182748716865,-35.767,6.849,0.0,4e-06,8.6e-05,8.6e-05,0.0,R,False
PA-05,PA,5,Safe D,Incumbent,13.93763368095236,1517602.1400000001,15279.31,0.9900322950610433,47.01,12.135,0.9999,4e-06,0.001175,0.001175,-0.0,D,False
CT-01,CT,1,Safe D,Incumbent,11.526638530994981,1658028.59,9170.2,0.9944996361231765,44.555,11.935,0.9999,4e-06,0.001284,0.001284,0.0,D,False
PA-02,PA,2,Safe D,Incumbent,21.679232400053635,846770.73,23697.85,0.9727757548698657,54.781,12.804,1.0,4e-06,0.000654,0.000656,-2e-06,D,False
WA-02,WA,2,Safe D,Incumbent,9.080595379195262,2463142.92,12774.78,0.994840385849659,41.921,11.734,0.9998,4e-06,0.001907,0.001908,-0.0,D,False
AL-07,AL,7,Safe D,Incumbent,14.226682719477429,2469451.0700000003,42634.27,0.9830283353351363,47.081,12.16,0.9999,4e-06,0.001907,0.001912,-6e-06,D,False
TX-35,TX,35,Safe D,Incumbent,21.121858476582872,908128.59,18791.67,0.9797267674352053,54.422,12.754,1.0,3e-06,0.000703,0.000703,0.0,D,False
IA-04,IA,4,Safe R,Challenger,-15.527668627078642,155195.04,4154572.67,0.03601007071446085,-36.437,7.017,0.0,3e-06,0.00012,0.00012,0.0,R,False
MI-06,MI,6,Safe D,Incumbent,10.536606251083619,1656970.4,6374.56,0.9961676259866143,43.541,11.853,0.9999,3e-06,0.001282,0.001283,-1e-06,D,False
KY-03,KY,3,Safe D,Incumbent,8.079431177631157,1142008.52,1732.75,0.9984850157588525,40.961,11.653,0.9998,3e-06,0.000884,0.000884,-0.0,D,False
PA-14,PA,14,Safe R,Challenger,-17.931297318589706,283275.01,4317326.840000001,0.06157346782791038,-36.056,7.135,0.0,3e-06,0.000219,0.000219,0.0,R,False
MD-05,MD,5,Safe D,Incumbent,13.90135693169312,1862260.7899999998,19070.54,0.9898632741102547,46.965,12.132,0.9999,3e-06,0.001441,0.001442,-2e-06,D,False
CA-07,CA,7,Safe D,Incumbent,18.0949623630077,1113903.11,11293.22,0.9899633337766042,51.504,12.49,1.0,2e-06,0.000863,0.000863,0.0,D,False
OH-04,OH,4,Safe R,Challenger,-20.55908860807346,2253188.55,13630125.21,0.14185884532951515,-34.018,7.266,0.0,2e-06,0.001742,0.001745,-3e-06,R,False
NY-16,NY,16,Safe D,Challenger,20.483740598184923,6486537.83,31799.04,0.9951216022377807,22.35,7.262,0.999,2e-06,0.005024,0.005024,0.0,D,False
CA-29,CA,29,Safe D,Incumbent,27.637639681993456,855062.42,39905.83,0.9554108986547847,60.602,13.343,1.0,2e-06,0.000662,0.000662,0.0,D,False
CA-50,CA,50,Safe D,Incumbent,14.071194061937565,1906098.41,10000.19,0.9947809627333375,47.317,12.147,1.0,2e-06,0.001453,0.001476,-2.3e-05,D,False
FL-10,FL,10,Safe D,Incumbent,14.832758363085407,3321111.66,35753.26,0.9893492109894014,47.955,12.211,1.0,2e-06,0.002562,0.002572,-1e-05,D,False
CT-03,CT,3,Likely D,Incumbent,6.922120923630809,1639641.5,2095.56,0.9987235714834871,39.717,11.56,0.9997,2e-06,0.00127,0.00127,0.0,D,False
VA-03,VA,3,Safe D,Incumbent,16.85842965665598,899213.42,5771.21,0.9936228640700783,50.293,12.383,1.0,2e-06,0.000696,0.000696,0.0,D,False
FL-12,FL,12,Safe R,Challenger,-16.34021772390692,56822.68,1836316.6300000001,0.030015054729384916,-38.499,7.056,0.0,2e-06,4.4e-05,4.4e-05,0.0,R,False
TX-08,TX,8,Safe R,Challenger,-16.869917309464675,47437.9,1436707.91,0.03196309936690116,-38.755,7.082,0.0,2e-06,3.7e-05,3.7e-05,0.0,R,False
MI-09,MI,9,Safe R,Challenger,-17.85195581310617,110216.31,2280379.89,0.04610410992872824,-37.713,7.131,0.0,2e-06,8.5e-05,8.5e-05,0.0,R,False
CA-36,CA,36,Safe D,Incumbent,21.379065236746058,2707281.69,45295.29,0.9835444057226693,54.834,12.777,1.0,1e-06,0.002097,0.002097,0.0,D,False
MO-07,MO,7,Safe R,Challenger,-24.16088679935535,37514.6,503233.8,0.06937533240967518,-42.627,7.449,0.0,1e-06,2.9e-05,2.9e-05,0.0,R,False
TX-20,TX,20,Safe D,Incumbent,15.203957520397655,713892.74,1539.08,0.997848739800251,48.647,12.242,1.0,1e-06,0.000553,0.000553,0.0,D,False
IL-05,IL,5,Safe D,Incumbent,18.68377102039282,1097958.34,4954.89,0.9955074525672343,52.332,12.541,1.0,1e-06,0.00085,0.00085,0.0,D,False
CA-08,CA,8,Safe D,Incumbent,26.86109662816917,969795.57,20893.56,0.9789100744448462,60.599,13.271,1.0,1e-06,0.000751,0.000751,0.0,D,False
PA-15,PA,15,Safe R,Challenger,-20.54575453550953,132903.98,2425288.5799999996,0.05195229713278504,-40.17,7.265,0.0,1e-06,0.000103,0.000103,-0.0,R,False
CO-02,CO,2,Safe D,Incumbent,16.877197454600925,2303536.95,15354.95,0.9933783243625974,50.305,12.385,1.0,1e-06,0.001784,0.001784,0.0,D,False
WA-01,WA,1,Safe D,Incumbent,13.178214590932551,3466653.82,12920.09,0.9962868758261267,46.403,12.072,0.9999,1e-06,0.002685,0.002685,-0.0,D,False
CA-33,CA,33,Safe D,Incumbent,12.701667657858678,4797056.96,30977.63,0.9935838011467105,45.795,12.032,0.9999,1e-06,0.003715,0.003715,0.0,D,False
FL-06,FL,6,Safe R,Challenger,-13.732136947426714,33487.38,2337500.54,0.014123808779253502,-39.83,6.93,0.0,1e-06,2.6e-05,2.6e-05,0.0,R,False
WA-07,WA,7,Safe D,Incumbent,36.72818037182857,3181508.51,6022.03,0.9981107537874759,71.943,14.209,1.0,0.0,0.002464,0.002464,-0.0,D,False
CA-11,CA,11,Safe D,Incumbent,37.65186614121579,11739026.18,211630.5,0.9822913078614187,72.386,14.301,1.0,0.0,0.009091,0.009091,0.0,D,False
CA-12,CA,12,Safe D,Open,40.46856696126791,1951251.44,4720.38,0.9975866830228669,43.982,12.086,0.9999,0.0,0.001507,0.001511,-4e-06,D,False
WV-01,WV,1,Safe R,Challenger,-23.41158043159246,72347.75,1727021.14,0.040207291791067926,-45.151,7.41,0.0,0.0,5.6e-05,5.6e-05,0.0,R,False
WA-09,WA,9,Safe D,Incumbent,21.550272727277893,1701561.53,1160.8,0.9993182681758804,55.564,12.792,1.0,0.0,0.001317,0.001318,-0.0,D,False
CA-34,CA,34,Safe D,Incumbent,34.29769394227007,5100043.5,592413.64,0.8959300657993184,65.569,13.972,1.0,0.0,0.002101,0.00395,-0.001849,D,False
WI-04,WI,4,Safe D,Incumbent,24.931618077414967,1356652.33,9052.65,0.993371445420079,59.017,13.095,1.0,0.0,0.001051,0.001051,0.0,D,False
NY-08,NY,8,Safe D,Incumbent,27.20390212058902,20244507.8,0.0,0.999999,61.704,13.303,1.0,0.0,0.015674,0.015678,-4e-06,D,False
NY-07,NY,7,Safe D,Incumbent,32.947096636428,616271.72,18222.27,0.9712806263145218,66.909,13.842,1.0,0.0,0.000477,0.000477,0.0,D,False
NY-05,NY,5,Safe D,Incumbent,31.66570070517945,2548056.09,46250.86,0.9821721712613846,65.909,13.72,1.0,0.0,0.001973,0.001973,0.0,D,False
OH-05,OH,5,Safe R,Challenger,-15.071640600961539,15088.76,2329991.19,0.0064342198652971305,-46.154,6.995,0.0,0.0,1.2e-05,1.2e-05,0.0,R,False
OH-03,OH,3,Safe D,Incumbent,19.48297892975578,1266809.96,0.0,0.999999,53.35,12.61,1.0,0.0,0.00098,0.000981,-1e-06,D,False
NY-09,NY,9,Safe D,Incumbent,26.546679495384446,1061633.75,0.0,0.999999,60.993,13.242,1.0,0.0,0.000822,0.000822,0.0,D,False
NY-12,NY,12,Safe D,Incumbent,34.68988016555067,1009847.3,0.0,0.999999,69.803,14.01,1.0,0.0,0.000782,0.000782,0.0,D,False
NY-10,NY,10,Safe D,Incumbent,35.683837953159355,2764329.95,4457.98,0.9983899164137139,70.823,14.107,1.0,0.0,0.002141,0.002141,0.0,D,False
OK-02,OK,2,Safe R,Challenger,-28.318688286984766,64650.65,1531778.02,0.04049704895364978,-50.939,7.666,0.0,0.0,5e-05,5e-05,0.0,R,False
OK-04,OK,4,Safe R,Challenger,-19.182424517801458,27833.46,5631744.57,0.004917939085292548,-52.93,7.197,0.0,0.0,2.2e-05,2.2e-05,0.0,R,False
OR-01,OR,1,Safe D,Incumbent,17.576673418835615,1016577.72,0.0,0.999999,51.288,12.445,1.0,0.0,0.000787,0.000787,0.0,D,False
PA-03,PA,3,Safe D,Incumbent,39.56244943477092,1052884.29,0.0,0.999999,75.075,14.491,1.0,0.0,0.0008,0.000815,-1.5e-05,D,False
NY-13,NY,13,Safe D,Incumbent,40.02459454905407,1133989.52,0.0,0.999999,75.575,14.537,1.0,0.0,0.000833,0.000878,-4.5e-05,D,False
NY-14,NY,14,Safe D,Incumbent,29.655224876126084,16716492.89,1860514.4,0.8998485401358747,60.714,13.53,1.0,0.0,0.012946,0.012946,0.0,D,False
NY-15,NY,15,Safe D,Incumbent,36.766509186357546,2012083.6099999999,0.0,0.999999,72.05,14.213,1.0,0.0,0.001297,0.001558,-0.000261,D,False
NJ-08,NJ,8,Safe D,Incumbent,23.722217972151167,2463492.82,7559.58,0.99694074476122,57.832,12.986,1.0,0.0,0.001908,0.001908,0.0,D,False
NC-10,NC,10,Safe R,Open,-22.055350387332396,2273.64,2609681.44,0.0008704743880970571,-77.977,10.64,0.0,0.0,2e-06,2e-06,0.0,R,True
NC-08,NC,8,Safe R,Open,-19.6845056221601,837.94,2046259.12,0.00040933085996420706,-80.614,10.466,0.0,0.0,0.0,1e-06,-0.0,R,False
NC-03,NC,3,Safe R,Open,-14.845244174580227,640.0,1165664.54,0.0005487417548764751,-71.933,10.122,0.0,0.0,0.0,0.0,0.0,R,False
MS-04,MS,4,Safe R,Challenger,-21.91982653549508,10.62,1121766.62,9.467120227898364e-06,-95.056,7.334,0.0,0.0,0.0,0.0,0.0,R,False
PA-11,PA,11,Safe R,Challenger,-13.771108373802177,19479.21,1807515.2,0.010661888122580518,-41.541,6.932,0.0,0.0,1.5e-05,1.5e-05,0.0,R,False
PA-09,PA,9,Safe R,Challenger,-21.24854746987166,9300.82,1892182.8,0.004891348998315326,-55.564,7.3,0.0,0.0,7e-06,7e-06,0.0,R,False
PA-13,PA,13,Safe R,Challenger,-25.087095894319965,64813.59,1481006.92,0.041928276653542394,-46.879,7.497,0.0,0.0,5e-05,5e-05,0.0,R,False
CO-01,CO,1,Safe D,Incumbent,28.762867479927927,1182532.98,10811.99,0.9909397615343366,63.077,13.447,1.0,0.0,0.000916,0.000916,0.0,D,False
CA-37,CA,37,Safe D,Incumbent,38.17115571896528,1101316.72,0.0,0.999999,73.57,14.352,1.0,0.0,0.000853,0.000853,0.0,D,False
CA-43,CA,43,Safe D,Incumbent,33.66523654372313,1238561.44,6788.28,0.9945490974214054,68.505,13.911,1.0,0.0,0.000959,0.000959,0.0,D,False
CA-44,CA,44,Safe D,Incumbent,25.585392212203978,1291497.72,0.0,0.999999,59.953,13.155,1.0,0.0,0.001,0.001,0.0,D,False
AZ-03,AZ,3,Safe D,Incumbent,24.623777496420452,4186932.87,79390.55,0.9813913428063549,58.267,13.067,1.0,0.0,0.00222,0.003243,-0.001023,D,False
AR-04,AR,4,Safe R,Challenger,-18.710195024103218,9156.36,2821992.91,0.0032341495014143145,-54.883,7.173,0.0,0.0,7e-06,7e-06,0.0,R,False
AL-05,AL,5,Safe R,Open,-17.288279129804017,0.0,691299.16,1e-06,-122.822,10.294,0.0,0.0,0.0,0.0,0.0,R,False
AL-04,AL,4,Safe R,Challenger,-32.99150514498746,0.0,1692460.67,1e-06,-126.029,7.919,0.0,0.0,0.0,0.0,0.0,R,False
AL-03,AL,3,Safe R,Challenger,-19.224766238484722,0.0,2037556.65,1e-06,-104.807,7.199,0.0,0.0,0.0,0.0,0.0,R,False
MO-08,MO,8,Safe R,Challenger,-27.92529244087229,60932.29,4020602.59,0.014928768659695982,-56.844,7.646,0.0,0.0,4.7e-05,4.7e-05,0.0,R,False
MO-06,MO,6,Safe R,Challenger,-21.2217918081147,18529.03,1752968.85,0.010459527052891533,-50.846,7.299,0.0,0.0,1.4e-05,1.4e-05,0.0,R,False
MO-04,MO,4,Safe R,Challenger,-22.699460623660684,11249.59,1140337.86,0.009768767452267735,-53.094,7.374,0.0,0.0,9e-06,9e-06,0.0,R,False
MO-03,MO,3,Safe R,Challenger,-16.521251165170824,47686.7,2693424.04,0.017396852780927775,-41.991,7.065,0.0,0.0,3.7e-05,3.7e-05,0.0,R,False
MN-07,MN,7,Safe R,Challenger,-19.328215156854412,9938.94,1615955.09,0.006112907616740558,-51.787,7.204,0.0,0.0,8e-06,8e-06,0.0,R,False
MO-01,MO,1,Safe D,Challenger,27.249169270162675,4955076.71,16076.14,0.9967661143229584,29.68,7.61,1.0,0.0,0.003835,0.003837,-2e-06,D,False
MN-06,MN,6,Safe R,Challenger,-12.677496490338452,82343.22,7115860.66,0.01143941202176674,-39.779,6.88,0.0,0.0,6.3e-05,6.4e-05,-1e-06,R,False
TN-01,TN,1,Safe R,Open,-30.27155839221352,0.0,1415175.06,1e-06,-142.836,11.262,0.0,0.0,0.0,0.0,0.0,R,False
TX-01,TX,1,Safe R,Challenger,-25.594871709035786,0.0,823988.49,1e-06,-114.627,7.523,0.0,0.0,0.0,0.0,0.0,R,False
CA-17,CA,17,Safe D,Incumbent,24.68124762453286,5258491.49,72202.27,0.9864553708671496,58.506,13.072,1.0,0.0,0.003988,0.004072,-8.4e-05,D,False
CA-19,CA,19,Safe D,Incumbent,18.97607047198322,1837814.17,7642.84,0.9958585651366649,52.66,12.566,1.0,0.0,0.001412,0.001423,-1.1e-05,D,False
MA-05,MA,5,Safe D,Incumbent,22.981622359533727,4766147.78,2462.68,0.9994835644427958,57.118,12.92,1.0,0.0,0.003691,0.003691,0.0,D,False
MA-07,MA,7,Safe D,Incumbent,35.552286282446815,1636120.86,23504.0,0.9858377633605705,70.241,14.094,1.0,0.0,0.001267,0.001267,0.0,D,False
MS-03,MS,3,Safe R,Challenger,-14.883227445186996,222.59,439640.66,0.0005060436396993838,-61.053,6.986,0.0,0.0,0.0,0.0,0.0,R,False
MI-13,MI,13,Safe D,Incumbent,24.1254278498976,2873299.51,51759.3,0.9823048685985224,57.76,13.022,1.0,0.0,0.002225,0.002225,0.0,D,False
MS-01,MS,1,Safe R,Challenger,-18.345109622786225,19821.33,998727.89,0.019460355583012477,-43.531,7.155,0.0,0.0,1.5e-05,1.5e-05,0.0,R,False
MI-02,MI,2,Safe R,Challenger,-16.32899492778914,18406.33,1361519.3199999998,0.013338638933191801,-43.351,7.056,0.0,0.0,1.4e-05,1.4e-05,0.0,R,False
MD-08,MD,8,Safe D,Incumbent,29.458751280694372,3003148.18,13283.27,0.9955963627152873,63.991,13.512,1.0,0.0,0.002323,0.002326,-3e-06,D,False
KY-01,KY,1,Safe R,Challenger,-24.043650607051916,250818.33,5518741.17,0.04347270012554685,-45.414,7.443,0.0,0.0,0.000192,0.000194,-2e-06,R,False
KY-02,KY,2,Safe R,Challenger,-21.47130501822055,27762.33,5461907.55,0.005057194805309495,-55.639,7.312,0.0,0.0,2.2e-05,2.2e-05,0.0,R,False
LA-04,LA,4,Safe R,Open,-13.802598221073296,1500.0,19499271.29,7.692003447931315e-05,-85.155,10.049,0.0,0.0,0.0,1e-06,-1e-06,R,False
MA-01,MA,1,Safe D,Incumbent,8.575942547188976,2881822.83,261.25,0.9999093537895675,41.547,11.693,0.9998,0.0,0.002232,0.002232,0.0,D,False
LA-01,LA,1,Safe R,Challenger,-22.944673490403893,74538.51,15253286.22,0.004862954222989735,-57.736,7.387,0.0,0.0,5.8e-05,5.8e-05,0.0,R,False
LA-03,LA,3,Safe R,Challenger,-21.06595306282636,15065.22,732895.62,0.020141722927633485,-46.619,7.291,0.0,0.0,1.2e-05,1.2e-05,0.0,R,False
TX-02,TX,2,Safe R,Challenger,-15.801396694115272,52835.1,4807661.29,0.0108703094829374,-43.929,7.03,0.0,0.0,4.1e-05,4.1e-05,0.0,R,False
MA-03,MA,3,Safe D,Incumbent,11.100187597102483,1178827.41,0.0,0.999999,44.281,11.899,0.9999,0.0,0.000913,0.000913,0.0,D,False
TX-09,TX,9,Safe D,Incumbent,26.617373897635815,439824.17,0.0,0.999999,61.069,13.249,1.0,0.0,0.000341,0.000341,0.0,D,False
TX-06,TX,6,Safe R,Challenger,-15.863029594192207,123995.08,6403027.67,0.01899718826627347,-40.664,7.033,0.0,0.0,9.6e-05,9.6e-05,0.0,R,False
TX-14,TX,14,Safe R,Challenger,-16.3040863161223,5600.65,1017220.38,0.0054756891340022595,-48.662,7.055,0.0,0.0,4e-06,4e-06,0.0,R,False
MD-07,MD,7,Safe D,Incumbent,30.226960116774826,431365.07,0.0,0.999999,64.974,13.584,1.0,0.0,0.000334,0.000334,0.0,D,False
TN-06,TN,6,Safe R,Incumbent,-17.433317798148636,89193.15,1710030.03,0.04957314411656257,-89.051,12.433,0.0,0.0,6.9e-05,6.9e-05,0.0,R,False
TN-08,TN,8,Safe R,Challenger,-21.234299336382385,35672.33,1599321.82,0.021818016902384635,-46.33,7.3,0.0,0.0,2.8e-05,2.8e-05,0.0,R,False
IL-15,IL,15,Safe R,Open,-21.8139353277361,0.0,1277932.4300000002,1e-06,-129.798,10.622,0.0,0.0,0.0,0.0,0.0,R,False
IL-12,IL,12,Safe R,Challenger,-23.83831770974748,116245.74,3197859.42,0.035076056548549596,-46.512,7.432,0.0,0.0,9e-05,9e-05,0.0,R,False
IL-09,IL,9,Safe D,Incumbent,20.158433724412745,1610398.83,7900.4,0.9951180845584411,53.914,12.67,1.0,0.0,0.001247,0.001247,0.0,D,False
HI-02,HI,2,Safe D,Incumbent,14.587435870590864,706756.02,10.0,0.9999858510458667,48.053,12.19,1.0,0.0,0.000547,0.000547,0.0,D,False
IL-01,IL,1,Safe D,Incumbent,21.557606615631734,601509.69,0.0,0.999999,55.595,12.793,1.0,0.0,0.000466,0.000466,0.0,D,False
IL-02,IL,2,Safe D,Incumbent,19.498388941928752,1358302.51,0.0,0.999999,53.367,12.612,1.0,0.0,0.00105,0.001052,-2e-06,D,False
IL-04,IL,4,Safe D,Incumbent,23.590651459594714,852232.18,0.0,0.999999,57.794,12.974,1.0,0.0,0.00066,0.00066,0.0,D,False
IN-06,IN,6,Safe R,Open,-19.774364527800465,21644.66,6109921.87,0.003530037535122366,-64.285,10.473,0.0,0.0,1.7e-05,1.7e-05,0.0,R,False
IL-07,IL,7,Safe D,Incumbent,36.705380273468435,978044.57,0.0,0.999999,71.984,14.207,1.0,0.0,0.000757,0.000757,0.0,D,False
TX-25,TX,25,Safe R,Open,-19.19898352457276,71.04,1716575.4100000001,4.138301162711751e-05,-97.415,10.431,0.0,0.0,0.0,0.0,0.0,R,False
TX-33,TX,33,Safe D,Incumbent,24.328975075347326,1678553.32,13949.49,0.9917580698137807,58.309,13.041,1.0,0.0,0.0013,0.0013,0.0,D,False
TX-30,TX,30,Safe D,Incumbent,27.154332784294745,1656565.9,7.07,0.9999957321529881,61.65,13.298,1.0,0.0,0.001283,0.001283,0.0,D,False
TX-37,TX,37,Safe D,Incumbent,23.953391586370323,625765.33,511.62,0.9991830770715735,58.159,13.007,1.0,0.0,0.000485,0.000485,0.0,D,False
GA-08,GA,8,Safe R,Challenger,-16.510851096950546,17678.83,989842.4,0.01754685605979737,-41.927,7.065,0.0,0.0,1.3e-05,1.4e-05,-1e-06,R,False
GA-13,GA,13,Safe D,Incumbent,27.507513349372736,1675775.09,5772.63,0.9965670733388405,61.914,13.331,1.0,0.0,0.001298,0.001298,0.0,D,False
HI-01,HI,1,Safe D,Incumbent,14.514952454064334,891335.38,0.0,0.999999,47.975,12.184,1.0,0.0,0.00069,0.00069,0.0,D,False
FL-20,FL,20,Safe D,Incumbent,26.10346106505017,634440.89,4587.6,0.9928209773557983,60.265,13.202,1.0,0.0,0.000491,0.000491,0.0,D,False
WY-00,WY,0,Safe R,Challenger,-25.77787700236944,16215.56,2471874.85,0.006517271211217762,-59.454,7.533,0.0,0.0,1.3e-05,1.3e-05,0.0,R,False
KY-05,KY,5,Safe R,Open,-32.1729608712165,0.0,805640.28,1e-06,-145.767,11.412,0.0,0.0,0.0,0.0,0.0,R,False
IL-16,IL,16,Safe R,Open,-13.631151449570353,0.0,2215533.53,1e-06,-117.184,10.037,0.0,0.0,0.0,0.0,0.0,R,False
MD-01,MD,1,Safe R,Open,-11.511437051533768,0.0,1419584.92,1e-06,-113.916,9.891,0.0,0.0,0.0,0.0,0.0,R,False
NE-03,NE,3,Safe R,Open,-29.05395314239278,0.0,1986270.78,1e-06,-140.959,11.168,0.0,0.0,0.0,0.0,0.0,R,False
OH-14,OH,14,Likely R,Open,-9.040584982726719,0.0,1658357.28,1e-06,-110.107,9.723,0.0,0.0,0.0,0.0,0.0,R,False
LA-05,LA,5,Safe R,Open,-16.599572159228913,0.0,2054171.08,1e-06,-121.76,10.245,0.0,0.0,0.0,0.0,0.0,R,False
OK-03,OK,3,Safe R,Open,-25.040406323060722,0.0,1287072.88,1e-06,-134.772,10.862,0.0,0.0,0.0,0.0,0.0,R,False
TX-11,TX,11,Safe R,Open,-22.919337360625505,0.0,2765922.73,1e-06,-131.502,10.703,0.0,0.0,0.0,0.0,0.0,R,False
TX-19,TX,19,Safe R,Open,-26.119921275348524,0.0,2707555.2600000002,1e-06,-136.436,10.943,0.0,0.0,0.0,0.0,0.0,R,False
TX-13,TX,13,Safe R,Open,-26.679313899188365,0.0,3935779.38,1e-06,-137.299,10.986,0.0,0.0,0.0,0.0,0.0,R,False
GA-05,GA,5,Safe D,Incumbent,31.892357754569606,994476.6000000001,751.78,0.9992446155926542,66.75,13.742,1.0,0.0,0.00077,0.00077,-0.0,D,False
UT-04,UT,4,Safe R,Challenger,-16.033873855329205,25171.29,1545329.57,0.016027555693283735,-41.89,7.041,0.0,0.0,1.9e-05,1.9e-05,0.0,R,False
AL-01,AL,1,Safe R,Challenger,-16.357029889797673,16817.5,2631446.59,0.0063503863015414,-47.839,7.057,0.0,0.0,1.3e-05,1.3e-05,0.0,R,False
TX-36,TX,36,Safe R,Open,-18.290803523740188,0.0,1472493.54,1e-06,-124.367,10.366,0.0,0.0,0.0,0.0,0.0,R,False
