district_id,state,district,cook_rating,incumb_status,pvi,d_total_22,r_total_22,d_total,r_total,mu_22,mu_hat,sigma_i,p_win_22,p_win,msg_22,msg_i_per_1m,rec_share_22,obs_share_24,diff_22,outcome,redistricting_flagged
MN-03,MN,3,Likely D,Open,6.678286346764351,50000.0,591948.86,83032.51,325199.48,-4.290696373556811,-0.137,8.173,0.2998035454832172,0.4933,2.866441576662026e-07,0.517271,0.15,0.000111,0.149889,D,False
NC-13,NC,13,Toss-Up,Incumbent,-1.864598296187117,2769364.93,13691047.78,867468.46,1319843.89,-15.788936130509668,3.772,10.061,0.0582928536506126,0.6461,1.6041150610923922e-08,0.385466,0.0,0.001156,-0.001156,R,False
NC-14,NC,14,Likely D,Incumbent,5.0351647382739895,5320730.81,50000.0,616380.53,1784636.17,33.296048116559795,2.502,10.373,0.9993363449319314,0.5953,9.450696011007708e-10,0.354801,0.0,0.000822,-0.000822,R,False
CT-02,CT,2,Lean D,Incumbent,2.128670269958916,924831.6,667751.64,603139.51,691728.52,17.47210574407533,12.442,10.087,0.9583772138093216,0.8913,1.263811590547987e-07,0.325616,0.0,0.000804,-0.000804,D,False
NC-06,NC,6,Likely D,Incumbent,4.163220378592431,2309460.35,1356666.67,560680.08,774677.43,21.87863922863825,12.627,10.286,0.9832909492399206,0.8902,2.5122994647234277e-08,0.311803,0.0,0.000747,-0.000747,R,False
FL-28,FL,28,Toss-Up,Challenger,0.7406612144223361,74284.97,887562.95,1102082.44,345944.23,-11.80607571299092,-1.867,5.897,0.0226345952391532,0.3758,4.1176750886508585e-08,0.193051,0.0,0.001469,-0.001469,R,False
FL-27,FL,27,Toss-Up,Challenger,2.7019707357899074,3617532.5,3895826.26,592775.51,910896.0,-1.3960230486782887,-2.264,6.009,0.4081423576448155,0.3532,3.7316325885129984e-08,0.178438,0.0,0.00079,-0.00079,R,False
GA-07,GA,7,Likely D,Challenger,8.481636073280551,7784851.27,488573.53,37360.19,1020787.94,8.748450854206546,-5.439,6.352,0.915785354523975,0.1959,1.2707412975361976e-08,0.177793,0.0,5e-05,-5e-05,R,False
MD-02,MD,2,Likely D,Open,6.588015915525597,437156.43,479480.62,1243084.77,161707.95,3.4366516927935096,6.111,8.166,0.6630634298346177,0.7729,2.110740322530829e-07,0.113727,0.0,0.001657,-0.001657,D,False
CA-51,CA,51,Safe D,Incumbent,11.437344844143032,680880.5700000001,94730.62,525045.45,752576.46,21.26389953802689,21.264,11.031,0.9730541061991368,0.9731,1.006032520421805e-07,0.100603,0.0,0.0007,-0.0007,D,False
WA-06,WA,6,Likely D,Open,6.012415033952323,1567498.61,399999.72,1548226.76,236610.22,4.935994222705308,5.304,8.121,0.7283379169767072,0.7432,8.985230741966368e-08,0.096256,0.0,0.002064,-0.002064,D,False
CA-35,CA,35,Safe D,Incumbent,14.526011827287176,203820.14,107996.63,146200.25,139958.87,30.097348419075715,30.097,11.363,0.9959602234818822,0.996,8.371891501069636e-08,0.083719,0.0,0.000195,-0.000195,D,False
FL-15,FL,15,Likely R,Challenger,-3.487792213850338,1345467.21,2308268.92,428772.03,571220.63,-10.30699792452895,-9.647,6.054,0.0443413474729624,0.0555,1.8360636770317042e-08,0.080285,0.0,0.000572,-0.000572,R,False
NY-04,NY,4,Lean D,Challenger,5.110116322913344,4061054.87,1054192.62,1968330.13,2044340.93,3.7904849346458462,1.705,6.15,0.7311794003227168,0.6092,4.54289460026032e-08,0.067387,0.0,0.002624,-0.002624,D,False
MD-03,MD,3,Likely D,Open,8.507214711156301,186604.0,532935.34,1967896.39,31642.69,3.211098994492622,8.975,8.318,0.6502640093803913,0.8597,2.673647454524218e-07,0.057919,0.15,0.002623,0.147377,D,False
CA-21,CA,21,Safe D,Incumbent,9.24463230357992,1152172.5699999998,701893.2,691703.0,645589.85,23.755202476767472,23.755,10.801,0.986075660352348,0.9861,5.6047866223437984e-08,0.056048,0.0,0.000922,-0.000922,D,False
NY-22,NY,22,Toss-Up,Challenger,0.758852657433734,5983472.66,1031796.09,3466163.52,1876099.42,-1.3490968203342435,-2.537,5.898,0.4095324415676945,0.3335,4.08059280967443e-08,0.050143,0.0,0.00462,-0.00462,D,False
NH-02,NH,2,Lean D,Open,1.2041262086251447,2737229.29,910775.75,3928838.51,650977.86,-1.3478961840349593,-0.766,7.754,0.4310029925842722,0.4606,6.032758542843256e-08,0.048547,0.0,0.005237,-0.005237,D,False
ME-02,ME,2,Lean R,Incumbent,-5.701764426813255,4911782.36,2513995.17,6353176.78,2273223.17,10.641751327594683,13.092,10.439,0.8459936217663606,0.8951,6.97912091882678e-08,0.04601,0.0,0.008468,-0.008468,D,False
DE-00,DE,0,Likely D,Open,6.127682804332846,1474801.32,337808.46,3581615.37,39717.47,5.171454225840418,6.016,8.13,0.7376386455123511,0.7704,9.571580505162794e-08,0.044603,0.0,0.004774,-0.004774,D,False
CA-31,CA,31,Safe D,Open,16.10022520246681,71712.23,28895.0,543939.06,0.0,18.55053351953247,18.551,8.948,0.9809234576832716,0.9809,4.1087470131308345e-08,0.041087,0.0,0.000725,-0.000725,D,False
PA-01,PA,1,Toss-Up,Challenger,-0.3294379916098378,1049879.17,2038346.78,3592806.96,2294159.91,-6.7089766777958655,-4.166,5.873,0.1266745264774099,0.239,4.9775688080499253e-08,0.038984,0.0,0.004789,-0.004789,R,False
NY-02,NY,2,Likely R,Challenger,-3.774283387941013,1342506.11,1486543.38,856225.84,1112351.8,-9.56539758612212,-9.943,6.071,0.0575640861508938,0.0507,2.910606506892799e-08,0.037849,0.0,0.001141,-0.001141,R,False
ME-01,ME,1,Safe D,Incumbent,8.0535576548473,291595.1,398212.58,324930.03,122597.69,29.99150522017541,29.992,10.678,0.997513446163506,0.9975,3.683972106197283e-08,0.03684,0.0,0.000433,-0.000433,D,False
PA-08,PA,8,Toss-Up,Incumbent,-4.501763513589582,23830266.84,2616644.67,5986382.71,1782977.17,19.192546499614608,15.623,10.32,0.9685448132546044,0.935,5.912835694007851e-09,0.036073,0.0,0.007979,-0.007979,R,False
MD-06,MD,6,Lean D,Open,1.142896202854865,915481.43,1323025.48,5411758.77,801562.12,-4.060315798242343,-0.777,7.75,0.3001685032348541,0.4601,8.706485478859305e-08,0.035801,0.0,0.007213,-0.007213,D,False
MI-08,MI,8,Toss-Up,Open,-0.8913436295996224,2996169.34,746328.4,5037450.14,703023.06,-3.690297241590108,-3.292,7.731,0.3165658739439755,0.3351,5.344325579636963e-08,0.035663,0.0,0.006714,-0.006714,D,False
CA-06,CA,6,Likely D,Incumbent,7.578196341651678,771555.0499999999,2091973.18,458165.56,172729.28,6.799211433478192,29.401,10.629,0.7388084328778084,0.9972,2.435048687553341e-07,0.029573,0.15,0.000611,0.149389,D,False
NM-01,NM,1,Lean D,Challenger,4.293054721329781,4857587.81,812092.89,8100492.64,21132.55,3.0971172106687304,3.756,6.101,0.6941338931362389,0.7309,4.3937955084085975e-08,0.028869,0.0,0.010797,-0.010797,D,False
OR-04,OR,4,Likely D,Incumbent,3.825133909939837,3630598.47,4251688.4,1504037.43,662547.39,14.314170617508898,23.67,10.253,0.918663867952462,0.9895,4.248302168277876e-08,0.028509,0.0,0.002005,-0.002005,D,False
TX-32,TX,32,Safe D,Open,13.571719379477386,2758114.75,271994.64,1513181.22,111281.55,15.079043427575868,15.079,8.733,0.9578871722644442,0.9579,2.7275934571965894e-08,0.027276,0.0,0.002017,-0.002017,D,False
OH-10,OH,10,Likely R,Challenger,-4.1762804360223,53920.64,678170.75,163088.67,650980.25,-18.1423795496412,-13.805,6.095,0.0014564382094467,0.0118,4.614326170984918e-09,0.026793,0.0,0.000217,-0.000217,R,False
NH-01,NH,1,Lean D,Incumbent,-0.6241611239493683,3690713.03,5316589.41,2817901.15,686051.6,6.066719634826644,21.452,9.942,0.7291362534113738,0.9845,8.437604152757876e-08,0.025478,0.0,0.003756,-0.003756,D,False
CA-13,CA,13,Lean D,Challenger,4.383782670392684,3460128.91,390154.69,8106125.1,1761346.96,3.4176837236328987,3.029,6.107,0.7121421250599425,0.69,6.28691531917862e-08,0.02537,0.0,0.010805,-0.010805,D,False
AZ-04,AZ,4,Lean D,Incumbent,1.6182962123334588,3372617.97,1846362.64,1959812.31,607197.81,19.27071008822872,23.074,10.038,0.9725621978599004,0.9892,2.751084739977988e-08,0.025151,0.0,0.002612,-0.002612,D,False
CA-47,CA,47,Lean D,Open,3.120100066463399,24826146.62,395497.44,5852172.33,2980735.49,2.2299118162579217,0.513,7.899,0.6111502108920142,0.5259,8.34634156117356e-09,0.024749,0.0,0.0078,-0.0078,D,False
NY-01,NY,1,Likely R,Challenger,-3.69288003904952,3085639.24,2037863.49,4388801.31,1234508.92,-8.430380132374296,-7.307,6.066,0.082311651758721,0.1142,2.1188454270047018e-08,0.024549,0.0,0.00585,-0.00585,R,False
NY-17,NY,17,Toss-Up,Challenger,2.957058137633134,11869953.37,963808.54,7850364.69,3863417.03,1.7556789664521188,0.358,6.024,0.614652072653743,0.5237,2.1454260474605016e-08,0.024482,0.0,0.010464,-0.010464,R,False
WI-01,WI,1,Lean R,Challenger,-2.905236133876948,763998.57,2003694.43,1985259.4,2320624.1,-10.82945138294273,-8.604,6.021,0.036031439117767,0.0765,2.0600166463453342e-08,0.024043,0.0,0.002646,-0.002646,R,False
KS-03,KS,3,Toss-Up,Incumbent,-2.001934384644852,5940053.27,2736290.0300000003,4289568.53,985590.01,16.055350605487817,19.98,10.075,0.9444918568288252,0.9763,2.9242725247931124e-08,0.023962,0.0,0.005718,-0.005718,D,False
OR-05,OR,5,Toss-Up,Challenger,1.3926991240531428,4212813.29,1818948.68,9400508.9,2853774.22,-1.4228625217953883,-1.016,5.934,0.405246351851747,0.4321,4.7029433664893394e-08,0.023477,0.0,0.01253,-0.01253,D,False
CA-27,CA,27,Lean D,Challenger,4.063200566994896,4331898.79,5567237.45,7641688.54,4113047.38,-0.1029234701246404,1.613,6.088,0.4932558227130325,0.6045,2.8689020434319597e-08,0.023331,0.0,0.010186,-0.010186,D,False
TX-03,TX,3,Safe R,Challenger,-12.263087849046576,150101.69,1051163.18,147270.56,67003.35,-18.578812026189112,-18.579,6.587,0.002397464502285,0.0024,2.2820803913527912e-08,0.022821,0.0,0.000196,-0.000196,R,False
TX-15,TX,15,Toss-Up,Challenger,1.0192203759560066,2127000.73,3817105.34,1842671.53,5449445.09,-4.79565107233802,-6.307,5.913,0.2086537851052639,0.1431,3.5483210217588896e-08,0.022754,0.0,0.002456,-0.002456,R,False
NY-19,NY,19,Toss-Up,Challenger,-0.9436788799621372,8840585.68,1872663.47,8259381.39,2541463.77,-3.624220112543028,-3.955,5.908,0.2697996511106961,0.2516,2.268165208043188e-08,0.021704,0.0,0.011009,-0.011009,D,False
MI-04,MI,4,Likely R,Challenger,-5.202260954909226,67405.83,1618048.98,1104226.96,1270050.63,-22.064075284958907,-11.437,6.155,0.0001687068474251,0.0316,2.698673035495371e-10,0.021035,0.0,0.001472,-0.001472,R,False
FL-23,FL,23,Likely D,Incumbent,5.290088644609193,1912604.25,218320.53,1576746.02,724947.77,31.36381148456453,25.203,10.398,0.998720718205528,0.9923,4.342236187294927e-09,0.020146,0.0,0.002102,-0.002102,D,False
NJ-03,NJ,3,Likely D,Incumbent,4.31835427530044,5884907.36,1813614.89,878820.61,191967.76,26.485525055172985,28.106,10.301,0.9949307044997142,0.9968,4.209335097406241e-09,0.019947,0.0,0.001171,-0.001171,D,False
CA-22,CA,22,Lean D,Challenger,5.826128820806293,4871893.390000001,4292661.449999999,9333270.54,1515905.22,2.9510593283205475,5.035,6.192,0.6831735888928807,0.7919,2.7168651817509278e-08,0.018472,0.0,0.01244,-0.01244,R,False
NJ-07,NJ,7,Lean R,Challenger,-2.1840325062936543,7985443.34,3587826.51,5489086.1,3382308.65,-5.95317970619752,-6.426,5.979,0.1597050539655566,0.1412,1.5241900019943652e-08,0.01832,0.0,0.007316,-0.007316,R,False
CA-23,CA,23,Safe R,Challenger,-8.137760237717675,1525888.78,664179.71,728478.04,514607.67,-14.107186443521217,-14.107,6.331,0.0129321169692099,0.0129,1.8303124568201313e-08,0.018303,0.0,0.000971,-0.000971,R,False
NM-02,NM,2,Lean D,Incumbent,1.5160307331892997,34647956.98,3331924.57,5402622.94,3011980.37,27.00844866263557,18.995,10.028,0.996463456928584,0.9709,6.354608553286877e-10,0.017935,0.0,0.007201,-0.007201,D,False
CT-05,CT,5,Lean D,Incumbent,2.141638010775665,5109930.33,1062029.57,4188059.94,2113366.92,25.578916742835503,20.567,10.088,0.9943862600493854,0.9793,5.8721765677294845e-09,0.017917,0.0,0.005582,-0.005582,D,False
GA-02,GA,2,Likely D,Incumbent,3.2435955198042765,1419877.05,1650897.66,694444.19,53238.08,13.672786810235104,29.581,10.196,0.9100487135081344,0.9981,1.182551226872913e-07,0.017738,0.1,0.000926,0.099074,D,False
VA-10,VA,10,Lean D,Open,4.930169768920273,2637908.6,4837012.01,2342712.88,9531954.86,0.0527603732537843,-2.466,8.037,0.5026188620943017,0.3795,2.8765899456179545e-08,0.017275,0.0,0.003123,-0.003123,D,False
PA-17,PA,17,Lean D,Incumbent,0.060852313130244,10980896.75,3329521.97,3466305.96,874988.8,21.238335535422284,22.145,9.888,0.9841346914845336,0.9874,6.4076554921342126e-09,0.017272,0.0,0.00462,-0.00462,D,False
MN-02,MN,2,Lean D,Incumbent,-0.1442799779242359,5289165.6,2834806.78,5833584.27,2347642.15,17.23203630127905,19.307,9.896,0.9591794941073216,0.9745,2.4863044958853343e-08,0.016764,0.0,0.007776,-0.007776,D,False
NC-11,NC,11,Safe R,Challenger,-8.230709932398778,2779003.89,1234519.54,634423.71,542026.69,-14.582803600219744,-14.583,6.337,0.0106869956772478,0.0107,1.6374546894865824e-08,0.016375,0.0,0.000846,-0.000846,R,False
NE-02,NE,2,Toss-Up,Challenger,-0.5855479710474842,7757566.72,1915076.62,12259864.45,3235410.5,-3.29985874550843,-3.359,5.888,0.2875881992916651,0.2842,2.6010761650351143e-08,0.016145,0.0,0.016341,-0.016341,R,False
TX-34,TX,34,Safe D,Incumbent,11.644424539330869,2282885.49,3613569.67,3682660.29,5765366.29,20.31846747497573,20.318,11.053,0.9669934418807052,0.967,1.6065109013635282e-08,0.016065,0.0,0.004909,-0.004909,D,False
VA-02,VA,2,Lean R,Challenger,-2.661735182405322,8331537.24,3259444.85,2737920.22,3666558.91,-6.37333897753342,-8.628,6.007,0.1443310660417641,0.0754,1.4159166340934882e-08,0.016037,0.0,0.003649,-0.003649,R,False
RI-01,RI,1,Safe D,Challenger,12.30038609480771,1511156.73,45441.69,1895824.57,192994.84,13.374981871802042,13.375,6.589,0.9788096731994528,0.9788,1.5923937173383648e-08,0.015924,0.0,0.002527,-0.002527,D,False
MI-07,MI,7,Toss-Up,Open,-2.55840954579728,8261846.81,2690302.54,6106245.96,3479823.74,-6.034533688685072,-6.768,7.856,0.2212028920285631,0.1945,1.4978260659974903e-08,0.015859,0.0,0.008139,-0.008139,R,False
FL-22,FL,22,Likely D,Incumbent,7.92701110812219,1048111.9,936347.46,1261439.45,636397.0,22.579079118230176,27.819,10.665,0.9828765778014836,0.9955,4.5689684204432215e-08,0.014962,0.0,0.001681,-0.001681,D,False
NV-01,NV,1,Likely D,Incumbent,3.166679853281812,3660670.92,1918473.8,1464087.85,284074.08,21.55860652329595,27.125,10.188,0.9828308190959794,0.9961,1.7061314668239486e-08,0.014759,0.0,0.001951,-0.001951,D,False
IA-03,IA,3,Lean R,Challenger,-2.591819058935757,5141137.83,2579589.75,9121177.59,2778090.39,-6.617588742981273,-6.007,6.003,0.1351297309362057,0.1585,2.0340427147967e-08,0.014688,0.0,0.012158,-0.012158,R,False
AZ-06,AZ,6,Likely R,Challenger,-3.0859031340330274,3528587.0900000003,3720200.13,6933953.76,3626926.69,-8.594538134927491,-7.297,6.031,0.077073365665689,0.1132,1.4338602766481857e-08,0.013067,0.0,0.009242,-0.009242,R,False
CA-03,CA,3,Likely R,Challenger,-4.260867603951912,2830527.78,3467009.77,2815071.91,3014958.68,-10.408878727940769,-10.098,6.1,0.0439582487075161,0.0489,1.0494549908072854e-08,0.012349,0.0,0.003752,-0.003752,R,False
IN-01,IN,1,Likely D,Incumbent,3.573714791027988,3738679.06,2863699.79,2031701.11,521644.97,18.70903460811604,26.467,10.228,0.9663158663440092,0.9952,2.5288281105833188e-08,0.012245,0.0,0.002708,-0.002708,D,False
MA-09,MA,9,Likely D,Incumbent,5.6093782672373695,368629.0,137187.29,332908.89,525.0,27.01433553038252,34.192,10.43,0.9952021911489984,0.9995,6.023792372720031e-08,0.01213,0.0,0.000444,-0.000444,D,False
CO-08,CO,8,Lean D,Incumbent,-0.9917513678841472,6144690.45,1816303.49,6408380.66,1476152.99,20.05493308963948,21.234,9.977,0.9777872191696174,0.9833,1.5198595888884437e-08,0.012018,0.0,0.008542,-0.008542,R,False
WI-08,WI,8,Safe R,Open,-10.173587881331,1464948.27,1149982.46,2662325.57,709018.63,-15.365428845510417,-15.365,8.452,0.0345422131934273,0.0345,1.157919578696768e-08,0.011579,0.0,0.003549,-0.003549,R,False
TX-28,TX,28,Likely D,Incumbent,5.10353280309821,22635035.0,3276256.86,1261629.11,280085.73,30.512449986669843,29.023,10.379,0.9983574308182424,0.9974,4.494354463029394e-10,0.011399,0.0,0.001682,-0.001682,D,False
VA-07,VA,7,Toss-Up,Open,0.6168037879000998,6978732.77,5417553.32,17523791.3,2011768.45,-3.3319363684276007,-1.308,7.711,0.332830906365408,0.4327,1.651648308244605e-08,0.011342,0.0,0.023357,-0.023357,D,False
IL-17,IL,17,Lean D,Incumbent,2.1001234628320264,5169752.66,3555039.98,3510548.03,944499.02,17.896134141109084,24.399,10.084,0.9620247502438322,0.9922,2.1417454825935767e-08,0.010848,0.0,0.004679,-0.004679,D,False
WA-03,WA,3,Toss-Up,Incumbent,-4.816242854185046,3706684.69,6296665.31,12118061.58,685083.88,-1.4644282908070494,19.921,10.351,0.4437453660599822,0.9729,8.698607297192588e-08,0.010773,0.0,0.016152,-0.016152,D,False
TX-07,TX,7,Safe D,Challenger,13.729817763471855,2305494.85,169032.02,1739181.97,167381.55,15.186920110755125,15.187,6.681,0.9884959697270248,0.9885,1.018011713718981e-08,0.01018,0.0,0.002318,-0.002318,D,False
CO-07,CO,7,Lean D,Incumbent,2.769295170062125,2434452.75,1971564.33,1174245.18,52442.7,17.14049502522165,29.676,10.149,0.9543763086880388,0.9983,4.88874800417762e-08,0.010171,0.0,0.001565,-0.001565,D,False
MI-03,MI,3,Lean D,Incumbent,0.5192327169860678,5026544.62,3019269.65,3836953.07,607659.44,17.121865811379166,24.501,9.932,0.957636022346007,0.9932,2.5776585162194464e-08,0.009838,0.0,0.005114,-0.005114,D,False
IA-01,IA,1,Likely R,Challenger,-3.23919947167052,2725605.85,2875507.69,15358568.86,2234639.1,-8.78762016022153,-6.253,6.04,0.0728476391515307,0.1503,1.7747351327371305e-08,0.009527,0.0,0.020471,-0.020471,R,False
MI-10,MI,10,Likely R,Challenger,-3.3435538497304127,1875699.04,4624723.86,2465780.39,4647146.12,-11.18442093582112,-10.389,6.046,0.0321659909675726,0.0429,7.953593375099909e-09,0.009192,0.0,0.003287,-0.003287,R,False
NC-12,NC,12,Safe D,Incumbent,12.402821989006105,342264.92,208271.56,199253.7,42141.89,38.36336627610134,38.363,11.133,0.9997152767992472,0.9997,8.930569685502211e-09,0.008931,0.0,0.000266,-0.000266,D,False
IL-11,IL,11,Likely D,Incumbent,5.085982935594202,2232389.68,2345810.04,2047764.33,562494.4,17.195177275370916,28.039,10.378,0.951234704829293,0.9966,4.852168234517597e-08,0.008729,0.0,0.002729,-0.002729,D,False
FL-13,FL,13,Likely R,Challenger,-5.446031223054323,4029855.2,5525503.1,2185319.64,2764748.05,-12.165769914522516,-11.968,6.169,0.0243080610949072,0.0262,4.193367279308559e-09,0.008619,0.0,0.002913,-0.002913,R,False
CA-41,CA,41,Likely R,Challenger,-3.549850628790136,3902287.91,2350539.93,9982068.7,4783169.87,-8.09710903126908,-7.75,6.058,0.0906786919079553,0.1004,1.8692393837639212e-08,0.008531,0.0,0.013305,-0.013305,R,False
CA-45,CA,45,Lean D,Challenger,3.405664749834103,4498799.3,4610731.43,27120855.67,4716765.14,-0.4033861110502407,1.961,6.05,0.4734185722768327,0.6271,3.1322028011774304e-08,0.008522,0.0,0.036149,-0.036149,D,False
AZ-07,AZ,7,Safe D,Incumbent,15.636005284412564,447764.56,-1262849.95,474597.04,300504.0,35.612052056945025,35.612,11.485,0.9990350145205268,0.999,8.336155392911817e-09,0.008336,0.0,0.000633,-0.000633,D,False
OH-09,OH,9,Toss-Up,Incumbent,-2.6750752258288104,1949470.8,1212574.31,9824596.64,937806.01,12.823273281628632,21.776,10.14,0.8969966330254786,0.9841,1.2757062766590508e-07,0.008311,0.15,0.013095,0.136905,D,False
AZ-01,AZ,1,Lean R,Challenger,-2.448492787482301,2586581.0000000005,723517.86,23182445.12,1753393.57,-5.744058028055557,-4.99,5.994,0.1689665691136549,0.2026,5.51248750714653e-08,0.00819,0.0,0.0309,-0.0309,R,False
SC-01,SC,1,Likely R,Challenger,-7.794760907709938,2030313.47,4198136.16,991604.43,1181000.83,-16.214241799087734,-14.759,6.31,0.0050921206537305,0.0097,1.6167428950522835e-09,0.008163,0.0,0.001322,-0.001322,R,False
CO-05,CO,5,Safe R,Open,-10.35789116985529,38398.07,347860.39,167088.43,733287.34,-21.84657097447343,-21.847,8.467,0.0049389986548735,0.0049,8.097102024826166e-09,0.008097,0.0,0.000223,-0.000223,R,False
NY-25,NY,25,Likely D,Incumbent,6.997501041410814,962325.4,502637.2,507094.16,37150.21,26.386162792130587,34.355,10.57,0.993725616166401,0.9994,2.6044069213753933e-08,0.008036,0.0,0.000676,-0.000676,D,False
NV-04,NV,4,Likely D,Incumbent,3.217223200349606,7656706.31,1991191.77,2839413.7,595400.55,25.960802261565924,26.891,10.193,0.9945663042719864,0.9958,3.611301757220283e-09,0.008006,0.0,0.003785,-0.003785,D,False
WI-03,WI,3,Likely R,Challenger,-4.072955843970282,3185166.15,5612154.53,5883499.69,5011673.47,-11.1113576469209,-9.379,6.089,0.0340040883312841,0.0617,6.106362829589269e-09,0.007959,0.0,0.007842,-0.007842,R,False
CA-38,CA,38,Safe D,Incumbent,15.524643438248566,452872.75,230347.89,391955.37,216460.79,36.62966395850356,36.63,11.473,0.9992955513488871,0.9993,7.958589505732762e-09,0.007959,0.0,0.000522,-0.000522,D,False
PA-07,PA,7,Toss-Up,Incumbent,-2.2695414278169013,7461211.25,2524699.94,9144295.17,886645.14,17.714834777913417,22.252,10.101,0.960271504549248,0.9862,1.9381332282778118e-08,0.007933,0.0,0.012188,-0.012188,R,False
UT-02,UT,2,Safe R,Open,-11.340716989963664,114211.91,812589.6100000001,318156.81,857462.82,-21.444991333341157,-21.445,8.548,0.0060564113456024,0.0061,7.358841284010853e-09,0.007359,0.0,0.000424,-0.000424,R,False
PA-10,PA,10,Likely R,Challenger,-5.326025754717467,599438.1,2652142.84,6675074.63,3601588.21,-15.59970952890831,-10.145,6.162,0.0056793482206872,0.0498,3.500197130928259e-09,0.007036,0.0,0.008897,-0.008897,R,False
NJ-02,NJ,2,Likely R,Challenger,-4.761067754946824,561196.59,2146434.47,912368.05,2675941.97,-14.387600514589222,-13.502,6.129,0.0094505114192326,0.0138,6.622877696754211e-09,0.006942,0.0,0.001216,-0.001216,R,False
OH-15,OH,15,Likely R,Challenger,-6.124369085418522,822580.8,4082854.93,204639.99,918127.39,-17.00546900923699,-16.645,6.21,0.0030860101390557,0.0037,1.3335914692713443e-09,0.00682,0.0,0.000273,-0.000273,R,False
VA-01,VA,1,Likely R,Challenger,-6.880373957461114,590191.24,1030059.98,634444.06,1413780.54,-14.59193409738634,-15.293,6.255,0.0098286591246562,0.0072,1.1206764939167613e-08,0.006782,0.0,0.000846,-0.000846,R,False
CA-49,CA,49,Lean D,Incumbent,2.7222366320874105,14798577.98,3694761.48,4430338.07,1075464.28,25.529541930878526,25.656,10.145,0.994074750776921,0.9943,2.0443994495209213e-09,0.006654,0.0,0.005905,-0.005905,D,False
IN-07,IN,7,Safe D,Incumbent,18.607074845547505,374625.63,185749.96,347742.97,244320.0,38.38884842219973,38.389,11.817,0.9994199432781226,0.9994,6.633511970674493e-09,0.006634,0.0,0.000464,-0.000464,D,False
NY-03,NY,3,Lean D,Incumbent,1.705849946619914,6917944.62,1521377.72,7432273.42,2311624.76,24.80599040567925,23.163,10.046,0.9932299514600392,0.9894,5.091078662805214e-09,0.006516,0.0,0.009906,-0.009906,D,False
AZ-08,AZ,8,Safe R,Open,-10.181826844449173,13046.66,701155.61,466676.08,1337550.08,-20.193707881659797,-20.194,8.453,0.0084492993628117,0.0084,6.509016491858352e-09,0.006509,0.0,0.000622,-0.000622,R,False
VA-05,VA,5,Likely R,Challenger,-6.758397945939892,876255.1000000001,982218.83,344421.33,1119298.42,-13.323142653152846,-16.33,6.248,0.0164836919748195,0.0045,1.5300695420611473e-08,0.006199,0.0,0.000459,-0.000459,R,False
OH-13,OH,13,Lean D,Incumbent,-0.4196957081654351,5382657.28,1795117.86,6877720.9,777812.05,20.112687028243567,24.235,9.923,0.9786663630078064,0.9927,1.6382701646250142e-08,0.00607,0.0,0.009167,-0.009167,D,False
RI-02,RI,2,Likely D,Incumbent,3.771260111147329,28523418.410000004,1729690.48,1169643.62,3619.55,30.584119024845062,31.856,10.247,0.9985801737576196,0.9991,3.414289936695334e-10,0.006031,0.0,0.001559,-0.001559,D,False
IL-06,IL,6,Likely D,Incumbent,3.301383295087996,5833930.899999999,1719089.53,1976036.77,137673.74,25.44817233143903,29.802,10.201,0.9936954595451556,0.9983,5.258811050301475e-09,0.005915,0.0,0.002634,-0.002634,D,False
NY-20,NY,20,Likely D,Incumbent,6.380110330079763,765789.1499999999,958676.47,560327.99,0.0,16.685781554345496,35.193,10.507,0.9438556776661468,0.9996,1.4226287314135124e-07,0.005661,0.15,0.000747,0.149253,D,False
NY-18,NY,18,Lean D,Incumbent,0.6565680576901656,4045835.16,1394272.84,7411879.41,1295965.79,21.27099398122492,24.35,9.945,0.983774589882458,0.9928,1.7083583500753972e-08,0.005246,0.0,0.009879,-0.009879,D,False
PA-06,PA,6,Likely D,Incumbent,4.3527128827801125,3028211.4,1033967.89,1321366.29,38794.32,25.955936249016627,31.995,10.305,0.9941126438408276,0.999,9.108699822080494e-09,0.005236,0.0,0.001761,-0.001761,D,False
NV-03,NV,3,Lean D,Incumbent,1.8001935367752464,27792878.41,1806552.47,4312867.76,496836.7,28.022286614172085,26.972,10.055,0.9973389891315078,0.9963,6.293748145094165e-10,0.005154,0.0,0.005749,-0.005749,D,False
OH-01,OH,1,Lean D,Incumbent,1.4899957446163237,2451554.87,1284844.65,2779339.3,0.0,19.45696064999253,29.07,10.025,0.9738591126384314,0.9981,3.6950366844666014e-08,0.004877,0.0,0.003705,-0.003705,D,False
NM-03,NM,3,Likely D,Incumbent,3.975987688144228,3493787.34,231770.27,1720654.63,73223.3,30.718323082196203,31.233,10.268,0.9986132575106454,0.9988,2.708086668966328e-09,0.004835,0.0,0.002293,-0.002293,D,False
FL-14,FL,14,Safe D,Incumbent,8.855974120729392,970804.22,211312.32,509773.16,39396.58,36.59660196135931,36.597,10.76,0.9996643365731036,0.9997,4.7359923455848915e-09,0.004736,0.0,0.000679,-0.000679,D,False
CA-09,CA,9,Likely D,Incumbent,4.989054547840372,6573251.67,1227939.6,4507023.42,1335500.51,29.546151746745128,27.534,10.368,0.9978123232354096,0.996,1.9390115550385717e-09,0.004418,0.0,0.006007,-0.006007,D,False
MO-05,MO,5,Safe D,Incumbent,10.413225733597686,273712.84,28755.0,462883.3,56720.57,37.60903594090829,37.609,10.923,0.9997125735591922,0.9997,4.2674725251637585e-09,0.004267,0.0,0.000617,-0.000617,D,False
VA-04,VA,4,Safe D,Challenger,15.574281632020249,333989.99,373071.65,1941934.59,125256.56,17.623186433393556,17.623,6.8,0.9952240298694908,0.9952,4.247032282163785e-09,0.004247,0.0,0.002588,-0.002588,D,False
PA-04,PA,4,Likely D,Incumbent,6.721307114718512,1041613.63,2777486.23,806676.21,18892.0,6.000221497186047,35.093,10.542,0.7153807903809729,0.9996,1.9212256102924876e-07,0.004101,0.15,0.001075,0.148925,D,False
NJ-09,NJ,9,Safe D,Incumbent,9.263237829680254,618495.52,321799.42000000004,556919.28,48175.61,36.91236422510617,36.912,10.803,0.999683396055766,0.9997,4.0547296887321015e-09,0.004055,0.0,0.000742,-0.000742,D,False
OR-06,OR,6,Likely D,Incumbent,3.5943373465252613,4951178.94,1409510.24,3782290.61,531924.88,25.99184682479537,28.704,10.23,0.9944693581703896,0.9975,5.543989190958721e-09,0.004023,0.0,0.005041,-0.005041,D,False
CO-03,CO,3,Likely R,Open,-7.619998140340705,7969852.44,6999606.87,16853163.22,2238644.26,-13.87462412762534,-11.688,8.248,0.0462586529445696,0.0782,3.3942531433836636e-09,0.004013,0.0,0.022464,-0.022464,R,False
FL-09,FL,9,Safe D,Incumbent,9.587847940804794,489785.37,861745.5199999999,739349.51,109556.78,36.06058815015672,36.061,10.836,0.999562219712061,0.9996,3.892779304218676e-09,0.003893,0.0,0.000985,-0.000985,D,False
CA-26,CA,26,Safe D,Incumbent,8.003792259311972,1346493.89,2307593.88,802508.4,62754.66,35.51005772064312,35.51,10.673,0.9995613606002914,0.9996,3.885608657082489e-09,0.003886,0.0,0.00107,-0.00107,D,False
CA-25,CA,25,Likely D,Incumbent,6.785435303968063,1335663.17,853208.86,1375473.98,141638.99,24.43957972687889,33.466,10.548,0.9897448596390044,0.9992,2.6900657956409826e-08,0.003706,0.0,0.001833,-0.001833,D,False
WA-08,WA,8,Lean D,Incumbent,0.9197171183407572,9796580.5,2038121.32,5080931.14,147981.7,24.044383703841515,27.701,9.97,0.9920580832672335,0.9973,4.211145962269889e-09,0.003679,0.0,0.006772,-0.006772,D,False
IL-14,IL,14,Likely D,Incumbent,3.54197654493737,5768316.48,811024.46,3321444.51,302665.26,28.63934037160288,29.651,10.225,0.9974524865895892,0.9981,2.6763402695467642e-09,0.003665,0.0,0.004427,-0.004427,D,False
TN-05,TN,5,Safe R,Challenger,-9.101000979194431,1845732.43,4166894.5,418611.7,936808.76,-18.07868171161578,-18.079,6.39,0.0023329428987828,0.0023,3.636021913546242e-09,0.003636,0.0,0.000558,-0.000558,R,False
NY-11,NY,11,Likely R,Challenger,-5.641502588722533,4339803.44,3029952.8000000003,273868.12,1564360.49,-10.964632113563416,-16.915,6.181,0.0380384989936047,0.0031,7.862474674999646e-09,0.003594,0.0,0.000365,-0.000365,R,False
FL-07,FL,7,Likely R,Challenger,-5.117554716684672,680593.13,5737629.08,123814.49,1069151.55,-17.735118803127367,-17.828,6.15,0.0019647724844112,0.0019,6.845989576498939e-10,0.003526,0.0,0.000165,-0.000165,R,False
IL-13,IL,13,Likely D,Incumbent,3.4188055743444465,3122096.7,1233088.3,2577542.24,71948.0,23.89369258587665,30.858,10.213,0.9903478115064458,0.9987,1.3250698835227702e-08,0.003502,0.0,0.003436,-0.003436,D,False
CT-03,CT,3,Likely D,Incumbent,6.922120923630809,1288911.05,50000.0,799118.29,3129.27,35.004292027543485,35.783,10.562,0.9995402451789704,0.9996,2.6506651360423475e-09,0.003456,0.0,0.001065,-0.001065,D,False
WA-05,WA,5,Safe R,Challenger,-8.078962030869253,507345.06,2386928.0,554099.69,1421956.79,-17.22006107711294,-17.22,6.328,0.0032496833069997,0.0032,3.399151568786032e-09,0.003399,0.0,0.000739,-0.000739,R,False
SC-04,SC,4,Safe R,Challenger,-12.715665017842142,23247.0,511447.83,508352.22,355348.84,-19.8132022986038,-19.813,6.616,0.0013729374749084,0.0014,3.3943427687428764e-09,0.003394,0.0,0.000678,-0.000678,R,False
NC-01,NC,1,Lean D,Incumbent,2.6847642563189944,2289216.6,1739564.1900000002,8511610.34,1933890.21,17.6730725385139,25.896,10.141,0.9593108256443446,0.9947,4.878327948378609e-08,0.003296,0.0,0.011345,-0.011345,D,False
WA-10,WA,10,Likely D,Incumbent,6.465507414278027,1167243.37,174805.77,1150466.21,26855.0,32.11858455818443,34.774,10.516,0.9988717906354962,0.9995,6.0755444046295715e-09,0.003102,0.0,0.001533,-0.001533,D,False
IA-02,IA,2,Likely R,Challenger,-4.036017317545893,3792926.58,5048481.16,477091.38,3253294.79,-10.32992168322643,-15.576,6.086,0.0448284605110598,0.0052,7.611627462015919e-09,0.002882,0.0,0.000636,-0.000636,R,False
TX-24,TX,24,Safe R,Challenger,-11.114874528587617,593234.1799999999,1417920.95,1139074.63,892291.53,-18.02033963136528,-18.02,6.515,0.0028368765722387,0.0028,2.835798843064304e-09,0.002836,0.0,0.001518,-0.001518,R,False
MS-02,MS,2,Safe D,Incumbent,11.473888206130106,613578.04,55115.03,435270.81,32565.12,39.92722495424604,39.927,11.035,0.9998517744968094,0.9999,2.527290806093143e-09,0.002527,0.0,0.00058,-0.00058,D,False
OR-03,OR,3,Safe D,Open,22.427199819667493,376932.72,9925.0,1530978.36,15329.54,26.42972648351271,26.43,9.509,0.997278412696379,0.9973,2.439798226345456e-09,0.00244,0.0,0.002041,-0.002041,D,False
CO-06,CO,6,Safe D,Incumbent,8.034491840473857,2296194.68,255307.39,1821690.15,253953.58,34.28990923178106,34.29,10.676,0.9993407305856744,0.9993,2.3605028608675795e-09,0.002361,0.0,0.002428,-0.002428,D,False
CA-40,CA,40,Lean R,Challenger,-2.3490241947268897,3059846.95,6999757.74,660258.61,6010188.08,-9.714015606426454,-14.586,5.989,0.0523911821974212,0.0074,7.710640857680449e-09,0.002232,0.0,0.00088,-0.00088,R,False
TN-09,TN,9,Safe D,Incumbent,22.62624564209648,119849.49,555671.19,120903.16,48447.35,47.86780196919644,47.868,12.283,0.9999513410950146,1.0,2.196860473736373e-09,0.002197,0.0,0.000161,-0.000161,D,False
MA-01,MA,1,Safe D,Incumbent,8.575942547188976,1042807.26,17202.89,752821.17,0.0,37.9426246935341,37.943,10.732,0.999796589781883,0.9998,2.1721013196621113e-09,0.002172,0.0,0.001003,-0.001003,D,False
MN-05,MN,5,Safe D,Challenger,29.534822063444928,2693695.38,3598762.9,86810.0,2215178.56,21.40786048643215,21.408,7.776,0.9970474785461464,0.997,2.1462993887030092e-09,0.002146,0.0,0.000116,-0.000116,D,False
PA-16,PA,16,Safe R,Challenger,-12.68595112222987,449272.34,499061.1,656391.88,544088.32,-20.09349796716177,-20.093,6.614,0.0011904674379134,0.0012,2.1441622130315246e-09,0.002144,0.0,0.000875,-0.000875,R,False
TN-07,TN,7,Safe R,Open,-10.102757532277788,0.0,1735537.65,1207217.05,3874099.59,-20.461957467787578,-20.462,8.447,0.0077074842796987,0.0077,2.133567168448938e-09,0.002134,0.0,0.001609,-0.001609,R,False
NJ-06,NJ,6,Safe D,Incumbent,8.090405096667297,1123162.48,476142.95,1295550.79,77348.45,36.01291601449398,36.013,10.682,0.9996261930949392,0.9996,2.109356409023193e-09,0.002109,0.0,0.001727,-0.001727,D,False
MI-11,MI,11,Likely D,Incumbent,6.989361726624355,6385827.029999999,634919.01,1469802.92,24284.91,33.795208316687315,35.583,10.569,0.9993069376666952,0.9996,7.382782153111152e-10,0.001992,0.0,0.001959,-0.001959,D,False
MI-06,MI,6,Safe D,Incumbent,10.53660625108362,626811.71,804105.8,475303.26,1435.6,40.32882150895474,40.329,10.936,0.9998869167542792,0.9999,1.9419383387999115e-09,0.001942,0.0,0.000634,-0.000634,D,False
HI-01,HI,1,Safe D,Incumbent,14.514952454064334,602354.8300000001,77925.44,152921.51,0.0,45.37870361054583,45.379,11.362,0.9999675150131636,1.0,1.7969420987256251e-09,0.001797,0.0,0.000204,-0.000204,D,False
SC-06,SC,6,Safe D,Incumbent,14.673162065264773,1781538.84,193346.47,736486.77,207325.86,39.92782012598522,39.928,11.379,0.9997750149136896,0.9998,1.7938307265343287e-09,0.001794,0.0,0.000982,-0.000982,D,False
MT-01,MT,1,Likely R,Challenger,-6.648156748725844,4507970.73,661536.76,5447238.77,7952758.75,-10.524607575194665,-13.827,6.241,0.0458654857136678,0.0134,1.2908430293668836e-08,0.001774,0.0,0.007261,-0.007261,R,False
AZ-02,AZ,2,Likely R,Challenger,-6.433271888721167,3503891.04,4684510.3,5320391.09,8412660.34,-13.336511261716549,-13.767,6.228,0.01612496855621,0.0135,3.4192943633554773e-09,0.001754,0.0,0.007092,-0.007092,R,False
MI-01,MI,1,Safe R,Challenger,-12.864139449304291,539750.2,660143.57,969169.32,645798.34,-19.915190952610388,-19.915,6.625,0.0013236927818992,0.0013,1.7530571794129623e-09,0.001753,0.0,0.001292,-0.001292,R,False
IL-10,IL,10,Safe D,Incumbent,11.04113176541972,2384385.69,39575.0,2242846.93,659770.29,35.15362750924749,35.154,10.989,0.9993105976290306,0.9993,1.708282217451059e-09,0.001708,0.0,0.002989,-0.002989,D,False
CT-01,CT,1,Safe D,Incumbent,11.52663853099498,1210754.0,132762.21000000002,481191.76,6731.0,41.32063752442605,41.321,11.04,0.9999089954666872,0.9999,1.5323560251342736e-09,0.001532,0.0,0.000641,-0.000641,D,False
KY-03,KY,3,Safe D,Incumbent,8.079431177631157,2777314.62,494292.0,1241661.21,0.0,37.32095579836164,37.321,10.68,0.9997623653396042,0.9998,1.5300713488672151e-09,0.00153,0.0,0.001655,-0.001655,D,False
NJ-11,NJ,11,Likely D,Incumbent,5.375678065707767,4645973.38,721217.51,3281322.3,81785.45,30.64526158566142,33.374,10.407,0.998384185995168,0.9993,2.1318694210702074e-09,0.001519,0.0,0.004374,-0.004374,D,False
OH-07,OH,7,Likely R,Challenger,-7.01551308297736,237717.6,1729601.05,83713.43,780037.64,-19.53415142580328,-20.488,6.263,0.0009076704179094,0.0005,1.0814890420694483e-09,0.001514,0.0,0.000112,-0.000112,R,False
WA-02,WA,2,Safe D,Incumbent,9.080595379195262,793128.29,58017.23,966214.09,2070.0,38.52573484257612,38.526,10.784,0.9998232660851176,0.9998,1.473566598255702e-09,0.001474,0.0,0.001288,-0.001288,D,False
NJ-12,NJ,12,Safe D,Incumbent,15.154219911894874,448763.34,264839.72,401537.2,54933.59,43.25901971482702,43.259,11.432,0.9999228714213708,0.9999,1.353224442476219e-09,0.001353,0.0,0.000535,-0.000535,D,False
CA-29,CA,29,Safe D,Open,27.637639681993456,577848.55,0.0,561950.5,35033.71,32.73825980040677,32.738,9.997,0.9994714889040006,0.9995,1.3371687329815491e-09,0.001337,0.0,0.000749,-0.000749,D,False
CA-46,CA,46,Safe D,Incumbent,16.58257586569293,450593.58,41965.99,352717.67,63407.0,44.20339331129775,44.203,11.59,0.9999316372244582,0.9999,1.306713511858253e-09,0.001307,0.0,0.00047,-0.00047,D,False
IN-06,IN,6,Safe R,Open,-19.774364527800465,33001.66,1322709.32,22832.79,128724.61,-34.48444037445288,-34.484,9.269,9.949496288077272e-05,0.0001,1.202697439819331e-09,0.001203,0.0,3e-05,-3e-05,R,False
MO-02,MO,2,Likely R,Challenger,-7.986075858271152,1948140.23,2823443.06,670224.91,2589627.27,-15.479889413728962,-18.446,6.322,0.0071700295217073,0.0018,2.852487859632671e-09,0.001186,0.0,0.000893,-0.000893,R,False
FL-11,FL,11,Safe R,Challenger,-8.31671764256397,14183.32,1369033.13,59028.53,525341.24,-21.929708724376034,-21.93,6.342,0.0002722335544419,0.0003,1.178400901091457e-09,0.001178,0.0,7.9e-05,-7.9e-05,R,False
NJ-05,NJ,5,Likely D,Incumbent,3.445661758280183,6077068.98,1599976.48,6661250.49,13208.48,26.188725557678463,31.474,10.215,0.9948212791210362,0.999,4.338833375572013e-09,0.001159,0.0,0.008879,-0.008879,D,False
NY-26,NY,26,Safe D,Incumbent,8.41704225398517,626683.1900000001,18482.0,1858362.7,59652.18,37.02354537599022,37.024,10.715,0.9997251064809024,0.9997,1.1308356853304023e-09,0.001131,0.0,0.002477,-0.002477,D,False
CA-39,CA,39,Safe D,Incumbent,12.638332359465792,849410.98,5329.0,694586.91,51199.02,41.40885822596135,41.409,11.159,0.9998967385854628,0.9999,1.1167678953862606e-09,0.001117,0.0,0.000926,-0.000926,D,False
PA-12,PA,12,Likely D,Incumbent,7.88100756160039,3976063.07,139345.0,2498511.25,124694.75,36.2873545129435,35.962,10.66,0.999668002373319,0.9996,6.315290693886408e-10,0.001099,0.0,0.00333,-0.00333,D,False
MA-08,MA,8,Safe D,Incumbent,14.729375410314466,532189.0,14875.0,277606.06,3303.68,45.37776703815155,45.378,11.385,0.9999663578105032,1.0,1.0090565640331499e-09,0.001009,0.0,0.00037,-0.00037,D,False
AR-02,AR,2,Safe R,Challenger,-9.052831282224066,23698.93,1695674.71,454577.07,1757301.56,-19.778072865548715,-19.778,6.387,0.0009787048555379,0.001,1.0094699307410088e-09,0.001009,0.0,0.000606,-0.000606,R,False
GA-04,GA,4,Safe D,Incumbent,26.368184394606217,131537.19,0.0,133881.96,62085.15,51.55590463642015,51.556,12.732,0.9999743053108656,1.0,1.0005612135235106e-09,0.001001,0.0,0.000178,-0.000178,D,False
CO-04,CO,4,Safe R,Open,-13.921511275641516,299947.87,1216652.45,4310100.05,4179776.53,-21.957791089221512,-21.958,8.762,0.0061067469435652,0.0061,9.99611082755127e-10,0.001,0.0,0.005745,-0.005745,R,False
FL-08,FL,8,Safe R,Challenger,-11.553985107654771,111580.01,697420.77,57727.63,296314.9,-23.8963037418252,-23.896,6.542,0.0001298188910701,0.0001,9.4158133975787e-10,0.000942,0.0,7.7e-05,-7.7e-05,R,False
NJ-01,NJ,1,Safe D,Incumbent,10.541473432003372,1075985.44,40695.0,1061942.93,15054.0,40.08288001539501,40.083,10.936,0.9998764166222778,0.9999,9.342519900561392e-10,0.000934,0.0,0.001415,-0.001415,D,False
CT-04,CT,4,Safe D,Incumbent,12.541705966334456,713601.27,404863.4,916288.24,76510.98,41.08109005109594,41.081,11.148,0.9998856250517794,0.9999,9.242842527013775e-10,0.000924,0.0,0.001221,-0.001221,D,False
FL-25,FL,25,Safe D,Incumbent,10.651298537769655,1495369.03,1857446.03,2065806.1,259828.85,37.8415568508488,37.842,10.948,0.9997264634367762,0.9997,9.083645418226737e-10,0.000908,0.0,0.002754,-0.002754,D,False
OK-05,OK,5,Safe R,Challenger,-12.644828798930217,1885724.12,4644124.82,562642.1,910892.35,-21.589414643365934,-21.589,6.611,0.0005462688663143,0.0005,8.532464324755554e-10,0.000853,0.0,0.00075,-0.00075,R,False
CA-10,CA,10,Safe D,Incumbent,18.00449331076005,233257.7,13525.0,285976.17,38179.38,46.895075759050485,46.895,11.749,0.9999671521613868,1.0,8.28054528889545e-10,0.000828,0.0,0.000381,-0.000381,D,False
MD-05,MD,5,Safe D,Incumbent,13.90135693169312,1192789.03,61006.48,466145.6,10498.32,44.10317463574057,44.103,11.295,0.9999528249722331,1.0,8.252567613333259e-10,0.000825,0.0,0.000621,-0.000621,D,False
SC-05,SC,5,Safe R,Challenger,-11.5696148738559,21882.7,538104.38,22192.33,164177.58,-25.271258698361148,-25.271,6.543,5.619824224346175e-05,0.0001,8.137135965342843e-10,0.000814,0.0,3e-05,-3e-05,R,False
GA-11,GA,11,Safe R,Challenger,-12.045124653017185,125025.93,313064.21,41025.4,225983.42,-24.7647688797074,-24.765,6.573,8.245015475865737e-05,0.0001,8.110041599701088e-10,0.000811,0.0,5.5e-05,-5.5e-05,R,False
WI-02,WI,2,Safe D,Incumbent,18.958739607660107,595873.39,144214.07,493254.97,132477.01,45.52760592617533,45.528,11.857,0.9999383834602104,0.9999,7.699188455837332e-10,0.00077,0.0,0.000657,-0.000657,D,False
CA-50,CA,50,Safe D,Incumbent,14.071194061937565,1283585.52,79644.91,425749.22,0.0,44.82308533819359,44.823,11.313,0.9999628294651048,1.0,7.363549578031167e-10,0.000736,0.0,0.000567,-0.000567,D,False
NC-02,NC,2,Safe D,Incumbent,11.44542313038604,1502271.76,121971.12,1148574.63,31756.0,40.91405576954593,40.914,11.032,0.999895889134554,0.9999,7.193820809352824e-10,0.000719,0.0,0.001531,-0.001531,D,False
MA-03,MA,3,Safe D,Incumbent,11.100187597102485,1426446.44,150674.71,1082467.26,0.0,41.10316587655237,41.103,10.995,0.9999073839640228,0.9999,7.05124480641053e-10,0.000705,0.0,0.001443,-0.001443,D,False
OH-06,OH,6,Safe R,Open,-15.378152225349016,21076.4,773910.04,64038.2,595457.91,-30.8936914480249,-30.894,8.886,0.000253798699606,0.0003,6.947606182188453e-10,0.000695,0.0,8.5e-05,-8.5e-05,R,False
MA-02,MA,2,Safe D,Incumbent,12.66908430464133,768498.04,41288.35,741403.73,0.0,43.06754039567768,43.068,11.162,0.9999429353981836,0.9999,6.426079509848935e-10,0.000643,0.0,0.000988,-0.000988,D,False
CA-28,CA,28,Safe D,Incumbent,16.169126222614,964288.65,104668.43,1187948.99,282075.4,42.598603009694905,42.599,11.544,0.9998879530943624,0.9999,5.910449856628736e-10,0.000591,0.0,0.001583,-0.001583,D,False
NC-04,NC,4,Safe D,Incumbent,16.04355221243226,1355498.47,520827.12,336576.51,149.0,47.282567876750726,47.283,11.53,0.9999794212487456,1.0,5.216399533740615e-10,0.000522,0.0,0.000449,-0.000449,D,False
FL-02,FL,2,Likely R,Challenger,-7.56900038068406,310477.49,1136752.33,38689.07,585856.71,-17.741403452002505,-23.113,6.297,0.0024189870667926,0.0001,3.5747215741930513e-09,0.00052,0.0,5.2e-05,-5.2e-05,R,False
TX-20,TX,20,Safe D,Incumbent,15.203957520397656,439572.71,266447.37,461008.96,0.0,46.24138882707396,46.241,11.437,0.9999736216361984,1.0,4.861103136917398e-10,0.000486,0.0,0.000614,-0.000614,D,False
MA-06,MA,6,Safe D,Incumbent,10.243287841991489,1567615.25,35328.0,2143452.03,0.0,40.0302641129778,40.03,10.905,0.999879136423264,0.9999,4.610622012448994e-10,0.000461,0.0,0.002857,-0.002857,D,False
CA-24,CA,24,Safe D,Incumbent,12.509524773144117,1502195.62,14216.0,1257314.73,22951.7,42.45567285471098,42.456,11.145,0.9999303546314642,0.9999,4.4970857065209215e-10,0.00045,0.0,0.001676,-0.001676,D,False
VA-06,VA,6,Safe R,Challenger,-13.950633267870009,142704.15,645446.16,211860.02,522502.02,-24.42757630297398,-24.428,6.695,0.0001317509971911,0.0001,4.490678067452917e-10,0.000449,0.0,0.000282,-0.000282,R,False
PA-05,PA,5,Safe D,Incumbent,13.93763368095236,916926.64,691144.04,827747.24,14204.45,44.268334358176666,44.268,11.299,0.9999553449387828,1.0,4.4342912922096765e-10,0.000443,0.0,0.001103,-0.001103,D,False
AZ-09,AZ,9,Safe R,Challenger,-15.971098802177186,6099444.39,1323368.08,2373509.76,432326.32,-22.32460805495947,-22.325,6.826,0.0005367276396206,0.0005,4.2602384457077744e-10,0.000426,0.0,0.003164,-0.003164,R,False
IL-08,IL,8,Likely D,Incumbent,6.424280826815448,8680407.15,223169.7,8497640.82,128614.08,34.66986425438252,34.906,10.512,0.9995133605908096,0.9996,4.2219222301835086e-10,0.000405,0.0,0.011326,-0.011326,D,False
HI-02,HI,2,Safe D,Incumbent,14.587435870590864,1087938.5799999998,27492.6,663275.85,0.0,45.46945819993319,45.469,11.37,0.999968220690603,1.0,4.054840110480071e-10,0.000405,0.0,0.000884,-0.000884,D,False
VA-03,VA,3,Safe D,Incumbent,16.85842965665598,350519.46,136650.38,382400.0,3005.0,48.134711448892205,48.135,11.62,0.9999828028613752,1.0,3.813050737131285e-10,0.000381,0.0,0.00051,-0.00051,D,False
TX-26,TX,26,Safe R,Open,-14.460784914132033,0.0,597788.37,77218.3,995644.96,-31.040217507657974,-31.04,8.808,0.0002124365856209,0.0002,3.6518923747624805e-10,0.000365,0.0,0.000103,-0.000103,R,False
AL-07,AL,7,Safe D,Incumbent,14.226682719477427,666127.08,46285.71,972896.99,19175.59,44.57324462827332,44.573,11.33,0.9999582248915526,1.0,3.523619888729814e-10,0.000352,0.0,0.001297,-0.001297,D,False
TX-22,TX,22,Safe R,Challenger,-12.074613279983732,123460.74,707561.02,67348.52,418299.57,-25.24347393624831,-25.243,6.575,6.17121338433031e-05,0.0001,3.3931296299776545e-10,0.000339,0.0,9e-05,-9e-05,R,False
OK-01,OK,1,Safe R,Challenger,-14.538246122325646,34151.44,710056.54,364924.87,699899.89,-24.420034039918217,-24.42,6.733,0.0001433091892357,0.0001,3.330776999882346e-10,0.000333,0.0,0.000486,-0.000486,R,False
NE-01,NE,1,Safe R,Challenger,-9.41435049125387,1731321.13,2012938.99,116996.93,1033441.99,-23.267471314255214,-23.267,6.409,0.0001415370616079,0.0001,3.2120804981419245e-10,0.000321,0.0,0.000156,-0.000156,R,False
MA-04,MA,4,Safe D,Incumbent,11.65184581520879,2472677.06,132198.38,2019337.32,0.0,41.79388269793831,41.794,11.053,0.9999219238855536,0.9999,3.2016609523293196e-10,0.00032,0.0,0.002692,-0.002692,D,False
KS-02,KS,2,Safe R,Challenger,-10.919753167294177,984588.23,883560.96,120511.25,817106.57,-24.13205174259588,-24.132,6.503,0.0001031630413809,0.0001,2.884355566056133e-10,0.000288,0.0,0.000161,-0.000161,R,False
TX-29,TX,29,Safe D,Incumbent,20.48251283817732,256272.66,2651.0,215469.14,6323.18,52.19230878440653,52.192,12.032,0.9999928009263293,1.0,2.7924414336506766e-10,0.000279,0.0,0.000287,-0.000287,D,False
OR-01,OR,1,Safe D,Incumbent,17.576673418835615,473345.97,0.0,408656.33,0.0,49.21220432411626,49.212,11.701,0.9999869936788848,1.0,2.7384641997312326e-10,0.000274,0.0,0.000545,-0.000545,D,False
CA-07,CA,7,Safe D,Incumbent,18.0949623630077,659371.75,48492.41,366890.42,1551.5,49.765098378926496,49.765,11.759,0.9999884165024894,1.0,2.7066885034197777e-10,0.000271,0.0,0.000489,-0.000489,D,False
WA-01,WA,1,Safe D,Incumbent,13.178214590932551,1081640.46,175289.0,1635590.56,13741.0,43.51445731282376,43.514,11.217,0.9999476470957628,0.9999,2.649904671657905e-10,0.000265,0.0,0.00218,-0.00218,D,False
CA-52,CA,52,Safe D,Incumbent,20.01619970305512,256512.71,554257.29,212759.51,0.0,52.26667135717845,52.267,11.978,0.99999359679552,1.0,2.6150502886374257e-10,0.000262,0.0,0.000284,-0.000284,D,False
NY-21,NY,21,Likely R,Open,-9.04907683505566,3763744.53,7464092.229999999,265989.02,5531699.86,-17.65986461176191,-26.251,8.362,0.0173425105146103,0.0008,1.9732945082799114e-09,0.000257,0.0,0.000355,-0.000355,R,False
VT-00,VT,0,Safe D,Incumbent,15.057806438313465,3349695.49,0.0,1019541.81,14194.59,45.74353866803598,45.744,11.421,0.9999690119297834,1.0,2.5287345260591205e-10,0.000253,0.0,0.001359,-0.001359,D,False
GA-12,GA,12,Likely R,Challenger,-7.63401355344136,184033.82,656840.22,31475.07,626892.66,-17.736148446828306,-24.314,6.301,0.0024385965334875,0.0001,6.193422626813375e-09,0.000243,0.0,4.2e-05,-4.2e-05,R,False
WI-07,WI,7,Safe R,Challenger,-12.13181484837636,66045.0,954323.11,218083.15,1005255.88,-24.232113513382952,-24.232,6.579,0.00011507970079,0.0001,2.419286713782487e-10,0.000242,0.0,0.000291,-0.000291,R,False
FL-16,FL,16,Likely R,Challenger,-7.226442069336062,50000.0,2312159.4800000004,22112.0,526408.42,-27.33141347497714,-24.545,6.276,6.653598822810393e-06,0.0,8.862063003927745e-12,0.000239,0.0,2.9e-05,-2.9e-05,R,False
WI-06,WI,6,Safe R,Challenger,-10.259029707645526,5818.24,984339.83,77421.24,731502.63,-24.58140572083114,-24.581,6.461,7.109668973437352e-05,0.0001,2.3716650616584936e-10,0.000237,0.0,0.000103,-0.000103,R,False
IL-05,IL,5,Safe D,Incumbent,18.68377102039282,359248.63,12122.0,363190.52,2600.0,50.43601919969238,50.436,11.826,0.9999899964337924,1.0,2.3575538255161853e-10,0.000236,0.0,0.000484,-0.000484,D,False
MN-04,MN,4,Safe D,Incumbent,16.427906101446403,1296851.97,121668.25,1076598.19,76334.64,46.21409584673735,46.214,11.573,0.9999674390162472,1.0,2.3446065855627616e-10,0.000234,0.0,0.001435,-0.001435,D,False
GA-01,GA,1,Safe R,Challenger,-9.338075294766409,1316638.32,1053804.58,58290.26,719028.02,-24.488351433460103,-24.488,6.405,6.575704851694445e-05,0.0001,2.3149072590016976e-10,0.000231,0.0,7.8e-05,-7.8e-05,R,False
FL-21,FL,21,Likely R,Challenger,-6.707063416602949,82136.46,5768533.859999999,235547.71,3070108.2,-28.46363118943451,-21.435,6.245,2.581050035592291e-06,0.0003,1.4550296763520785e-12,0.000231,0.0,0.000314,-0.000314,R,False
TX-16,TX,16,Safe D,Incumbent,18.43690817546573,655792.14,375223.96,688375.63,60237.57,48.37969393889913,48.38,11.798,0.999979400064922,1.0,2.2945246676082326e-10,0.000229,0.0,0.000918,-0.000918,D,False
CA-15,CA,15,Safe D,Incumbent,28.539933135818373,2212578.24,41416.37,328461.47,139467.38,54.89342188703678,54.893,13.001,0.9999879095713334,1.0,2.0052054681831359e-10,0.000201,0.0,0.000438,-0.000438,D,False
CA-33,CA,33,Safe D,Incumbent,12.701667657858678,1649403.28,9182.26,2439224.2,4100.0,43.07010098555509,43.07,11.165,0.9999427065550406,0.9999,1.9566870112279964e-10,0.000196,0.0,0.003251,-0.003251,D,False
CA-04,CA,4,Safe D,Incumbent,16.90863605237989,997629.64,7271.94,894741.21,30889.98,47.60300689140111,47.603,11.626,0.9999788459859276,1.0,1.9315744693540212e-10,0.000193,0.0,0.001193,-0.001193,D,False
CA-16,CA,16,Safe D,Open,26.442084135142792,2329620.5,60993.7,5887218.18,17895.0,31.48635184285742,31.486,9.883,0.9992788545374516,0.9993,1.8235067802781068e-10,0.000182,0.0,0.007847,-0.007847,D,False
FL-24,FL,24,Safe D,Incumbent,26.86007770418651,304296.94,283704.18,155799.83,24060.43,57.57018982760645,57.57,12.793,0.9999966064830726,1.0,1.5777972184352478e-10,0.000158,0.0,0.000208,-0.000208,D,False
CA-02,CA,2,Safe D,Incumbent,23.30448603506257,520037.39,57149.0,532702.44,104968.33,52.29213835913521,52.292,12.363,0.9999883018603378,1.0,1.5005534333397182e-10,0.00015,0.0,0.00071,-0.00071,D,False
FL-05,FL,5,Safe R,Challenger,-11.450101278446976,0.0,308763.89,17624.34,241077.12,-27.530732253434177,-27.531,6.536,1.263986582560325e-05,0.0,1.4277775155262176e-10,0.000143,0.0,2.3e-05,-2.3e-05,R,False
FL-04,FL,4,Likely R,Challenger,-6.09606681878749,57544.71,1558350.12,21117.51,720159.2,-23.676993737957478,-24.643,6.208,6.839674165654743e-05,0.0,1.1948240846529228e-10,0.000142,0.0,2.8e-05,-2.8e-05,R,False
NC-05,NC,5,Safe R,Challenger,-12.9346878047449,20411.44,1461961.52,385458.36,1503229.0,-24.65055049148007,-24.651,6.63,0.0001003268248614,0.0001,1.3662819024539768e-10,0.000137,0.0,0.000514,-0.000514,R,False
OH-03,OH,3,Safe D,Incumbent,19.48297892975578,679095.1,0.0,490790.16,0.0,51.59903957804071,51.599,11.917,0.9999925370022784,1.0,1.3187796630953658e-10,0.000132,0.0,0.000654,-0.000654,D,False
ND-00,ND,0,Safe R,Open,-20.198325659708185,23313.0,1037736.46,1161589.67,2647741.19,-31.989887915415952,-31.99,9.307,0.0002939408431507,0.0003,1.3124064757148722e-10,0.000131,0.0,0.001548,-0.001548,R,False
FL-26,FL,26,Likely R,Challenger,-5.3717735987451976,113674.09,925634.77,36675.0,1260616.07,-17.917692248481206,-23.777,6.165,0.0018284088629971,0.0001,3.949867177055676e-09,0.000127,0.0,4.9e-05,-4.9e-05,R,False
NY-16,NY,16,Safe D,Challenger,20.483740598184923,2859055.67,30217.93,6468157.18,22817.54,24.02392784289251,24.024,7.128,0.9996243469041102,0.9996,1.2629599771588163e-10,0.000126,0.0,0.008621,-0.008621,D,False
IL-01,IL,1,Safe D,Incumbent,21.55760661563173,3058563.87,5803.0,303724.26,0.0,54.196626623270525,54.197,12.157,0.9999958633914224,1.0,1.1889345456522844e-10,0.000119,0.0,0.000405,-0.000405,D,False
SC-03,SC,3,Safe R,Open,-21.02599305771811,0.0,1046275.91,44024.47,403495.6,-37.87093807557245,-37.871,9.381,2.7092476447086463e-05,0.0,1.1781351099142252e-10,0.000118,0.0,5.9e-05,-5.9e-05,R,False
NY-06,NY,6,Safe D,Incumbent,16.45316367287223,968942.52,2404.74,1502379.33,16452.0,47.55752305266424,47.558,11.575,0.9999800906520449,1.0,1.1162884114749583e-10,0.000112,0.0,0.002003,-0.002003,D,False
IN-09,IN,9,Safe R,Challenger,-16.1330901327918,122003.36,6875275.42,287751.53,661649.75,-26.940113898162483,-26.94,6.837,4.0645775470335056e-05,0.0,1.1223954775377456e-10,0.000112,0.0,0.000384,-0.000384,R,False
CO-02,CO,2,Safe D,Incumbent,16.877197454600925,1732589.66,27993.91,1396265.73,4965.0,48.25561257789992,48.256,11.623,0.999983512743126,1.0,1.0074213855342012e-10,0.000101,0.0,0.001861,-0.001861,D,False
VA-11,VA,11,Safe D,Incumbent,17.903084074439196,1323728.6,302044.71,1412164.46,63794.55,48.61504143590654,48.615,11.738,0.9999827692324552,1.0,9.874246401830564e-11,9.9e-05,0.0,0.001882,-0.001882,D,False
IL-02,IL,2,Safe D,Incumbent,19.498388941928752,669811.89,1568.0,666154.78,0.0,51.61833405109718,51.618,11.919,0.999992570066941,1.0,9.67361976000175e-11,9.7e-05,0.0,0.000888,-0.000888,D,False
FL-17,FL,17,Safe R,Challenger,-9.993020786991144,184221.67,812361.52,44298.57,681863.83,-26.194530278997917,-26.195,6.445,2.408320349039112e-05,0.0,9.52388918183589e-11,9.5e-05,0.0,5.9e-05,-5.9e-05,R,False
IN-04,IN,4,Safe R,Challenger,-18.261366892061144,225.0,195268.86,39664.2,128381.78,-30.67094359129227,-30.671,6.978,5.5268639214617925e-06,0.0,9.315788803879808e-11,9.3e-05,0.0,5.3e-05,-5.3e-05,R,False
GA-03,GA,3,Safe R,Open,-18.45277392927388,17245.66,804213.9,121683.33,1228335.96,-35.04199936379136,-35.042,9.152,6.439558853581844e-05,0.0001,9.088661515523498e-11,9.1e-05,0.0,0.000162,-0.000162,R,False
AL-02,AL,2,Safe R,Challenger,-17.48894147961364,79959.87,524421.35,1970364.5,1226100.44,-25.583755248269544,-25.584,6.926,0.0001104948578869,0.0001,8.434443610345607e-11,8.4e-05,0.0,0.002626,-0.002626,D,False
TX-18,TX,18,Safe D,Challenger,24.07140301654301,729472.81,122958.5,1650665.8,34224.5,28.44328880852457,28.443,7.378,0.999942110089589,0.9999,8.138827592255009e-11,8.1e-05,0.0,0.0022,-0.0022,D,False
IL-03,IL,3,Safe D,Incumbent,20.7490927090049,1847630.44,20362.61,682287.73,9090.41,52.88312955303251,52.883,12.063,0.9999941705515214,1.0,7.305443439225823e-11,7.3e-05,0.0,0.000909,-0.000909,D,False
NJ-08,NJ,8,Safe D,Challenger,23.722217972151167,1568188.5,0.0,2202084.19,7459.58,28.079371361247983,28.079,7.354,0.9999328297028218,0.9999,7.165750915229249e-11,7.2e-05,0.0,0.002935,-0.002935,D,False
FL-10,FL,10,Safe D,Incumbent,14.832758363085407,82753618.47,474027.6,3680264.0,30411.75,45.58922057494014,45.589,11.396,0.9999683671179262,1.0,7.199112174240098e-11,7.2e-05,0.0,0.004905,-0.004905,D,False
LA-02,LA,2,Safe D,Challenger,25.16643417438329,4615365.07,272250.6,1102416.0,31909.29,29.780179532065883,29.78,7.457,0.999967493871628,1.0,6.929382490854838e-11,6.9e-05,0.0,0.001469,-0.001469,D,False
PA-02,PA,2,Safe D,Incumbent,21.679232400053635,616648.95,0.0,635500.61,15219.06,53.810430763269295,53.81,12.171,0.9999950889331894,1.0,6.530477754671875e-11,6.5e-05,0.0,0.000847,-0.000847,D,False
CA-30,CA,30,Safe D,Incumbent,24.07935261980949,23217191.950000003,77594.12,1519517.95,409961.72,51.92068280769836,51.921,12.455,0.9999846722272018,1.0,6.364071902239384e-11,6.4e-05,0.0,0.002025,-0.002025,D,False
TX-35,TX,35,Safe D,Incumbent,21.121858476582872,1967906.61,14918.52,679817.98,440.81,53.63630977008422,53.636,12.106,0.9999952973048222,1.0,6.026080365776417e-11,6e-05,0.0,0.000906,-0.000906,D,False
WI-05,WI,5,Safe R,Challenger,-14.69210694188942,114370.77,628580.39,88302.73,532106.8,-28.393796652605364,-28.394,6.743,1.2706754322766012e-05,0.0,5.7873257628173115e-11,5.8e-05,0.0,0.000118,-0.000118,R,False
CA-32,CA,32,Safe D,Incumbent,20.56759341291789,1863234.18,64051.76,1116504.37,47634.0,52.00629901275781,52.006,12.042,0.9999921527652316,1.0,5.7711758799577376e-11,5.8e-05,0.0,0.001488,-0.001488,D,False
CA-01,CA,1,Safe R,Challenger,-12.4413722392534,639249.61,488739.55,60194.56,627954.84,-27.68671913346841,-27.687,6.598,1.358363747675254e-05,0.0,5.6897203339702016e-11,5.7e-05,0.0,8e-05,-8e-05,R,False
IL-09,IL,9,Safe D,Incumbent,20.158433724412745,1080089.94,9895.5,1049033.26,12008.78,52.18573026787361,52.186,11.995,0.9999932141961144,1.0,5.5345194474187496e-11,5.5e-05,0.0,0.001398,-0.001398,D,False
IL-04,IL,4,Safe D,Incumbent,23.59065145959472,458864.49,0.0,375792.56,0.0,56.74214888010852,56.742,12.397,0.9999976424773374,1.0,5.5009378179970586e-11,5.5e-05,0.0,0.000501,-0.000501,D,False
WI-04,WI,4,Safe D,Incumbent,24.931618077414967,341187.52,0.0,392401.61,15663.0,57.53093244325906,57.531,12.558,0.9999976895214436,1.0,4.9045606809502417e-11,4.9e-05,0.0,0.000523,-0.000523,D,False
CA-19,CA,19,Safe D,Incumbent,18.97607047198322,1249628.29,74886.18,1583704.43,7948.56,50.85041803185775,50.85,11.859,0.9999909771358788,1.0,4.896984440938176e-11,4.9e-05,0.0,0.002111,-0.002111,D,False
MT-02,MT,2,Safe R,Open,-16.562420619068124,508808.01,1269351.77,66649.9,1419719.25,-35.689226011208305,-35.689,8.988,3.57931333509978e-05,0.0,4.834267806804503e-11,4.8e-05,0.0,8.9e-05,-8.9e-05,R,False
CA-18,CA,18,Safe D,Incumbent,22.530887217829346,1166709.4300000002,242023.45,1462434.43,191568.19,52.61460526066078,52.615,12.271,0.9999909682454012,1.0,4.556341548127561e-11,4.6e-05,0.0,0.001949,-0.001949,D,False
TX-31,TX,31,Safe R,Challenger,-14.829107583854608,16356.0,681824.35,108836.57,641743.21,-28.484470454300915,-28.484,6.751,1.227016819249522e-05,0.0,4.6206535384465094e-11,4.6e-05,0.0,0.000145,-0.000145,R,False
TX-09,TX,9,Safe D,Incumbent,26.61737389763581,230122.95,1111.26,217887.67,0.0,60.531828854056414,60.532,12.763,0.9999989461765048,1.0,4.255379530781799e-11,4.3e-05,0.0,0.00029,-0.00029,D,False
ID-02,ID,2,Safe R,Challenger,-14.863293758937132,12500.0,872456.25,102146.67,625948.79,-28.669181691702796,-28.669,6.754,1.093210382451289e-05,0.0,4.2661833249247945e-11,4.3e-05,0.0,0.000136,-0.000136,R,False
CA-44,CA,44,Safe D,Incumbent,25.585392212203978,438100.05,0.0,305371.3,0.0,59.23971158634515,59.24,12.637,0.9999986194283238,1.0,3.974758003875232e-11,4e-05,0.0,0.000407,-0.000407,D,False
WA-09,WA,9,Safe D,Incumbent,21.550272727277893,857627.62,133994.62,961177.13,1785.0,54.14524814513744,54.145,12.156,0.9999957872493308,1.0,3.816194303668054e-11,3.8e-05,0.0,0.001281,-0.001281,D,False
OH-02,OH,2,Safe R,Open,-24.48289495044701,15407.25,817324.55,132781.86,719720.99,-40.21149013403895,-40.211,9.698,1.6897806701776882e-05,0.0,3.8138932555562896e-11,3.8e-05,0.0,0.000177,-0.000177,R,False
TX-27,TX,27,Safe R,Challenger,-12.998842038805336,6874.099999999999,853345.53,52054.67,576143.83,-28.613991947018835,-28.614,6.634,8.039512977091656e-06,0.0,3.7611634210352514e-11,3.8e-05,0.0,6.9e-05,-6.9e-05,R,False
KS-04,KS,4,Safe R,Challenger,-14.574908575782132,36634.9,927642.35,47782.04,406237.33,-29.54696004636307,-29.547,6.735,5.744673848325174e-06,0.0,3.71595102148356e-11,3.7e-05,0.0,6.4e-05,-6.4e-05,R,False
AR-03,AR,3,Safe R,Challenger,-15.476863151334888,36766.89,819907.01,250700.58,1075585.74,-28.15152999137876,-28.152,6.794,1.707978842621548e-05,0.0,3.5571429110436946e-11,3.6e-05,0.0,0.000334,-0.000334,R,False
SC-02,SC,2,Safe R,Challenger,-8.884926417688632,96508.73,559359.07,13806.7,466814.45,-28.069895688922266,-28.07,6.377,5.364060699226001e-06,0.0,3.486070615909996e-11,3.5e-05,0.0,1.8e-05,-1.8e-05,R,False
NC-09,NC,9,Likely R,Challenger,-5.841307578312968,50000.0,1379445.14,25749.26,1273708.1,-23.438151891651756,-25.898,6.193,7.69546254466344e-05,0.0,1.513213021733223e-10,3.4e-05,0.0,3.4e-05,-3.4e-05,R,False
FL-20,FL,20,Safe D,Incumbent,26.10346106505017,2593317.07,262728.41000000003,336126.11,86.04,59.88257427060199,59.883,12.7,0.999998792478457,1.0,3.1586914383480046e-11,3.2e-05,0.0,0.000448,-0.000448,D,False
LA-06,LA,6,Safe R,Challenger,-18.66232902104467,0.0,949070.51,1107541.71,1242689.12,-28.20381697517344,-28.204,7.005,2.8324006574833622e-05,0.0,3.1387625458695185e-11,3.1e-05,0.0,0.001476,-0.001476,D,False
OH-12,OH,12,Safe R,Challenger,-17.225752396313208,603942.4500000001,726567.26,331117.1,944302.26,-28.969530386473863,-28.97,6.909,1.375536664083071e-05,0.0,2.9575570360666836e-11,3e-05,0.0,0.000441,-0.000441,R,False
TX-33,TX,33,Safe D,Incumbent,24.328975075347326,599042.81,386.0,624198.22,4680.83,57.49666765909191,57.497,12.485,0.9999979392549636,1.0,2.8688841323386108e-11,2.9e-05,0.0,0.000832,-0.000832,D,False
TN-04,TN,4,Safe R,Challenger,-22.05113294578421,8571.88,68441.07,110272.54,152104.88,-32.92950808338022,-32.93,7.237,2.6773738442957707e-06,0.0,2.869689879269625e-11,2.9e-05,0.0,0.000147,-0.000147,R,False
NY-09,NY,9,Safe D,Incumbent,26.54667949538445,251148.15,0.0,339924.94,0.0,60.44331424263549,60.443,12.754,0.9999989266605002,1.0,2.7780542841006248e-11,2.8e-05,0.0,0.000453,-0.000453,D,False
TX-37,TX,37,Safe D,Incumbent,23.953391586370323,1032589.29,19786.8,677058.91,0.0,57.19632630216461,57.196,12.44,0.999997863753028,1.0,2.768322903474161e-11,2.8e-05,0.0,0.000902,-0.000902,D,False
CA-36,CA,36,Safe D,Incumbent,21.37906523674605,961528.71,2442946.79,1618199.66,37707.95,53.448933307480125,53.449,12.136,0.999994687222867,1.0,2.7744849320086747e-11,2.8e-05,0.0,0.002157,-0.002157,D,False
TX-21,TX,21,Safe R,Challenger,-14.04920565111996,217684.25,1819733.57,500223.61,2495623.47,-26.905014800305345,-26.905,6.701,2.972045166145876e-05,0.0,2.702438117060221e-11,2.7e-05,0.0,0.000667,-0.000667,R,False
MI-05,MI,5,Safe R,Challenger,-14.539167945315114,89134.2,189611.23,101370.99,766725.43,-29.054950107419693,-29.055,6.733,7.962512749298142e-06,0.0,2.6545177012637468e-11,2.7e-05,0.0,0.000135,-0.000135,R,False
UT-03,UT,3,Safe R,Open,-13.645002876084328,15646.0,847844.1,53294.56,2319425.97,-35.04004513180297,-35.04,8.739,3.0416600760415483e-05,0.0,2.6751386779096898e-11,2.7e-05,0.0,7.1e-05,-7.1e-05,R,False
MI-13,MI,13,Safe D,Incumbent,24.1254278498976,2772796.46,93401.15,1071523.16,62983.76,56.11249664070816,56.112,12.461,0.9999966514389048,1.0,2.536313053834805e-11,2.5e-05,0.0,0.001428,-0.001428,D,False
GA-10,GA,10,Safe R,Challenger,-15.057241628373404,58955.84,3845042.57,225180.79,1233349.27,-28.498987927716502,-28.499,6.766,1.2661936298693304e-05,0.0,2.4442750009817176e-11,2.4e-05,0.0,0.0003,-0.0003,R,False
CA-42,CA,42,Safe D,Incumbent,23.548646756052825,1616841.46,3970.0,914393.8,1975.48,56.64048424947123,56.64,12.392,0.9999975698197212,1.0,2.323370213328407e-11,2.3e-05,0.0,0.001219,-0.001219,D,False
MD-07,MD,7,Safe D,Incumbent,30.226960116774823,247260.48,-51161.71,180408.93,0.0,65.05129731835424,65.051,13.213,0.9999995742667612,1.0,2.075243446979482e-11,2.1e-05,0.0,0.00024,-0.00024,D,False
CA-08,CA,8,Safe D,Incumbent,26.86109662816917,528293.97,19222.82,551472.99,17223.01,60.1377061990618,60.138,12.793,0.9999987050200926,1.0,1.982384364766641e-11,2e-05,0.0,0.000735,-0.000735,D,False
CA-48,CA,48,Safe R,Challenger,-10.09708544488959,1136847.09,1300954.74,29975.29,823857.52,-28.70922984943389,-28.709,6.451,4.291914326639493e-06,0.0,1.5661765871856562e-11,1.6e-05,0.0,4e-05,-4e-05,R,False
CO-01,CO,1,Safe D,Incumbent,28.762867479927927,658563.21,0.0,393149.63,7720.0,62.77608858181023,62.776,13.029,0.9999992760750164,1.0,1.5789883438304794e-11,1.6e-05,0.0,0.000524,-0.000524,D,False
NJ-04,NJ,4,Safe R,Challenger,-14.584596480441704,41545.25,1322497.68,44774.79,489738.53,-30.54123924068559,-30.541,6.736,2.8902167993654853e-06,0.0,1.6366997910572954e-11,1.6e-05,0.0,6e-05,-6e-05,R,False
OH-11,OH,11,Safe D,Incumbent,28.441346247008543,10300092.9,797798.74,568030.66,32606.9,61.5466357457944,61.547,12.988,0.9999989237534044,1.0,1.547488470672249e-11,1.5e-05,0.0,0.000757,-0.000757,D,False
MA-05,MA,5,Safe D,Incumbent,22.981622359533727,927999.62,110234.48,1910057.62,1424.06,55.96266664321179,55.963,12.325,0.9999971966150228,1.0,1.2841753898051347e-11,1.3e-05,0.0,0.002546,-0.002546,D,False
NY-07,NY,7,Safe D,Incumbent,32.947096636428,339279.39,0.0,264837.1,17117.96,67.03402197941041,67.034,13.563,0.99999961409279,1.0,1.1764177998160295e-11,1.2e-05,0.0,0.000353,-0.000353,D,False
CA-14,CA,14,Safe D,Incumbent,22.448767455138224,3441246.05,9968.23,3347503.42,98311.78,54.65387173877446,54.654,12.262,0.9999958494951928,1.0,1.04224346807816e-11,1e-05,0.0,0.004462,-0.004462,D,False
NJ-10,NJ,10,Safe D,Challenger,30.651816525153706,1064723.17,0.0,420778.28,14992.07,36.6211754928268,36.621,7.86,0.9999984123029134,1.0,9.584696406433592e-12,1e-05,0.0,0.000561,-0.000561,D,False
ID-01,ID,1,Safe R,Challenger,-22.463689738740225,66125.36,241858.48,174053.96,275899.51,-33.80010262657122,-33.8,7.265,1.6419664057749463e-06,0.0,1.0429660953126658e-11,1e-05,0.0,0.000232,-0.000232,R,False
TN-06,TN,6,Safe R,Open,-17.433317798148636,1662.0,1164057.23,29642.64,1287826.89,-39.73396790927648,-39.734,9.063,5.822040338893214e-06,0.0,9.61985727708032e-12,1e-05,0.0,4e-05,-4e-05,R,False
VA-08,VA,8,Safe D,Incumbent,26.392191262569703,1663256.71,291559.91,1137331.96,650.0,60.236913452608825,60.237,12.735,0.9999988770383418,1.0,8.679422405275493e-12,9e-06,0.0,0.001516,-0.001516,D,False
AZ-03,AZ,3,Safe D,Incumbent,24.62377749642045,2039449.38,122763.56,1976336.45,25347.0,57.745856071251005,57.746,12.521,0.9999980062795212,1.0,8.707147623396249e-12,9e-06,0.0,0.002634,-0.002634,D,False
AZ-05,AZ,5,Safe R,Challenger,-11.63027765524259,27471.01,1988265.2,65924.25,1283197.96,-29.187963927916687,-29.188,6.547,4.133992634406795e-06,0.0,9.413526136301284e-12,9e-06,0.0,8.8e-05,-8.8e-05,R,False
NY-24,NY,24,Safe R,Challenger,-11.822715104854463,45218.09,2719108.22,84480.99,1609727.64,-29.33986097693341,-29.34,6.559,3.855647849852829e-06,0.0,6.9990254711959496e-12,7e-06,0.0,0.000113,-0.000113,R,False
GA-05,GA,5,Safe D,Incumbent,31.89235775456961,425396.95,30178.28,361641.41,0.0,67.1364981274168,67.136,13.426,0.9999997138505076,1.0,6.946295176132946e-12,7e-06,0.0,0.000482,-0.000482,D,False
CA-12,CA,12,Safe D,Open,40.46856696126791,1667313.42,0.0,1913404.94,3381.0,49.05403629873941,49.054,11.308,0.9999928055986294,1.0,6.383419292298199e-12,6e-06,0.0,0.00255,-0.00255,D,False
WV-02,WV,2,Safe R,Open,-21.92686288918549,25375.0,2500218.01,31206.98,820122.37,-43.220222473328825,-43.22,9.463,2.470295262017713e-06,0.0,6.262291051299318e-12,6e-06,0.0,4.2e-05,-4.2e-05,R,False
TX-05,TX,5,Safe R,Challenger,-14.83951783996549,255373.73,396329.21,24043.31,393366.05,-32.47005380639612,-32.47,6.752,7.590774008203885e-07,0.0,5.796688808466979e-12,6e-06,0.0,3.2e-05,-3.2e-05,R,False
MI-12,MI,12,Safe D,Incumbent,22.83353465712751,3388168.64,240272.56,8097297.14,708251.74,53.88649153943463,53.886,12.307,0.9999940242082888,1.0,5.755313646019154e-12,6e-06,0.0,0.010793,-0.010793,D,False
VA-09,VA,9,Safe R,Challenger,-23.06933825260913,54211.9,299189.14,206639.46,319487.87,-34.49165083716434,-34.492,7.308,1.1800970460420114e-06,0.0,6.456395229128295e-12,6e-06,0.0,0.000275,-0.000275,R,False
TN-02,TN,2,Safe R,Challenger,-18.47057443452429,75501.49,1250259.58,258725.83,1073274.11,-31.76850837581304,-31.769,6.992,2.764920567318e-06,0.0,6.04833706961245e-12,6e-06,0.0,0.000345,-0.000345,R,False
SC-07,SC,7,Safe R,Challenger,-11.271404349615027,0.0,3685879.39,35420.89,988164.43,-30.230200543638546,-30.23,6.525,1.799731883903309e-06,0.0,5.617320777247211e-12,6e-06,0.0,4.7e-05,-4.7e-05,R,False
FL-18,FL,18,Safe R,Challenger,-12.982997177715792,1197.79,535581.65,15200.14,376418.98,-31.86189881121572,-31.862,6.633,7.788270394118188e-07,0.0,6.455005509610766e-12,6e-06,0.0,2e-05,-2e-05,R,False
MO-01,MO,1,Safe D,Challenger,27.249169270162675,2599376.21,47807.03,5136025.24,16030.83,32.49654200837058,32.497,7.607,0.9999903042028566,1.0,4.734452730284011e-12,5e-06,0.0,0.006846,-0.006846,D,False
FL-12,FL,12,Safe R,Challenger,-16.34021772390692,17158.92,896849.75,56949.32,596927.76,-32.55924093633568,-32.559,6.85,1.0020654559381191e-06,0.0,4.758272372568652e-12,5e-06,0.0,7.6e-05,-7.6e-05,R,False
PA-11,PA,11,Safe R,Challenger,-13.771108373802177,289317.79,459193.45,13438.06,314514.69,-32.607770814621006,-32.608,6.683,5.329679970774061e-07,0.0,5.308444583948412e-12,5e-06,0.0,1.8e-05,-1.8e-05,R,False
TX-23,TX,23,Likely R,Challenger,-4.585290023430264,603495.59,1785726.2,20665.12,2300625.86,-13.311371097144278,-27.807,6.119,0.0147944129568126,0.0,1.109236442122418e-08,4e-06,0.0,2.8e-05,-2.8e-05,R,False
TX-38,TX,38,Safe R,Challenger,-13.297156737747152,333941.41,4653136.29,77625.64,1368341.65,-30.85512336091119,-30.855,6.653,1.7599660813445624e-06,0.0,3.811900337686042e-12,4e-06,0.0,0.000103,-0.000103,R,False
NY-05,NY,5,Safe D,Incumbent,31.66570070517945,736071.9,128588.17,1088534.52,47893.61,65.87423084456091,65.874,13.397,0.9999995606441529,1.0,3.3486787992738727e-12,3e-06,0.0,0.001451,-0.001451,D,False
KS-01,KS,1,Safe R,Challenger,-18.35642947387447,13791.91,596554.95,47681.81,431712.29,-34.49929960764578,-34.499,6.984,3.914326542958793e-07,0.0,2.573574898441671e-12,3e-06,0.0,6.4e-05,-6.4e-05,R,False
TX-30,TX,30,Safe D,Incumbent,27.154332784294745,2135105.74,186056.48,2341746.05,0.0,61.20414102712826,61.204,12.829,0.9999990826045304,1.0,3.447607728340381e-12,3e-06,0.0,0.003121,-0.003121,D,False
CA-43,CA,43,Safe D,Incumbent,33.66523654372313,517423.32,82137.31,559708.07,640.05,69.3303302483808,69.33,13.657,0.9999998077920929,1.0,3.001814144397482e-12,3e-06,0.0,0.000746,-0.000746,D,False
CA-20,CA,20,Safe R,Challenger,-16.1928793689232,1026277.28,20103886.33,144083.35,1417521.46,-32.12784108594326,-32.128,6.841,1.322148113684616e-06,0.0,2.6038938280152344e-12,3e-06,0.0,0.000192,-0.000192,R,False
IN-05,IN,5,Safe R,Challenger,-12.021418015673689,78152.38,3049656.46,33605.88,999237.28,-31.427496520547773,-31.427,6.572,8.670181334176041e-07,0.0,2.740318083086611e-12,3e-06,0.0,4.5e-05,-4.5e-05,R,False
IN-08,IN,8,Safe R,Open,-19.049853045606127,117620.22,329514.66,16703.23,1008722.09,-43.12600460051153,-43.126,9.205,1.3992694069247148e-06,0.0,3.1055828839016798e-12,3e-06,0.0,2.2e-05,-2.2e-05,R,False
AR-01,AR,1,Safe R,Challenger,-21.39129663085429,41983.81,512370.34,61360.46,325357.92,-36.2779600402374,-36.278,7.191,2.267859210625824e-07,0.0,1.827172539473501e-12,2e-06,0.0,8.2e-05,-8.2e-05,R,False
AL-06,AL,6,Safe R,Challenger,-19.298201595586924,0.0,686961.84,186789.39,1046435.31,-33.86788430141827,-33.868,7.048,7.718143438574978e-07,0.0,1.904256724569261e-12,2e-06,0.0,0.000249,-0.000249,R,False
NY-12,NY,12,Safe D,Incumbent,34.68988016555067,6733944.95,11402.0,715915.56,0.0,70.63920274423882,70.639,13.792,0.9999998485891342,1.0,1.8476873507323407e-12,2e-06,0.0,0.000954,-0.000954,D,False
TN-03,TN,3,Safe R,Challenger,-19.071192130050548,140675.95,618046.1900000001,164519.81,1026695.07,-33.98089744906417,-33.981,7.032,6.756145557807692e-07,0.0,1.7386022654421209e-12,2e-06,0.0,0.000219,-0.000219,R,False
KY-06,KY,6,Safe R,Challenger,-9.185896454494886,66929.26000000001,1850352.12,48853.34,2446173.83,-30.09932179248604,-30.099,6.395,1.2595450080798394e-06,0.0,1.6718656314778086e-12,2e-06,0.0,6.5e-05,-6.5e-05,R,False
TX-10,TX,10,Safe R,Challenger,-13.4287872760659,53358.0,870906.53,67384.72,1464364.63,-31.87641264612885,-31.876,6.661,8.534902391629483e-07,0.0,1.793894122742531e-12,2e-06,0.0,9e-05,-9e-05,R,False
CA-17,CA,17,Safe D,Incumbent,24.68124762453286,5915099.15,105486.0,10130965.0,72028.44,57.94653537042254,57.947,12.528,0.999998131600353,1.0,1.6042619539811645e-12,2e-06,0.0,0.013504,-0.013504,D,False
CA-05,CA,5,Safe R,Challenger,-8.888000805717656,34621.23,1607158.7,13690.57,937576.95,-31.05982216898592,-31.06,6.377,5.56040768605982e-07,0.0,2.00447961225347e-12,2e-06,0.0,1.8e-05,-1.8e-05,R,False
TX-12,TX,12,Safe R,Open,-13.051453656022414,41582.13,1097866.1,13620.56,2308291.71,-40.08775141377513,-40.088,8.689,1.980778870878293e-06,0.0,2.035875031502508e-12,2e-06,0.0,1.8e-05,-1.8e-05,R,False
MO-03,MO,3,Safe R,Challenger,-16.521251165170824,47164.79,1210962.12,32792.66,654649.56,-35.372149303666006,-35.372,6.862,1.2704416403826325e-07,0.0,6.176897447086144e-13,1e-06,0.0,4.4e-05,-4.4e-05,R,False
TX-17,TX,17,Safe R,Challenger,-14.80973920460582,0.0,445775.67,21108.56,591425.04,-34.64358982491923,-34.644,6.75,1.4318670284400732e-07,0.0,7.91948427265006e-13,1e-06,0.0,2.8e-05,-2.8e-05,R,False
TX-04,TX,4,Safe R,Challenger,-17.269135073146472,50629.85,340802.7,16344.56,312813.35,-36.12950928672779,-36.13,6.912,8.598735136772293e-08,0.0,8.778806641796745e-13,1e-06,0.0,2.2e-05,-2.2e-05,R,False
OR-02,OR,2,Safe R,Challenger,-15.622567897681757,59344.64,775225.54,21346.6,562166.16,-35.39633947757464,-35.396,6.803,9.808998645859101e-08,0.0,5.72046574298684e-13,1e-06,0.0,2.8e-05,-2.8e-05,R,False
NY-23,NY,23,Safe R,Challenger,-12.452534835467782,287214.95,1458637.0499999998,24394.86,889803.56,-32.81767013005428,-32.818,6.599,3.2949723352258984e-07,0.0,1.2147712375736902e-12,1e-06,0.0,3.3e-05,-3.3e-05,R,False
NY-08,NY,8,Safe D,Incumbent,27.20390212058902,2833775.15,19870.31,15936793.65,0.0,61.26620549617745,61.266,12.835,0.9999990942116004,1.0,5.001882989418432e-13,1e-06,0.0,0.021242,-0.021242,D,False
IA-04,IA,4,Safe R,Challenger,-15.527668627078642,41123.28,1444514.4,136824.14,2091313.01,-33.050727118511325,-33.051,6.797,5.793548390673628e-07,0.0,8.315071593315468e-13,1e-06,0.0,0.000182,-0.000182,R,False
CA-37,CA,37,Safe D,Incumbent,38.17115571896528,1967768.58,27215.64,549350.2,0.0,74.99801678108466,74.998,14.261,0.9999999275146078,1.0,1.142255404831086e-12,1e-06,0.0,0.000732,-0.000732,D,False
CA-34,CA,34,Safe D,Incumbent,34.29769394227007,923310.73,0.0,1289116.54,0.0,70.1481566351722,70.148,13.74,0.9999998348485616,1.0,1.120158242433665e-12,1e-06,0.0,0.001718,-0.001718,D,False
MI-09,MI,9,Safe R,Challenger,-17.85195581310617,21181.56,69837.0,99354.86,965057.12,-34.1437755789701,-34.144,6.95,4.497459667939408e-07,0.0,1.331852792048123e-12,1e-06,0.0,0.000132,-0.000132,R,False
MA-07,MA,7,Safe D,Incumbent,35.552286282446815,1211369.33,0.0,1142938.57,0.0,71.71899887933692,71.719,13.907,0.9999998745723532,1.0,9.568721683315954e-13,1e-06,0.0,0.001523,-0.001523,D,False
MD-08,MD,8,Safe D,Incumbent,29.45875128069437,4286731.53,15023.5,3946956.34,5368.52,64.05856799525692,64.059,13.116,0.99999948015,1.0,1.156731822469648e-12,1e-06,0.0,0.005261,-0.005261,D,False
IN-02,IN,2,Safe R,Challenger,-14.123373420505615,98660.38,1346898.41,126229.6,2241307.75,-31.912112684894645,-31.912,6.706,9.73576712838527e-07,0.0,1.3077359223026057e-12,1e-06,0.0,0.000168,-0.000168,R,False
PA-03,PA,3,Safe D,Incumbent,39.56244943477092,1084557.09,0.0,318454.11,0.0,76.74001924103952,76.74,14.453,0.9999999450452972,1.0,1.4871240954574546e-12,1e-06,0.0,0.000424,-0.000424,D,False
SD-00,SD,0,Safe R,Challenger,-16.388862204651893,0.0,1976203.18,194881.89,2374815.53,-33.21467942077541,-33.215,6.853,6.285377793110067e-07,0.0,7.728989939956116e-13,1e-06,0.0,0.00026,-0.00026,R,False
NY-14,NY,14,Safe D,Incumbent,29.655224876126084,12181923.78,1772480.09,14866494.81,1911997.13,61.58527879463806,61.585,13.141,0.9999986107334068,1.0,6.995074273659325e-13,1e-06,0.0,0.019815,-0.019815,D,False
OH-14,OH,14,Likely R,Open,-9.04058498272672,221491.7,1158759.56,0.0,763099.48,-20.831580941248195,-72.61,8.361,0.006359555774206,0.0,6.701604981982964e-09,0.0,0.0,0.0,0.0,R,False
KY-05,KY,5,Safe R,Open,-32.1729608712165,17469.53,447566.21,0.0,570767.64,-100.64004031655676,-100.64,10.442,2.7628121145365815e-22,0.0,1.9199229512019203e-27,0.0,0.0,0.0,0.0,R,False
IL-16,IL,16,Safe R,Open,-13.631151449570352,27525.08,2124405.9,0.0,984780.67,-78.17264054639368,-78.173,8.738,1.8377531573574332e-19,0.0,8.328710883469518e-25,0.0,0.0,0.0,0.0,R,False
WY-00,WY,0,Safe R,Challenger,-25.77787700236944,87407.67,6322765.8,14615.56,2484952.21,-55.84489251715748,-55.845,7.5,4.8281200097284986e-14,0.0,8.332319430845193e-20,0.0,0.0,1.9e-05,-1.9e-05,R,False
WV-01,WV,1,Safe R,Challenger,-23.41158043159246,0.0,534404.67,45069.61,1038108.06,-44.52279019709977,-44.523,7.332,6.296236109021205e-10,0.0,2.1127309141129505e-15,0.0,0.0,6e-05,-6e-05,R,False
AR-04,AR,4,Safe R,Challenger,-18.710195024103218,0.0,4266672.03,5733.21,1537499.24,-49.04839845014149,-49.048,7.008,1.2899682401259509e-12,0.0,3.653140665741828e-18,0.0,0.0,8e-06,-8e-06,R,False
NE-03,NE,3,Safe R,Open,-29.05395314239278,0.0,469809.73,0.0,455652.43,-96.8606899880013,-96.861,10.134,5.987643393258831e-22,0.0,5.3385759838081836e-27,0.0,0.0,0.0,0.0,R,False
MD-01,MD,1,Safe R,Open,-11.511437051533768,3013731.12,1269540.67,0.0,823912.58,-75.60414953797782,-75.604,8.562,5.2151017880821375e-19,0.0,2.850706382567281e-24,0.0,0.0,0.0,0.0,R,False
LA-05,LA,5,Safe R,Open,-16.599572159228913,58074.7,1838176.32,0.0,999148.28,-81.76952223433031,-81.77,8.991,4.737407009959285e-20,0.0,2.085750851313364e-25,0.0,0.0,0.0,0.0,R,False
AL-04,AL,4,Safe R,Challenger,-32.99150514498746,22498.3,845700.98,0.0,635352.36,-101.63188318421778,-101.632,8.039,6.138417160028488e-37,0.0,6.497649616465272e-42,0.0,0.0,0.0,0.0,R,False
AL-03,AL,3,Safe R,Challenger,-19.22476623848472,4413.0,1170564.81,0.0,1640962.27,-84.95051085910008,-84.951,7.043,8.372040021885217e-34,0.0,3.7742254286054146e-39,0.0,0.0,0.0,0.0,R,False
AL-05,AL,5,Safe R,Open,-17.288279129804017,5150.0,5600352.33,0.0,654265.43,-82.60403921595481,-82.604,9.05,3.520025616087949e-20,0.0,2.358127146120688e-25,0.0,0.0,0.0,0.0,R,False
AL-01,AL,1,Safe R,Challenger,-16.357029889797673,0.0,532388.69,3076.82,1063039.38,-47.22601548042375,-47.226,6.851,2.732283392342789e-12,0.0,1.1307859444126409e-17,0.0,0.0,4e-06,-4e-06,R,False
NC-03,NC,3,Safe R,Open,-14.845244174580229,117706.92,1517990.21,640.0,885200.82,-51.31840121032808,-51.318,8.841,3.2198565504495204e-09,0.0,1.0558956558666541e-14,0.0,0.0,1e-06,-1e-06,R,False
TX-02,TX,2,Safe R,Challenger,-15.801396694115272,234001.4,13562496.73,8114.5,2749760.1,-46.456741934025686,-46.457,6.815,4.6490168906681516e-12,0.0,7.40117035456109e-18,0.0,0.0,1.1e-05,-1.1e-05,R,False
TX-01,TX,1,Safe R,Challenger,-25.594871709035782,17669.0,1063690.48,0.0,323316.25,-92.66926704574776,-92.669,7.487,1.7432567249836848e-35,0.0,3.8317919588149146e-40,0.0,0.0,0.0,0.0,R,False
TN-08,TN,8,Safe R,Challenger,-21.234299336382385,250.0,1100988.88,18242.06,1062985.23,-45.68427377317101,-45.684,7.18,9.914818775582131e-11,0.0,3.563663785503795e-16,0.0,0.0,2.4e-05,-2.4e-05,R,False
TN-01,TN,1,Safe R,Open,-30.27155839221352,0.0,1314125.06,0.0,889466.21,-98.33608126659117,-98.336,10.253,4.362393367743429e-22,0.0,1.9742792677487265e-27,0.0,0.0,0.0,0.0,R,False
NY-10,NY,10,Safe D,Incumbent,35.683837953159355,8424628.01,5027.8,2912947.98,2071.0,71.8675912690685,71.868,13.925,0.9999998773261182,1.0,3.6674609192905997e-13,0.0,0.0,0.003883,-0.003883,D,False
NY-15,NY,15,Safe D,Incumbent,36.766509186357546,3384629.34,0.0,6102405.56,0.0,73.23929560857302,73.239,14.07,0.9999999031560496,1.0,1.3794523028496341e-13,0.0,0.0,0.008134,-0.008134,D,False
NV-02,NV,2,Safe R,Challenger,-8.147825812678416,59994.34,1003573.3,0.0,680837.42,-71.52840931995182,-71.528,6.332,6.797285387731698e-30,0.0,7.759127401406233e-35,0.0,0.0,0.0,0.0,R,False
NY-13,NY,13,Safe D,Incumbent,40.02459454905407,896316.04,0.0,996539.42,0.0,77.31865904713625,77.319,14.518,0.9999999497620842,1.0,4.337354965968062e-13,0.0,0.0,0.001328,-0.001328,D,False
OH-04,OH,4,Safe R,Challenger,-20.55908860807346,1157471.92,13292873.57,2298856.55,11973481.49,-35.176070508578334,-35.176,7.134,4.0901215003212796e-07,0.0,8.815930233348852e-14,0.0,0.0,0.003064,-0.003064,R,False
OH-05,OH,5,Safe R,Challenger,-15.07164060096154,58305.93,598412.43,8587.03,688702.68,-39.396149834487744,-39.396,6.767,2.9145101551589366e-09,0.0,1.5902718516952312e-14,0.0,0.0,1.1e-05,-1.1e-05,R,False
OH-08,OH,8,Safe R,Challenger,-14.035211394428032,0.0,528561.35,4922.0,370971.65,-37.84761236580781,-37.848,6.7,8.081580465228352e-09,0.0,8.035019618957834e-14,0.0,0.0,7e-06,-7e-06,R,False
PA-09,PA,9,Safe R,Challenger,-21.24854746987166,21468.01,1335620.25,13849.12,886293.01,-46.09699448158002,-46.097,7.181,6.847047431691631e-11,0.0,2.980816475719168e-16,0.0,0.0,1.8e-05,-1.8e-05,R,False
PA-13,PA,13,Safe R,Challenger,-25.087095894319965,0.0,334667.0,58184.56,273900.17,-40.46177445525477,-40.462,7.451,2.8099517399343376e-08,0.0,2.719404017732276e-13,0.0,0.0,7.8e-05,-7.8e-05,R,False
PA-14,PA,14,Safe R,Challenger,-17.931297318589706,0.0,1305205.13,259515.01,2608838.88,-34.376536329877325,-34.377,6.956,3.863069380318799e-07,0.0,4.265620452770655e-13,0.0,0.0,0.000346,-0.000346,R,False
PA-15,PA,15,Safe R,Challenger,-20.54575453550953,17312.06,1342549.86,136080.36,1265805.78,-37.33013080279363,-37.33,7.133,8.309917161772045e-08,0.0,1.9281419672987505e-13,0.0,0.0,0.000181,-0.000181,R,False
TX-11,TX,11,Safe R,Open,-22.919337360625505,0.0,1178079.84,0.0,974985.84,-89.42728033142203,-89.427,9.554,3.96679444987969e-21,0.0,1.724965674041163e-26,0.0,0.0,0.0,0.0,R,False
OK-02,OK,2,Safe R,Challenger,-28.318688286984766,8066.72,4911184.609999999,12167.41,471652.74,-52.76804986794546,-52.768,7.686,3.3100313094277625e-12,0.0,2.658817659347103e-17,0.0,0.0,1.6e-05,-1.6e-05,R,False
TX-36,TX,36,Safe R,Open,-18.290803523740188,27070.84,626539.25,0.0,330048.27,-83.81881366572395,-83.819,9.138,2.3114110629865872e-20,0.0,3.052836575207918e-25,0.0,0.0,0.0,0.0,R,False
TX-19,TX,19,Safe R,Open,-26.119921275348524,0.0,525996.45,0.0,554494.38,-93.30547779720376,-93.305,9.852,1.3899249311586682e-21,0.0,1.0401603695245872e-26,0.0,0.0,0.0,0.0,R,False
OK-03,OK,3,Safe R,Open,-25.04040632306072,0.0,921631.95,0.0,593857.15,-91.99741268665396,-91.997,9.75,1.9496331869081568e-21,0.0,1.3724928473388515e-26,0.0,0.0,0.0,0.0,R,False
TX-13,TX,13,Safe R,Open,-26.679313899188365,146173.25,4228811.42,0.0,5526019.09,-93.9833025672943,-93.983,9.905,1.1734854630359353e-21,0.0,8.777343358439794e-28,0.0,0.0,0.0,0.0,R,False
OK-04,OK,4,Safe R,Challenger,-19.18242451780145,1190.0,1376015.0199999998,20330.0,2981087.98,-47.05509628660864,-47.055,7.04,1.1620277913119768e-11,0.0,1.610962139561697e-17,0.0,0.0,2.7e-05,-2.7e-05,R,False
TX-14,TX,14,Safe R,Challenger,-16.3040863161223,71281.77,683799.6000000001,23802.0,653898.12,-36.41828793026761,-36.418,6.848,5.239996775558114e-08,0.0,2.667068060002846e-13,0.0,0.0,3.2e-05,-3.2e-05,R,False
MO-06,MO,6,Safe R,Challenger,-21.2217918081147,163608.23,755687.92,11805.56,865694.71,-46.63868082241855,-46.639,7.179,4.114337235611813e-11,0.0,1.858990964950848e-16,0.0,0.0,1.6e-05,-1.6e-05,R,False
MO-04,MO,4,Safe R,Challenger,-22.699460623660684,1269.91,5642403.819999999,6959.0,602673.46,-49.17350736548332,-49.174,7.282,7.247115413737477e-12,0.0,4.817756266787062e-17,0.0,0.0,9e-06,-9e-06,R,False
MN-08,MN,8,Safe R,Challenger,-8.04388507656337,0.0,1391193.4,0.0,1250576.51,-71.40246270829182,-71.402,6.325,7.498141816989328e-30,0.0,4.6612434799657674e-35,0.0,0.0,0.0,0.0,R,False
MN-07,MN,7,Safe R,Challenger,-19.32821515685441,0.0,856144.95,10165.5,848441.43,-44.83988824337949,-44.84,7.05,1.0056041800424351e-10,0.0,4.640212775544732e-16,0.0,0.0,1.4e-05,-1.4e-05,R,False
TX-06,TX,6,Safe R,Challenger,-15.863029594192207,800575.1499999999,8324085.54,133773.65,5190701.36,-37.31081522485798,-37.311,6.819,2.229021447536403e-08,0.0,1.4899537952385516e-14,0.0,0.0,0.000178,-0.000178,R,False
NC-08,NC,8,Safe R,Open,-19.6845056221601,95477.3,1412820.37,532.0,583022.33,-56.277781252007536,-56.278,9.261,6.134913882227223e-10,0.0,3.034734116513257e-15,0.0,0.0,1e-06,-1e-06,R,False
NC-10,NC,10,Safe R,Open,-22.0553503873324,120258.44,1304390.25,0.0,961205.43,-88.38037383574162,-88.38,9.475,5.390906074853083e-21,0.0,2.390946808949445e-26,0.0,0.0,0.0,0.0,R,False
NC-07,NC,7,Safe R,Challenger,-8.254535703796442,514396.08,669391.0199999999,4500.0,737144.38,-34.00768406794842,-34.008,6.338,4.035726405252831e-08,0.0,2.0560885579115441e-13,0.0,0.0,6e-06,-6e-06,R,False
KY-01,KY,1,Safe R,Challenger,-24.04365060705192,2840.0,771306.72,237977.68,6674292.65,-46.1183493329017,-46.118,7.377,2.0255466061072274e-10,0.0,1.0879789662319968e-16,0.0,0.0,0.000317,-0.000317,R,False
TX-25,TX,25,Safe R,Open,-19.19898352457276,13123.22,539387.45,0.0,253915.94,-84.9192695423846,-84.919,9.218,1.598125829501895e-20,0.0,2.7296038568759577e-25,0.0,0.0,0.0,0.0,R,False
MS-01,MS,1,Safe R,Challenger,-18.345109622786225,32192.75,602761.75,9759.9,584616.67,-42.21762019491652,-42.218,6.983,7.454130260944722e-10,0.0,4.7817550246727426e-15,0.0,0.0,1.3e-05,-1.3e-05,R,False
MO-08,MO,8,Safe R,Challenger,-27.92529244087229,42929.35,1668963.69,47675.26,2285776.58,-53.16568791300952,-53.166,7.657,1.911720785117333e-12,0.0,3.2317650552239432e-18,0.0,0.0,6.4e-05,-6.4e-05,R,False
MS-03,MS,3,Safe R,Challenger,-14.883227445186996,74015.75,758654.88,0.0,416140.77,-79.68980056548563,-79.69,6.755,2.0189405375526075e-32,0.0,3.671655394854989e-37,0.0,0.0,0.0,0.0,R,False
MS-04,MS,4,Safe R,Challenger,-21.91982653549508,150879.23,1930305.83,0.0,644867.78,-88.21615746999328,-88.216,7.228,1.4508215569658575e-34,0.0,1.6378075438370285e-39,0.0,0.0,0.0,0.0,R,False
MI-02,MI,2,Safe R,Challenger,-16.32899492778914,17110.33,1550794.63,13299.07,1147704.43,-41.26551514898424,-41.266,6.85,8.47634767471607e-10,0.0,2.83279366480157e-15,0.0,0.0,1.8e-05,-1.8e-05,R,False
MN-01,MN,1,Likely R,Open,-7.847842235909125,50000.0,2076000.7,0.0,911084.11,-27.64704908636493,-71.165,8.266,0.0004116953421217,0.0,3.651830633553813e-10,0.0,0.0,0.0,0.0,R,False
MO-07,MO,7,Safe R,Challenger,-24.16088679935535,17088.3,1914051.33,33770.39,438101.97,-43.13515824193782,-43.135,7.385,2.593707792790138e-09,0.0,1.9106118791362214e-14,0.0,0.0,4.5e-05,-4.5e-05,R,False
TX-08,TX,8,Safe R,Challenger,-16.869917309464675,37127.58,5180346.54,45787.73,1152415.02,-36.75865379774164,-36.759,6.885,4.678263720904064e-08,0.0,1.3438295797554568e-13,0.0,0.0,6.1e-05,-6.1e-05,R,False
MN-06,MN,6,Safe R,Challenger,-12.677496490338452,0.0,2052798.26,96.22,2088654.11,-60.51198729369575,-60.512,6.613,2.8473640330704684e-20,0.0,8.222555051400745e-26,0.0,0.0,0.0,0.0,R,False
IL-12,IL,12,Safe R,Challenger,-23.83831770974748,33700.79,735729.82,0.0,1438593.17,-90.5408231586147,-90.541,7.362,4.617536642508935e-35,0.0,2.308158396869104e-40,0.0,0.0,0.0,0.0,R,False
IL-15,IL,15,Safe R,Open,-21.8139353277361,31990.3,3088916.2,0.0,1365291.97,-88.08784744141057,-88.088,9.453,5.8840244039408415e-21,0.0,1.840048243884658e-26,0.0,0.0,0.0,0.0,R,False
KY-02,KY,2,Safe R,Challenger,-21.47130501822055,82668.84,601905.69,36067.58,993769.91,-42.84958460529354,-42.85,7.196,1.3060989937425182e-09,0.0,4.615518140996267e-15,0.0,0.0,4.8e-05,-4.8e-05,R,False
KY-04,KY,4,Safe R,Challenger,-19.686205100289342,243317.98,1036914.94,230.0,1106684.91,-62.6220780987416,-62.622,7.074,4.2843158969728223e-19,0.0,2.1031797136993863e-24,0.0,0.0,0.0,0.0,R,False
LA-01,LA,1,Safe R,Challenger,-22.944673490403893,149729.23,3538066.68,74059.16,2538505.69,-45.58484302871431,-45.585,7.299,2.1146401133466467e-10,0.0,3.0362268844636507e-16,0.0,0.0,9.9e-05,-9.9e-05,R,False
UT-04,UT,4,Safe R,Challenger,-16.033873855329205,80263.95,3022957.8800000004,11086.31,999345.62,-41.08506298114905,-41.085,6.83,8.978288640635436e-10,0.0,3.4530734248082805e-15,0.0,0.0,1.5e-05,-1.5e-05,R,False
UT-01,UT,1,Safe R,Challenger,-12.123124549168049,0.0,1103361.35,0.0,952219.03,-76.34534082256282,-76.345,6.578,1.925801251010238e-31,0.0,1.5494644061025658e-36,0.0,0.0,0.0,0.0,R,False
IL-07,IL,7,Safe D,Challenger,36.70538027346844,275291.75,0.0,858898.28,0.0,44.34970907366883,44.35,8.331,0.9999999491245006,1.0,1.6577666273784792e-13,0.0,0.0,0.001145,-0.001145,D,False
IN-03,IN,3,Safe R,Open,-18.388894143413275,86334.72,1794076.73,47777.01,4534399.13,-44.22144387383716,-44.221,9.147,6.667672959003041e-07,0.0,3.432827669502182e-13,0.0,0.0,6.4e-05,-6.4e-05,R,False
LA-03,LA,3,Safe R,Challenger,-21.06595306282636,72335.35,877919.0,9707.25,371419.28,-43.710729288024254,-43.711,7.168,5.382109921271533e-10,0.0,5.278825584268002e-15,0.0,0.0,1.3e-05,-1.3e-05,R,False
LA-04,LA,4,Safe R,Open,-13.802598221073296,0.0,517246.38,0.0,10686554.58,-78.38038527437926,-78.38,8.752,1.693693267678388e-19,0.0,7.0678630343882e-26,0.0,0.0,0.0,0.0,R,False
GA-14,GA,14,Safe R,Challenger,-22.307036948383235,2436579.95,12706528.75,3496842.07,8830041.34,-34.93218670535234,-34.932,7.254,7.349926433275703e-07,0.0,1.762206383446586e-13,0.0,0.0,0.004661,-0.004661,R,False
GA-08,GA,8,Safe R,Challenger,-16.510851096950546,16543.42,283599.72,16292.11,526832.06,-37.35306100631898,-37.353,6.861,2.6066492073183906e-08,0.0,1.688654528060818e-13,0.0,0.0,2.2e-05,-2.2e-05,R,False
FL-06,FL,6,Safe R,Challenger,-13.732136947426714,2732.0,2348398.91,25430.56,1814698.43,-37.23964797821751,-37.24,6.681,1.2433005896471646e-08,0.0,2.5014285762952505e-14,0.0,0.0,3.4e-05,-3.4e-05,R,False
FL-03,FL,3,Safe R,Challenger,-9.079725707420678,83371.42,1218060.87,4785.54,1357706.84,-37.39015345176232,-37.39,6.389,2.419726922774116e-09,0.0,7.222817782399633e-15,0.0,0.0,6e-06,-6e-06,R,False
FL-01,FL,1,Safe R,Challenger,-19.928854314051243,850141.4199999999,6704494.32,1552229.75,6679334.38,-33.714398794939406,-33.714,7.091,9.930912609647785e-07,0.0,3.6113907073445363e-13,0.0,0.0,0.002069,-0.002069,R,False
FL-19,FL,19,Safe R,Challenger,-12.964311255917192,104344.85,4622986.22,179823.63,4812440.63,-32.160453082336595,-32.16,6.632,6.186291211574693e-07,0.0,4.058526933427984e-13,0.0,0.0,0.00024,-0.00024,R,False
GA-09,GA,9,Safe R,Challenger,-23.031996818710944,27139.7,646857.21,61472.16,389686.1,-38.97513249461616,-38.975,7.305,4.769745454101088e-08,0.0,3.4131120399953345e-13,0.0,0.0,8.2e-05,-8.2e-05,R,False
CA-11,CA,11,Safe D,Incumbent,37.65186614121579,22503026.41,962050.61,9554439.66,99069.66,74.11360711870975,74.114,14.19,0.9999999118884988,1.0,7.890532021284209e-14,0.0,0.0,0.012735,-0.012735,D,False
WA-04,WA,4,Safe R,Challenger,-11.8584425736245,759397.91,1600494.01,12176.27,1047837.73,-35.714358972946805,-35.714,6.562,2.619382948770456e-08,0.0,9.11936795262731e-14,0.0,0.0,1.6e-05,-1.6e-05,R,False
WA-07,WA,7,Safe D,Incumbent,36.72818037182857,2417812.07,23516.18,2393461.1,0.0,73.1913051027308,73.191,14.065,0.9999999023734782,1.0,3.545862732873389e-13,0.0,0.0,0.00319,-0.00319,D,False
