district_id,state,district,cook_rating,incumb_status,pvi,d_total,r_total,ratio,mu_hat,sigma_i,p_win,msg_i_per_1m,recommended_share,observed_share,difference,outcome,redistricting_flagged
GA-07,GA,7,Likely D,Challenger,8.481636073280551,19514.49,1720388.99,0.01121584629510598,-15.696,10.733,0.0718,3.832941,0.000144,1.5e-05,0.000129,R,False
SC-05,SC,5,Safe R,Challenger,-11.5696148738559,29056.38,334453.7,0.07993280406419541,-25.659,11.003,0.0099,0.461358,3.1e-05,2.2e-05,8e-06,R,False
NC-14,NC,14,Likely D,Incumbent,5.0351647382739895,972231.9600000001,1475688.71,0.39716644902549075,7.211,18.897,0.6486,0.411048,0.002953,0.000746,0.002207,R,True
NC-06,NC,6,Likely D,Incumbent,4.163220378592431,988076.08,1480494.94,0.4002623671730538,6.595,18.765,0.6374,0.409459,0.003054,0.000758,0.002296,R,True
OH-10,OH,10,Likely R,Challenger,-4.1762804360223,205053.9,1395565.12,0.1281091236814117,-14.157,10.367,0.086,0.367014,0.001033,0.000157,0.000876,R,False
FL-04,FL,4,Likely R,Challenger,-6.09606681878749,29752.15,1356314.59,0.02146516408005,-26.761,10.528,0.0055,0.285898,2.7e-05,2.3e-05,4e-06,R,False
FL-07,FL,7,Likely R,Challenger,-5.117554716684672,277060.19,1614017.08,0.1465091852116651,-14.484,10.446,0.0828,0.258652,0.001176,0.000213,0.000963,R,False
CO-05,CO,5,Safe R,Open,-10.35789116985529,163412.92,1062074.21,0.1333452763392138,-24.191,14.009,0.0421,0.256746,0.000301,0.000125,0.000176,R,False
FL-11,FL,11,Safe R,Challenger,-8.31671764256397,68203.28,1147708.53,0.05609229175921895,-23.878,10.718,0.0129,0.25503,7.5e-05,5.2e-05,2.3e-05,R,False
CA-48,CA,48,Safe R,Challenger,-10.09708544488959,135921.98,761026.37,0.15153824632154128,-20.055,10.873,0.0326,0.251446,0.000251,0.000104,0.000146,R,False
FL-26,FL,26,Likely R,Challenger,-5.3717735987451976,36295.79,1823215.18,0.01951899751363123,-26.394,10.467,0.0058,0.246906,3.3e-05,2.8e-05,5e-06,R,False
NC-13,NC,13,Toss-Up,Incumbent,-1.864598296187117,1731102.48,4512302.43,0.27726897501510916,-12.008,18.421,0.2572,0.24586,0.003833,0.001328,0.002505,R,True
FL-27,FL,27,Toss-Up,Challenger,2.7019707357899074,641799.11,1849517.0,0.257614482330787,-2.8,10.245,0.3923,0.243856,0.004866,0.000493,0.004374,R,False
GA-12,GA,12,Likely R,Challenger,-7.63401355344136,12957.31,908308.25,0.01406468510556283,-31.191,10.66,0.0017,0.231751,1e-05,1e-05,0.0,R,False
CA-05,CA,5,Safe R,Challenger,-8.888000805717656,82051.67,1160351.97,0.06604268319754762,-23.598,10.768,0.0142,0.227358,9.2e-05,6.3e-05,2.9e-05,R,False
NY-11,NY,11,Likely R,Challenger,-5.641502588722533,273868.12,2075796.47,0.1165562613343039,-16.413,10.49,0.0588,0.208408,0.000767,0.00021,0.000557,R,False
WI-06,WI,6,Safe R,Challenger,-10.259029707645526,90532.01,1019224.8300000001,0.0815782401485356,-23.974,10.887,0.0138,0.198279,0.0001,6.9e-05,3e-05,R,False
FL-15,FL,15,Likely R,Challenger,-3.487792213850338,542647.03,1815179.46,0.23014714284595214,-10.037,10.31,0.1651,0.193511,0.00329,0.000416,0.002874,R,False
VA-05,VA,5,Likely R,Challenger,-6.758397945939892,353802.56,1431064.58,0.1982234711318625,-14.622,10.585,0.0836,0.191784,0.001375,0.000272,0.001103,R,False
CA-01,CA,1,Safe R,Challenger,-12.4413722392534,79623.42,694249.77,0.10288949278627936,-25.148,11.08,0.0116,0.189645,8.3e-05,6.1e-05,2.2e-05,R,False
FL-08,FL,8,Safe R,Challenger,-11.553985107654771,72559.3,822282.09,0.0810862135020375,-25.553,11.002,0.0101,0.18857,7.2e-05,5.6e-05,1.7e-05,R,False
FL-17,FL,17,Safe R,Challenger,-9.993020786991144,69448.01,1112116.54,0.058776314844584655,-25.627,10.864,0.0092,0.185166,6.8e-05,5.3e-05,1.4e-05,R,False
GA-01,GA,1,Safe R,Challenger,-9.338075294766407,65257.76,1396344.13,0.04464810865837072,-26.478,10.807,0.0071,0.160521,6e-05,5e-05,1e-05,R,False
FL-16,FL,16,Likely R,Challenger,-7.226442069336062,79099.55,2158676.09,0.035347399706254744,-25.264,10.625,0.0087,0.158859,7.5e-05,6.1e-05,1.5e-05,R,False
CT-02,CT,2,Lean D,Incumbent,2.1286702699589153,1139652.66,757453.19,0.6007322469645012,18.205,18.46,0.838,0.156632,0.002288,0.000875,0.001413,D,False
IA-02,IA,2,Likely R,Challenger,-4.036017317545893,501481.18,3828581.41,0.11581384092648878,-14.568,10.355,0.0797,0.143714,0.001602,0.000385,0.001218,R,False
FL-02,FL,2,Likely R,Challenger,-7.56900038068406,36481.95,1803682.97,0.01982536978261709,-29.088,10.654,0.0032,0.142352,3e-05,2.8e-05,2e-06,R,False
SC-07,SC,7,Safe R,Challenger,-11.271404349615027,89555.08,1160265.45,0.07165435184522052,-25.968,10.977,0.009,0.139487,8.5e-05,6.9e-05,1.7e-05,R,False
TN-05,TN,5,Safe R,Challenger,-9.101000979194431,428527.89,1054347.42,0.28898443929179723,-15.053,10.786,0.0814,0.138183,0.00149,0.000329,0.001161,R,False
OH-06,OH,6,Safe R,Open,-15.378152225349016,111515.76,1088345.94,0.09294051139393815,-32.86,14.587,0.0121,0.13754,0.000108,8.6e-05,2.2e-05,R,False
OH-15,OH,15,Likely R,Challenger,-6.124369085418522,472611.65,2620026.0300000003,0.15281830557015008,-15.407,10.531,0.0717,0.135144,0.001375,0.000363,0.001012,R,False
FL-18,FL,18,Safe R,Challenger,-12.982997177715792,30174.83,686777.37,0.04208764545251414,-31.302,11.129,0.0025,0.134459,2.5e-05,2.3e-05,1e-06,R,False
NE-01,NE,1,Safe R,Challenger,-9.41435049125387,127583.16,1794766.76,0.06636833319086881,-24.201,10.814,0.0126,0.131918,0.000132,9.8e-05,3.4e-05,R,False
KS-02,KS,2,Safe R,Challenger,-10.919753167294175,245108.35,1291877.03,0.1594734427467358,-20.699,10.945,0.0293,0.126706,0.000368,0.000188,0.00018,R,False
TX-22,TX,22,Safe R,Challenger,-12.074613279983733,66807.14,1051618.07,0.0597332207846066,-28.044,11.048,0.0056,0.124082,5.8e-05,5.1e-05,7e-06,R,False
UT-02,UT,2,Safe R,Open,-11.340716989963664,346220.17,1815662.54,0.16014752715238653,-23.943,14.12,0.045,0.123746,0.000576,0.000266,0.000311,R,False
AZ-05,AZ,5,Safe R,Challenger,-11.63027765524259,68855.87,1159653.7,0.05604829761318018,-27.896,11.008,0.0056,0.122172,6e-05,5.3e-05,7e-06,R,False
GA-11,GA,11,Safe R,Challenger,-12.045124653017183,42930.37,958238.61,0.04288024385254126,-30.037,11.045,0.0033,0.12211,3.6e-05,3.3e-05,3e-06,R,False
TX-23,TX,23,Likely R,Challenger,-4.585290023430264,111727.34,4844992.33,0.022540580754690936,-24.574,10.401,0.0091,0.117783,0.000106,8.6e-05,2e-05,R,False
TX-27,TX,27,Safe R,Challenger,-12.998842038805336,59844.75,944202.53,0.0596035178741782,-29.174,11.13,0.0044,0.111998,5.1e-05,4.6e-05,5e-06,R,False
NC-11,NC,11,Safe R,Challenger,-8.230709932398778,620895.51,1432022.21,0.3024453946454318,-13.806,10.711,0.0987,0.107867,0.002191,0.000476,0.001714,R,False
SC-02,SC,2,Safe R,Challenger,-8.884926417688632,11179.98,1100949.7,0.010052766508308636,-34.797,10.768,0.0006,0.105391,9e-06,9e-06,0.0,R,False
VA-01,VA,1,Likely R,Challenger,-6.880373957461114,723189.15,2005527.71,0.2650290180711531,-13.064,10.595,0.1088,0.104437,0.002629,0.000555,0.002074,R,False
NJ-04,NJ,4,Safe R,Challenger,-14.584596480441704,50310.47,732773.81,0.06424655849303985,-30.62,11.273,0.0033,0.102968,4.1e-05,3.9e-05,3e-06,R,False
NY-02,NY,2,Likely R,Challenger,-3.774283387941013,1025032.4,2757786.53,0.270970516688199,-9.435,10.333,0.1806,0.102747,0.004598,0.000787,0.003811,R,False
NY-23,NY,23,Safe R,Challenger,-12.452534835467782,32386.73,927737.09,0.033731826380476636,-32.01,11.081,0.0019,0.101719,2.6e-05,2.5e-05,1e-06,R,False
TX-26,TX,26,Safe R,Open,-14.460784914132033,106650.61,1652837.8800000001,0.060614553949142336,-35.095,14.48,0.0077,0.099953,9.3e-05,8.2e-05,1.1e-05,R,False
FL-28,FL,28,Toss-Up,Challenger,0.7406612144223361,1186116.33,1270923.94,0.4827419169649996,-1.267,10.084,0.45,0.094393,0.004982,0.00091,0.004071,R,False
FL-21,FL,21,Likely R,Challenger,-6.707063416602949,265411.15,4346993.7299999995,0.05754289939958611,-21.779,10.58,0.0198,0.093888,0.000306,0.000204,0.000103,R,False
VA-06,VA,6,Safe R,Challenger,-13.950633267870007,189895.43,969485.9,0.16379031220038706,-24.034,11.216,0.0161,0.093345,0.000207,0.000146,6.2e-05,R,False
CA-23,CA,23,Safe R,Challenger,-8.137760237717675,772326.34,905220.42,0.46039035001325385,-11.218,10.703,0.1473,0.088729,0.002946,0.000593,0.002354,R,False
FL-05,FL,5,Safe R,Challenger,-11.450101278446976,18455.31,983848.47,0.018412890750546706,-34.455,10.992,0.0009,0.086436,1.4e-05,1.4e-05,0.0,R,False
UT-01,UT,1,Safe R,Challenger,-12.123124549168047,118864.03,1565444.38,0.07057141631205179,-27.082,11.052,0.0071,0.085879,0.000106,9.1e-05,1.5e-05,R,False
MO-02,MO,2,Likely R,Challenger,-7.986075858271152,678235.73,2697843.76,0.2008944789389423,-15.947,10.69,0.0679,0.085307,0.001632,0.00052,0.001112,R,False
MI-04,MI,4,Likely R,Challenger,-5.202260954909226,1054256.94,3229965.39,0.24607895174291758,-11.598,10.453,0.1336,0.084607,0.003836,0.000809,0.003027,R,False
FL-09,FL,9,Safe D,Incumbent,9.587847940804794,2224952.97,2081584.55,0.5166454395595281,20.749,19.603,0.8551,0.08398,0.003248,0.001707,0.00154,D,False
FL-22,FL,22,Likely D,Incumbent,7.92701110812219,2249966.27,1881546.36,0.5445865646548925,20.842,19.343,0.8594,0.078826,0.003275,0.001727,0.001548,D,False
TX-04,TX,4,Safe R,Challenger,-17.269135073146472,16133.2,398560.44,0.038903900238257814,-37.062,11.52,0.0006,0.07465,1.3e-05,1.2e-05,0.0,R,False
TN-04,TN,4,Safe R,Challenger,-22.05113294578421,104290.2,255949.65,0.2895021192130743,-29.588,11.972,0.0067,0.071286,9.4e-05,8e-05,1.4e-05,R,False
AR-02,AR,2,Safe R,Challenger,-9.052831282224066,473322.69,3462711.99,0.12025368892328966,-20.224,10.782,0.0303,0.070574,0.000636,0.000363,0.000273,R,False
AZ-08,AZ,8,Safe R,Open,-10.181826844449171,576752.74,4216362.52,0.12032941181556314,-24.76,13.989,0.0384,0.068483,0.000765,0.000443,0.000323,R,False
TX-05,TX,5,Safe R,Challenger,-14.83951783996549,38990.7,890620.5,0.04194301875881013,-33.6,11.296,0.0015,0.065244,3.1e-05,3e-05,1e-06,R,False
MN-01,MN,1,Likely R,Open,-7.847842235909125,1252229.5,1914098.15,0.3954832343393142,-13.209,13.729,0.168,0.06325,0.003766,0.000961,0.002805,R,False
TX-17,TX,17,Safe R,Challenger,-14.809739204605819,35834.38,891844.6399999999,0.038627994411256604,-34.08,11.294,0.0013,0.062591,2.8e-05,2.7e-05,1e-06,R,False
SC-01,SC,1,Likely R,Challenger,-7.794760907709938,1093783.56,3053336.46,0.2637453352507507,-14.124,10.673,0.0929,0.061766,0.00287,0.000839,0.00203,R,False
AZ-04,AZ,4,Lean D,Incumbent,1.6182962123334588,1815468.16,825631.21,0.6873910844180012,22.209,18.384,0.8865,0.06041,0.002679,0.001393,0.001286,D,False
OH-12,OH,12,Safe R,Open,-17.225752396313208,472611.65,1527551.22,0.23628658300211322,-27.66,14.806,0.0309,0.060204,0.000581,0.000363,0.000218,R,False
GA-10,GA,10,Safe R,Challenger,-15.057241628373404,227652.61,1313288.15,0.1477361206280247,-25.958,11.316,0.0109,0.059702,0.000215,0.000175,4e-05,R,False
TX-03,TX,3,Safe R,Challenger,-12.263087849046576,428977.01,119411.3,0.7822504640917674,-12.499,11.065,0.1293,0.059295,0.001285,0.000329,0.000955,R,False
OK-05,OK,5,Safe R,Challenger,-12.644828798930217,575447.17,1648511.94,0.2587489884200254,-19.714,11.099,0.0378,0.058824,0.000883,0.000442,0.000441,R,False
NC-05,NC,5,Safe R,Challenger,-12.9346878047449,409254.33,1978017.91,0.17143178023131542,-22.58,11.125,0.0212,0.057079,0.000464,0.000314,0.00015,R,False
NJ-02,NJ,2,Likely R,Challenger,-4.761067754946824,1709554.38,2950258.37,0.36687190488501925,-8.811,10.416,0.1988,0.056759,0.00562,0.001312,0.004308,R,False
OR-02,OR,2,Safe R,Challenger,-15.622567897681755,26507.0,749404.44,0.034162403894959975,-35.856,11.368,0.0008,0.055799,2.1e-05,2e-05,0.0,R,False
TN-07,TN,7,Safe R,Open,-10.102757532277787,1250056.05,2254371.99,0.35670758130333874,-16.478,13.98,0.1193,0.055053,0.003121,0.000959,0.002162,R,False
VA-10,VA,10,Lean D,Open,4.930169768920273,2945644.78,9517135.17,0.23635535505062014,-3.296,13.41,0.4029,0.053161,0.009247,0.00226,0.006987,D,False
TN-03,TN,3,Safe R,Challenger,-19.071192130050548,193621.8,654108.91,0.2284001248462498,-27.781,11.688,0.0087,0.052427,0.000176,0.000149,2.8e-05,R,False
MN-08,MN,8,Safe R,Challenger,-8.04388507656337,1298479.4200000002,2176224.23,0.3736950113716892,-12.352,10.695,0.1241,0.052038,0.003565,0.000996,0.002569,R,False
TX-38,TX,38,Safe R,Challenger,-13.297156737747152,172084.83,2066338.73,0.07687768886778513,-27.959,11.157,0.0061,0.051369,0.000147,0.000132,1.5e-05,R,False
SC-03,SC,3,Safe R,Open,-21.02599305771811,42855.23,972710.35,0.0421983876216049,-45.96,15.266,0.0013,0.051035,3.3e-05,3.3e-05,1e-06,R,False
TX-31,TX,31,Safe R,Challenger,-14.829107583854608,308186.06,1589492.43,0.1624016194650549,-25.1,11.296,0.0131,0.050957,0.0003,0.000236,6.3e-05,R,False
PA-16,PA,16,Safe R,Challenger,-12.68595112222987,771634.33,1531454.18,0.3350432806423059,-18.17,11.102,0.0509,0.049944,0.001379,0.000592,0.000787,R,False
SC-04,SC,4,Safe R,Challenger,-12.715665017842142,513955.15,2304783.22,0.1823351735904457,-21.948,11.105,0.0241,0.0499,0.0006,0.000394,0.000205,R,False
CA-40,CA,40,Lean R,Challenger,-2.3490241947268897,2157503.0,10118044.16,0.17575615749579346,-10.256,10.215,0.1577,0.048882,0.006368,0.001656,0.004712,R,False
TX-21,TX,21,Safe R,Challenger,-14.049205651119959,509648.18,1883035.8599999999,0.21300270803829158,-22.511,11.225,0.0225,0.045752,0.000578,0.000391,0.000187,R,False
NC-09,NC,9,Likely R,Challenger,-5.841307578312968,31056.08,4757025.68,0.006486121490122592,-33.366,10.507,0.0007,0.045403,2.4e-05,2.4e-05,0.0,R,False
FL-03,FL,3,Safe R,Challenger,-9.079725707420678,18380.82,2131667.9,0.008549024879771097,-36.016,10.784,0.0004,0.045025,1.4e-05,1.4e-05,0.0,R,False
WI-07,WI,7,Safe R,Challenger,-12.13181484837636,240468.61,1418299.18,0.14496821764304935,-22.833,11.053,0.0194,0.044704,0.000247,0.000185,6.3e-05,R,False
OH-08,OH,8,Safe R,Challenger,-14.035211394428032,26353.13,1099422.87,0.023408857534713834,-36.245,11.224,0.0006,0.044597,2e-05,2e-05,0.0,R,False
ME-01,ME,1,Safe D,Incumbent,8.0535576548473,659556.13,161387.15,0.8034125451395375,34.177,19.362,0.9612,0.04392,0.000759,0.000506,0.000253,D,False
IN-09,IN,9,Safe R,Challenger,-16.1330901327918,346755.28,1393946.47,0.19920430366661035,-25.31,11.415,0.0133,0.043789,0.000336,0.000266,7e-05,R,False
MI-05,MI,5,Safe R,Challenger,-14.539167945315114,118561.86,1753683.7,0.06332602011885663,-30.655,11.269,0.0033,0.043245,9.6e-05,9.1e-05,5e-06,R,False
ID-02,ID,2,Safe R,Challenger,-14.863293758937132,100581.05,1589029.24,0.059529141480311416,-31.434,11.299,0.0027,0.043189,8.1e-05,7.7e-05,3e-06,R,False
NJ-03,NJ,3,Likely D,Incumbent,4.31835427530044,1315833.57,422738.34,0.7568473656059472,28.258,18.789,0.9337,0.042747,0.001642,0.00101,0.000632,D,False
WI-01,WI,1,Lean R,Challenger,-2.905236133876948,2545311.6399999997,5885714.89,0.3018981889029828,-7.86,10.261,0.2218,0.042084,0.007284,0.001953,0.005331,R,False
SD-00,SD,0,Safe R,Challenger,-16.388862204651893,225894.98,1454148.22,0.13445784013172996,-28.1,11.438,0.007,0.041532,0.000195,0.000173,2.1e-05,R,False
NY-24,NY,24,Safe R,Challenger,-11.822715104854463,95433.02,2701849.55,0.0341163316940126,-31.161,11.025,0.0024,0.041216,7.6e-05,7.3e-05,3e-06,R,False
WA-05,WA,5,Safe R,Challenger,-8.078962030869253,652387.08,4670284.61,0.12256759725114662,-19.059,10.698,0.0374,0.041197,0.000823,0.000501,0.000323,R,False
KY-06,KY,6,Safe R,Challenger,-9.185896454494886,51379.41,3427609.02,0.01476849119616072,-32.894,10.794,0.0012,0.040697,4e-05,3.9e-05,1e-06,R,False
OK-01,OK,1,Safe R,Challenger,-14.538246122325646,341460.86,2253473.86,0.13158745665863997,-26.08,11.269,0.0103,0.03868,0.000309,0.000262,4.7e-05,R,False
IN-04,IN,4,Safe R,Challenger,-18.261366892061144,41608.33,745075.16,0.052890813813824926,-36.301,11.612,0.0009,0.038094,3.2e-05,3.2e-05,0.0,R,False
KS-01,KS,1,Safe R,Challenger,-18.35642947387447,62835.33,867436.85,0.06754510276766527,-34.837,11.621,0.0014,0.036795,4.9e-05,4.8e-05,1e-06,R,False
MI-01,MI,1,Safe R,Challenger,-12.864139449304293,1016282.01,1917998.41,0.34634795061611734,-18.164,11.118,0.0512,0.036531,0.001636,0.00078,0.000856,R,False
TX-24,TX,24,Safe R,Challenger,-11.114874528587615,1234611.14,2266135.28,0.352670828411502,-16.117,10.963,0.0708,0.035737,0.002249,0.000947,0.001302,R,False
TX-12,TX,12,Safe R,Open,-13.051453656022414,28616.86,2662086.44,0.010635457279886639,-46.784,14.316,0.0005,0.035564,2.2e-05,2.2e-05,0.0,R,False
GA-02,GA,2,Likely D,Incumbent,3.2435955198042765,1790736.8199999998,598266.2,0.7495749503070951,26.813,18.627,0.925,0.035488,0.002193,0.001374,0.000819,D,False
CA-09,CA,9,Likely D,Incumbent,4.989054547840372,4939757.94,3632540.15,0.576246636332265,19.74,18.89,0.852,0.0342,0.006109,0.003791,0.002318,D,False
GA-03,GA,3,Safe R,Open,-18.45277392927388,72901.51,2056006.77,0.034243612411522024,-44.472,14.953,0.0015,0.033861,5.7e-05,5.6e-05,1e-06,R,False
MT-02,MT,2,Safe R,Open,-16.562420619068124,96204.0,2832044.58,0.032853768172919254,-42.459,14.727,0.002,0.033631,7.5e-05,7.4e-05,2e-06,R,False
KS-04,KS,4,Safe R,Challenger,-14.574908575782132,98796.57,2033296.41,0.04633783372805815,-32.652,11.272,0.0019,0.032198,7.8e-05,7.6e-05,2e-06,R,False
NV-01,NV,1,Likely D,Incumbent,3.1666798532818117,3053534.9899999998,1905075.67,0.6158045467518113,19.451,18.615,0.852,0.031511,0.004048,0.002343,0.001705,D,False
CA-51,CA,51,Safe D,Incumbent,11.437344844143032,1737189.1,762055.76,0.6950855947744151,32.769,19.897,0.9502,0.030958,0.001776,0.001333,0.000443,D,False
TN-02,TN,2,Safe R,Challenger,-18.47057443452429,257435.68,1336137.46,0.16154619674375284,-29.337,11.632,0.0058,0.030009,0.000215,0.000198,1.7e-05,R,False
CA-03,CA,3,Likely R,Challenger,-4.260867603951912,3282405.92,4352725.2,0.42990825807848077,-7.351,10.374,0.2393,0.029554,0.00769,0.002519,0.005171,R,False
IN-08,IN,8,Safe R,Open,-19.049853045606127,22719.05,1338177.97,0.01669417278906232,-50.97,15.025,0.0003,0.0292,1.7e-05,1.7e-05,0.0,R,False
FL-23,FL,23,Likely D,Incumbent,5.290088644609193,2091402.28,745570.47,0.7371950541294413,28.381,18.936,0.933,0.029115,0.002344,0.001605,0.000739,D,False
ID-01,ID,1,Safe R,Challenger,-22.463689738740225,187640.55,626902.72,0.2303629001808584,-31.577,12.012,0.0043,0.028727,0.000154,0.000144,1e-05,R,False
GA-09,GA,9,Safe R,Challenger,-23.031996818710944,60994.1,491901.34,0.11031760363225276,-37.162,12.067,0.001,0.028211,4.7e-05,4.7e-05,1e-06,R,False
CA-21,CA,21,Safe D,Incumbent,9.24463230357992,1902104.27,753557.41,0.7162449510511444,31.513,19.549,0.9465,0.027107,0.001968,0.00146,0.000509,D,False
NY-25,NY,25,Likely D,Incumbent,6.997501041410814,1826735.78,603551.38,0.7516542942192889,30.816,19.198,0.9458,0.026412,0.001942,0.001402,0.00054,D,False
PA-01,PA,1,Toss-Up,Challenger,-0.3294379916098378,3979242.47,3794856.72,0.5118589784805666,-2.06,10.051,0.4188,0.026159,0.008549,0.003054,0.005495,R,False
AR-03,AR,3,Safe R,Challenger,-15.476863151334888,257970.44,2703359.12,0.08711304661410262,-29.775,11.355,0.0044,0.025181,0.000209,0.000198,1.1e-05,R,False
MD-02,MD,2,Likely D,Open,6.588015915525597,1406530.32,325170.16,0.8122249408858512,7.4,13.59,0.707,0.024822,0.002655,0.001079,0.001576,D,False
OR-04,OR,4,Likely D,Incumbent,3.8251339099398374,2941401.6,1358091.48,0.6841275344022649,24.141,18.714,0.9015,0.02405,0.003388,0.002257,0.001131,D,False
TX-15,TX,15,Toss-Up,Challenger,1.0192203759560066,4433511.16,8267123.069999999,0.3490779341969917,-3.102,10.107,0.3794,0.022839,0.009051,0.003402,0.005649,R,False
CA-20,CA,20,Safe R,Challenger,-16.1928793689232,144083.35,2272655.2,0.05961892319713276,-33.03,11.42,0.0019,0.022067,0.000113,0.000111,2e-06,R,False
TX-10,TX,10,Safe R,Challenger,-13.4287872760659,110429.72,3277061.69,0.03259926200078541,-33.431,11.169,0.0014,0.021974,8.6e-05,8.5e-05,1e-06,R,False
FL-13,FL,13,Likely R,Challenger,-5.446031223054323,3461299.23,4372824.18,0.44182342412193376,-8.589,10.473,0.2061,0.021142,0.006483,0.002656,0.003827,R,False
TX-28,TX,28,Likely D,Incumbent,5.10353280309821,2489675.05,794116.6,0.7581708327932437,29.135,18.908,0.9383,0.021134,0.002613,0.001911,0.000702,D,False
UT-03,UT,3,Safe R,Open,-13.645002876084327,83536.66,5239036.32,0.01569478902664102,-44.55,14.385,0.001,0.020868,6.5e-05,6.4e-05,1e-06,R,False
IN-02,IN,2,Safe R,Challenger,-14.123373420505617,131331.75,3265287.94,0.038665426802610335,-33.229,11.232,0.0015,0.020365,0.000102,0.000101,2e-06,R,False
TX-08,TX,8,Safe R,Challenger,-16.869917309464675,47437.9,1436707.91,0.03196309936690116,-37.824,11.483,0.0005,0.019915,3.7e-05,3.6e-05,0.0,R,False
NH-01,NH,1,Lean D,Incumbent,-0.6241611239493683,4050929.83,1454683.06,0.7357818122951975,22.096,18.238,0.8872,0.019725,0.004671,0.003109,0.001562,D,False
NM-01,NM,1,Lean D,Challenger,4.293054721329781,1269482.6800000002,191416.11,0.8689737363667747,5.702,10.377,0.7087,0.019393,0.002141,0.000974,0.001167,D,False
WV-02,WV,2,Safe R,Open,-21.92686288918549,31663.98,1456821.1099999999,0.021272621548395893,-52.661,15.377,0.0003,0.018603,2.4e-05,2.4e-05,0.0,R,False
WI-08,WI,8,Safe R,Open,-10.173587881331,2829027.8400000003,1557633.01,0.6449160162450215,-12.092,13.988,0.1937,0.018426,0.004736,0.002171,0.002565,R,False
ND-00,ND,0,Safe R,Open,-20.198325659708185,1164239.0,3615342.9,0.24358595047822068,-30.785,15.164,0.0212,0.017584,0.001074,0.000893,0.000181,R,False
FL-12,FL,12,Safe R,Challenger,-16.34021772390692,56822.68,1836316.6300000001,0.030015054729384916,-37.566,11.434,0.0005,0.017129,4.4e-05,4.4e-05,0.0,R,False
NY-21,NY,21,Safe R,Challenger,-9.049076835055661,91827.8,7636448.94,0.011882053799227691,-34.014,10.782,0.0008,0.016372,7.1e-05,7e-05,1e-06,R,False
OH-02,OH,2,Safe R,Open,-24.48289495044701,160282.6,2175723.9699999997,0.06861393373564015,-46.162,15.697,0.0016,0.016247,0.000124,0.000123,1e-06,R,False
MO-07,MO,7,Safe R,Challenger,-24.16088679935535,37514.6,503233.8,0.06937533240967518,-41.628,12.177,0.0003,0.015951,2.9e-05,2.9e-05,0.0,R,False
VA-08,VA,8,Safe D,Incumbent,26.392191262569703,1988044.94,1175679.7,0.6283874755926926,44.756,22.444,0.9769,0.015898,0.00166,0.001526,0.000134,D,False
CA-06,CA,6,Likely D,Incumbent,7.578196341651678,1111772.18,182368.4,0.8590814608409854,35.954,19.288,0.9688,0.015657,0.001082,0.000853,0.000228,D,False
AZ-02,AZ,2,Likely R,Challenger,-6.433271888721167,5457626.09,8516970.43,0.39053908155339,-10.304,10.557,0.1645,0.015253,0.008717,0.004188,0.004529,R,False
IN-01,IN,1,Likely D,Incumbent,3.573714791027988,3431626.03,1191043.78,0.7423472086577605,26.747,18.676,0.9239,0.015171,0.003488,0.002633,0.000854,D,False
FL-06,FL,6,Safe R,Challenger,-13.732136947426714,33487.38,2337500.54,0.014123808779253502,-39.002,11.196,0.0002,0.015097,2.6e-05,2.6e-05,0.0,R,False
PA-11,PA,11,Safe R,Challenger,-13.771108373802177,19479.21,1807515.2,0.010661888122580518,-40.799,11.2,0.0001,0.014761,1.5e-05,1.5e-05,0.0,R,False
VA-09,VA,9,Safe R,Challenger,-23.06933825260913,230700.48,1130384.19,0.169497522883716,-34.324,12.071,0.0022,0.014009,0.000181,0.000177,4e-06,R,False
IN-05,IN,5,Safe R,Challenger,-12.021418015673689,110598.0,5483301.03,0.019771182748716865,-34.745,11.043,0.0008,0.01388,8.5e-05,8.5e-05,1e-06,R,False
AZ-07,AZ,7,Safe D,Incumbent,15.636005284412564,549407.41,78014.76,0.875658266905041,45.06,20.581,0.9857,0.013723,0.000481,0.000422,5.9e-05,D,False
AL-06,AL,6,Safe R,Challenger,-19.298201595586924,173213.53,2021427.7,0.07892567023358073,-34.955,11.709,0.0014,0.013694,0.000134,0.000133,2e-06,R,False
IL-11,IL,11,Likely D,Incumbent,5.085982935594202,2599322.24,664293.0,0.7964548664137259,30.775,18.905,0.9482,0.013645,0.002511,0.001995,0.000516,D,False
OH-07,OH,7,Likely R,Challenger,-7.0155130829773595,104480.64,2000462.78,0.04963584246839281,-23.741,10.607,0.0126,0.013055,8.8e-05,8e-05,7e-06,R,False
UT-04,UT,4,Safe R,Challenger,-16.033873855329205,25171.29,1545329.57,0.016027555693283735,-41.159,11.406,0.0002,0.012877,1.9e-05,1.9e-05,0.0,R,False
MT-01,MT,1,Likely R,Challenger,-6.648156748725844,6300245.86,9655718.64,0.3948520855633641,-10.478,10.575,0.1609,0.012804,0.009126,0.004835,0.004292,R,False
IN-03,IN,3,Safe R,Open,-18.388894143413275,256767.59,6020627.68,0.04090352430523306,-42.975,14.945,0.002,0.012742,0.000199,0.000197,2e-06,R,False
MI-09,MI,9,Safe R,Challenger,-17.85195581310617,110216.31,2280379.89,0.04610410992872824,-36.687,11.574,0.0008,0.012622,8.5e-05,8.5e-05,0.0,R,False
CT-05,CT,5,Lean D,Incumbent,2.141638010775665,6256600.0,3860179.02,0.6184379423165458,17.11,18.462,0.823,0.012205,0.006639,0.004801,0.001838,D,False
MS-01,MS,1,Safe R,Challenger,-18.345109622786225,19821.33,998727.89,0.019460355583012477,-42.86,11.62,0.0001,0.012186,1.5e-05,1.5e-05,0.0,R,False
PA-04,PA,4,Likely D,Incumbent,6.7213071147185115,1488677.43,238707.4,0.8618099476999576,35.163,19.156,0.9668,0.012152,0.001396,0.001142,0.000254,D,False
FL-25,FL,25,Safe D,Incumbent,10.651298537769655,2621370.79,783152.29,0.7699671079921127,35.442,19.772,0.9635,0.012109,0.00233,0.002012,0.000318,D,False
PA-17,PA,17,Lean D,Incumbent,0.060852313130244085,5637586.140000001,2181815.6999999997,0.7209740917983057,21.898,18.155,0.8861,0.01199,0.005717,0.004326,0.001391,D,False
MN-03,MN,3,Likely D,Open,6.6782863467643505,2239575.9099999997,372978.57,0.8572360603940401,7.891,13.6,0.7191,0.011618,0.002904,0.001719,0.001185,D,False
KS-03,KS,3,Toss-Up,Incumbent,-2.001934384644852,6155956.92,1887081.29,0.7653770576827833,21.935,18.441,0.8829,0.011596,0.006275,0.004724,0.001551,D,False
IN-07,IN,7,Safe D,Incumbent,18.607074845547505,1096116.35,262685.47,0.8066786001213923,45.346,21.08,0.9843,0.011396,0.000913,0.000841,7.2e-05,D,False
MI-02,MI,2,Safe R,Challenger,-16.32899492778914,18406.33,1361519.3199999998,0.013338638933191801,-42.702,11.433,0.0001,0.011101,1.4e-05,1.4e-05,0.0,R,False
AR-01,AR,1,Safe R,Challenger,-21.391296630854292,94846.65,889704.9,0.09633487449184351,-36.14,11.909,0.0012,0.010899,7.3e-05,7.3e-05,1e-06,R,False
IA-04,IA,4,Safe R,Challenger,-15.527668627078642,155195.04,4154572.67,0.03601007071446085,-35.406,11.359,0.0009,0.010688,0.00012,0.000119,1e-06,R,False
CO-04,CO,4,Safe R,Open,-13.921511275641516,4517611.19,5434885.03,0.4539173982223326,-18.867,14.417,0.0953,0.010261,0.005132,0.003467,0.001665,R,False
CA-10,CA,10,Safe D,Incumbent,18.00449331076005,611351.83,83086.76,0.8803540569368415,47.731,20.978,0.9886,0.009645,0.000508,0.000469,3.9e-05,D,False
RI-01,RI,1,Safe D,Challenger,12.30038609480771,1642364.36,303296.29,0.8441165523905723,13.925,11.068,0.8958,0.009508,0.001874,0.00126,0.000613,D,False
NH-02,NH,2,Lean D,Open,1.2041262086251447,4301568.36,896786.34,0.8274865045280577,1.902,13.014,0.5581,0.008587,0.004854,0.003301,0.001553,D,False
CA-42,CA,42,Safe D,Incumbent,23.548646756052822,1270301.2,353899.8,0.7821083720549366,49.435,21.936,0.9879,0.008564,0.001017,0.000975,4.2e-05,D,False
CA-35,CA,35,Safe D,Incumbent,14.526011827287176,986941.94,142083.72,0.8741536839827007,43.836,20.398,0.9842,0.0085,0.000824,0.000757,6.7e-05,D,False
WA-06,WA,6,Likely D,Open,6.012415033952323,2225201.7399999998,255579.9,0.8969760595293668,7.524,13.527,0.711,0.008451,0.00247,0.001708,0.000762,D,False
NY-01,NY,1,Likely R,Challenger,-3.6928800390495202,7599753.04,3911486.56,0.660202836886481,-4.326,10.327,0.3376,0.008195,0.008589,0.005832,0.002757,R,False
CA-49,CA,49,Lean D,Incumbent,2.7222366320874105,8501801.63,5070014.49,0.6264306526722969,18.175,18.549,0.8364,0.008156,0.007954,0.006524,0.00143,D,False
MI-03,MI,3,Lean D,Incumbent,0.5192327169860678,5334354.79,1292985.4,0.8049013083784372,26.323,18.222,0.9257,0.007928,0.004794,0.004094,0.000701,D,False
PA-14,PA,14,Safe R,Challenger,-17.931297318589706,283275.01,4317326.840000001,0.06157346782791038,-34.922,11.581,0.0013,0.007789,0.000219,0.000217,1e-06,R,False
LA-03,LA,3,Safe R,Challenger,-21.06595306282636,15065.22,732895.62,0.020141722927633485,-46.082,11.877,0.0001,0.00777,1.2e-05,1.2e-05,0.0,R,False
IL-10,IL,10,Safe D,Incumbent,11.04113176541972,2993596.24,719632.88,0.8061975556197297,37.417,19.834,0.9704,0.007496,0.002487,0.002297,0.000189,D,False
CT-04,CT,4,Safe D,Incumbent,12.541705966334455,1672878.49,288212.68,0.8530345328106291,40.917,20.075,0.9792,0.007481,0.001384,0.001284,0.000101,D,False
CA-28,CA,28,Safe D,Incumbent,16.169126222614,1660999.97,341947.34,0.8292779154535024,43.748,20.67,0.9828,0.007265,0.001346,0.001275,7.2e-05,D,False
TN-09,TN,9,Safe D,Incumbent,22.626245642096478,432301.02,47462.13,0.9010717475904516,53.392,21.773,0.9929,0.007205,0.000346,0.000332,1.4e-05,D,False
TX-34,TX,34,Safe D,Incumbent,11.644424539330867,7341989.64,8373571.430000001,0.4671796067157531,9.374,19.93,0.6809,0.006999,0.006668,0.005634,0.001034,D,False
MO-03,MO,3,Safe R,Challenger,-16.521251165170824,47686.7,2693424.04,0.017396852780927775,-41.26,11.451,0.0002,0.006919,3.7e-05,3.7e-05,0.0,R,False
CO-06,CO,6,Safe D,Incumbent,8.034491840473857,2052723.02,297403.58,0.8734521025377951,36.996,19.359,0.972,0.006799,0.00172,0.001575,0.000144,D,False
IL-17,IL,17,Lean D,Incumbent,2.1001234628320264,6180311.83,2036188.9,0.7521829587910229,25.286,18.456,0.9147,0.006576,0.005318,0.004743,0.000575,D,False
CA-47,CA,47,Likely D,Incumbent,3.120100066463399,12355930.7,8353639.76,0.5966290186397231,16.667,18.608,0.8148,0.00644,0.010829,0.009482,0.001347,D,False
NJ-07,NJ,7,Lean R,Challenger,-2.1840325062936543,10847366.99,6668186.859999999,0.6192991145409883,-3.124,10.202,0.3797,0.006266,0.010625,0.008324,0.002301,R,False
MD-06,MD,6,Lean D,Incumbent,1.142896202854865,6181071.449999999,1367517.78,0.8188379658327228,27.582,18.314,0.934,0.006235,0.005227,0.004743,0.000483,D,False
WI-02,WI,2,Safe D,Incumbent,18.958739607660107,1060953.72,165756.96,0.864876891754134,48.12,21.14,0.9886,0.006224,0.000843,0.000814,2.9e-05,D,False
PA-15,PA,15,Safe R,Challenger,-20.54575453550953,132903.98,2425288.5799999996,0.05195229713278504,-39.193,11.828,0.0005,0.006174,0.000102,0.000102,0.0,R,False
CA-15,CA,15,Safe D,Incumbent,28.539933135818373,778853.82,158495.01,0.8309113907999437,56.766,22.835,0.9935,0.006051,0.000607,0.000598,1e-05,D,False
NC-12,NC,12,Safe D,Incumbent,12.402821989006103,685531.13,48917.57,0.9333955251061102,43.85,20.052,0.9856,0.00605,0.000563,0.000526,3.7e-05,D,False
VA-02,VA,2,Lean R,Challenger,-2.661735182405322,9194976.14,8050436.73,0.5331838796388294,-5.128,10.241,0.3083,0.005914,0.008698,0.007056,0.001642,R,False
MO-05,MO,5,Safe D,Incumbent,10.413225733597686,1457206.59,165522.17,0.8979976357848,40.437,19.734,0.9798,0.00591,0.001187,0.001118,6.9e-05,D,False
AL-02,AL,2,Safe R,Challenger,-17.48894147961364,2764186.1,4028696.9299999997,0.40692384776718293,-22.304,11.54,0.0266,0.005847,0.002296,0.002121,0.000175,D,True
CA-52,CA,52,Safe D,Incumbent,20.016199703055122,919328.33,122631.77,0.8823066545446414,49.92,21.32,0.9904,0.005346,0.000721,0.000705,1.6e-05,D,False
OH-01,OH,1,Lean D,Incumbent,1.4899957446163237,3825796.8800000004,538752.98,0.8765616163679248,30.231,18.365,0.9501,0.005344,0.00314,0.002936,0.000204,D,False
NJ-05,NJ,5,Likely D,Incumbent,3.445661758280183,2879879.11,329876.73,0.8972268463884157,33.085,18.657,0.9619,0.00534,0.002355,0.00221,0.000145,D,False
CA-38,CA,38,Safe D,Incumbent,15.524643438248566,1565648.93,236288.55,0.8688697290429854,44.676,20.563,0.9851,0.005271,0.001235,0.001201,3.4e-05,D,False
TX-14,TX,14,Safe R,Challenger,-16.3040863161223,5600.65,1017220.38,0.0054756891340022595,-48.322,11.431,0.0,0.005177,4e-06,4e-06,0.0,R,False
CA-30,CA,30,Safe D,Incumbent,24.07935261980949,1759073.49,440326.28,0.7997970691794698,50.768,22.03,0.9894,0.005006,0.001366,0.00135,1.6e-05,D,False
NY-03,NY,3,Lean D,Incumbent,1.705849946619914,9459261.73,3180710.67,0.7483609481615641,24.739,18.397,0.9106,0.004687,0.007521,0.007259,0.000262,D,True
NV-03,NV,3,Lean D,Incumbent,1.8001935367752464,7128240.4399999995,2003557.18,0.7805955340477639,26.217,18.411,0.9228,0.004549,0.00563,0.00547,0.00016,D,False
CA-26,CA,26,Safe D,Incumbent,8.003792259311972,1118233.1,89443.21,0.9259377622469054,38.906,19.355,0.9778,0.004504,0.000879,0.000858,2e-05,D,False
MS-02,MS,2,Safe D,Incumbent,11.473888206130106,1349946.31,123525.67,0.9161669365439851,42.236,19.903,0.9831,0.004472,0.001053,0.001036,1.7e-05,D,False
FL-01,FL,1,Safe R,Challenger,-19.928854314051243,1577031.14,6834261.22,0.18748975454706462,-30.046,11.769,0.0053,0.004391,0.001215,0.00121,4e-06,R,False
MN-02,MN,2,Lean D,Incumbent,-0.14427997792423597,10533982.24,3302472.56,0.7613209013626814,23.348,18.167,0.9006,0.004387,0.008263,0.008084,0.000179,D,False
OH-05,OH,5,Safe R,Challenger,-15.071640600961539,15088.76,2329991.19,0.0064342198652971305,-45.663,11.318,0.0,0.004256,1.2e-05,1.2e-05,0.0,R,False
OR-06,OR,6,Likely D,Incumbent,3.5943373465252613,5986712.92,1295150.5,0.822140237285582,30.186,18.679,0.947,0.004143,0.004623,0.004594,2.9e-05,D,False
LA-06,LA,6,Safe R,Challenger,-18.66232902104467,1508484.64,1824397.21,0.4526066953138468,-23.193,11.65,0.0232,0.004047,0.001159,0.001158,2e-06,D,True
IA-03,IA,3,Lean R,Challenger,-2.591819058935757,14249664.049999999,9673256.940000001,0.595649003562587,-4.109,10.235,0.3441,0.004035,0.010963,0.010935,2.8e-05,R,False
CA-32,CA,32,Safe D,Incumbent,20.567593412917894,1106415.26,140107.71,0.8876011807467936,50.706,21.415,0.9911,0.003973,0.000849,0.000849,0.0,D,False
TX-06,TX,6,Safe R,Challenger,-15.863029594192207,123995.08,6403027.67,0.01899718826627347,-39.865,11.39,0.0002,0.003834,9.5e-05,9.5e-05,0.0,R,False
CA-02,CA,2,Safe D,Incumbent,23.304486035062574,958825.63,123059.31,0.8862547157741193,53.528,21.892,0.9928,0.003784,0.000736,0.000736,0.0,D,False
NJ-12,NJ,12,Safe D,Incumbent,15.154219911894874,985003.69,77595.57,0.9269756973103858,46.51,20.502,0.9884,0.003779,0.000756,0.000756,0.0,D,False
NY-22,NY,22,Toss-Up,Challenger,0.758852657433734,13107599.27,5694164.58,0.6971473195053451,0.395,10.086,0.5156,0.003752,0.0097,0.010059,-0.000358,D,True
NE-02,NE,2,Toss-Up,Challenger,-0.5855479710474842,17682471.669999998,11831496.04,0.5991221459529068,-1.763,10.071,0.4305,0.003742,0.01305,0.013569,-0.000519,R,False
TN-08,TN,8,Safe R,Challenger,-21.234299336382385,35672.33,1599321.82,0.021818016902384635,-45.767,11.893,0.0001,0.003704,2.7e-05,2.7e-05,0.0,R,False
MI-08,MI,8,Toss-Up,Open,-0.8913436295996224,14631698.16,6887147.18,0.6799481072900355,-2.032,12.981,0.4378,0.003524,0.010482,0.011228,-0.000746,D,False
WV-01,WV,1,Safe R,Challenger,-23.41158043159246,72347.75,1727021.14,0.040207291791067926,-44.4,12.104,0.0001,0.003522,5.6e-05,5.6e-05,0.0,R,False
IA-01,IA,1,Likely R,Challenger,-3.23919947167052,16089170.85,9206031.59,0.6360562200742759,-4.309,10.289,0.3377,0.003405,0.011281,0.012347,-0.001066,R,False
CA-46,CA,46,Safe D,Incumbent,16.58257586569293,1040325.62,86007.02,0.9236397695089438,47.89,20.739,0.9895,0.003378,0.000798,0.000798,0.0,D,False
PA-10,PA,10,Likely R,Challenger,-5.326025754717467,14503386.4,9697076.65,0.5993020203801431,-6.985,10.463,0.2522,0.003373,0.01013,0.01113,-0.000999,R,False
VA-04,VA,4,Safe D,Challenger,15.574281632020249,2714959.09,413819.27,0.8677377486080542,17.529,11.364,0.9385,0.003283,0.002082,0.002083,-1e-06,D,False
NM-03,NM,3,Likely D,Incumbent,3.9759876881442278,1748502.0,87398.05,0.9523949846833982,35.656,18.737,0.9715,0.003199,0.001342,0.001342,0.0,D,False
FL-14,FL,14,Safe D,Incumbent,8.855974120729392,1290979.28,70703.02,0.9480767136357724,40.646,19.488,0.9815,0.00318,0.000991,0.000991,0.0,D,False
WI-03,WI,3,Likely R,Challenger,-4.072955843970282,15803687.18,8184395.56,0.6588141016225293,-5.045,10.358,0.3131,0.003072,0.010487,0.012128,-0.00164,R,False
CA-22,CA,22,Lean D,Challenger,5.826128820806293,17402432.96,9832896.9,0.6389653824446098,5.15,10.506,0.688,0.003008,0.011493,0.013354,-0.001861,R,False
TX-02,TX,2,Safe R,Challenger,-15.801396694115272,52835.1,4807661.29,0.0108703094829374,-43.316,11.384,0.0001,0.002979,4.1e-05,4.1e-05,0.0,R,False
AZ-09,AZ,9,Safe R,Incumbent,-15.971098802177186,9272137.32,497470.48,0.9490797900812353,14.426,20.637,0.7577,0.002859,0.007115,0.007115,0.0,R,False
PA-13,PA,13,Safe R,Challenger,-25.087095894319965,64813.59,1481006.92,0.041928276653542394,-46.173,12.268,0.0001,0.002752,5e-05,5e-05,0.0,R,False
WI-05,WI,5,Safe R,Challenger,-14.692106941889419,106349.29000000001,890554.63,0.10667957850943148,-28.153,11.283,0.0063,0.002715,8e-05,8.2e-05,-1e-06,R,False
NJ-09,NJ,9,Safe D,Incumbent,9.263237829680254,1643811.8,99045.73,0.9431704954104884,40.898,19.552,0.9818,0.002692,0.001261,0.001261,0.0,D,False
IL-06,IL,6,Likely D,Incumbent,3.3013832950879953,2553421.2600000002,150507.06,0.9443376294827224,34.658,18.635,0.9685,0.002682,0.00191,0.001959,-5e-05,D,False
TX-07,TX,7,Safe D,Incumbent,13.729817763471857,2448454.11,268128.48,0.9012993453661204,44.048,20.268,0.9851,0.002545,0.001877,0.001879,-2e-06,D,False
PA-12,PA,12,Likely D,Incumbent,7.88100756160039,2034245.1900000002,135559.24,0.9375246735946613,39.236,19.335,0.9788,0.002534,0.001513,0.001561,-4.8e-05,D,False
CA-41,CA,41,Likely R,Challenger,-3.5498506287901357,22672177.33,11296131.15,0.6674508783193905,-4.176,10.315,0.3428,0.002526,0.013464,0.017398,-0.003935,R,False
NY-17,NY,17,Toss-Up,Challenger,2.957058137633134,21967927.54,10018205.35,0.6867953564611105,2.821,10.266,0.6083,0.002508,0.013147,0.016858,-0.003711,R,True
OR-05,OR,5,Toss-Up,Challenger,1.3926991240531428,22452287.28,11000238.85,0.6711686642960257,0.861,10.137,0.5338,0.002397,0.01304,0.01723,-0.00419,D,False
IL-14,IL,14,Likely D,Incumbent,3.54197654493737,3991392.92,322950.05,0.9251450215604904,34.218,18.671,0.9666,0.002397,0.002986,0.003063,-7.7e-05,D,False
AL-01,AL,1,Safe R,Challenger,-16.357029889797673,16817.5,2631446.59,0.0063503863015414,-47.452,11.435,0.0,0.002388,1.3e-05,1.3e-05,0.0,R,False
MA-09,MA,9,Likely D,Incumbent,5.6093782672373695,877343.05,20067.46,0.977638483418252,38.263,18.985,0.9781,0.002377,0.000673,0.000673,0.0,D,False
GA-06,GA,6,Safe R,Incumbent,-12.44589773553291,2240079.03,28099.47,0.9876114379886767,19.522,20.059,0.8348,0.002342,0.001715,0.001719,-4e-06,D,False
CA-45,CA,45,Lean D,Challenger,3.405664749834103,23753662.75,14758892.88,0.6167771097355244,2.066,10.303,0.5795,0.002274,0.013398,0.018228,-0.00483,D,False
GA-04,GA,4,Safe D,Incumbent,26.368184394606217,622047.45,44230.17,0.9336160052922083,58.565,22.439,0.9955,0.0022,0.000477,0.000477,0.0,D,False
AZ-06,AZ,6,Likely R,Challenger,-3.0859031340330274,22378622.2,10445803.4,0.6817673665552276,-3.773,10.276,0.3568,0.002172,0.012276,0.017173,-0.004897,R,False
CA-25,CA,25,Likely D,Incumbent,6.785435303968063,2405351.48,139924.59,0.9450257708194303,38.354,19.166,0.9773,0.002146,0.001833,0.001846,-1.3e-05,D,False
VT-00,VT,0,Safe D,Incumbent,15.057806438313465,1437977.9400000002,177588.9,0.8900764142943167,44.872,20.486,0.9858,0.00211,0.001026,0.001103,-7.8e-05,D,False
MI-11,MI,11,Likely D,Incumbent,6.989361726624355,1920823.0,89017.5,0.9557091719467291,38.95,19.197,0.9788,0.002064,0.00147,0.001474,-4e-06,D,False
OH-09,OH,9,Toss-Up,Incumbent,-2.6750752258288104,15426405.14,5149137.17,0.7497447652936249,13.675,18.542,0.7696,0.001944,0.009148,0.011838,-0.00269,D,False
FL-24,FL,24,Safe D,Incumbent,26.86007770418651,566479.18,33811.39,0.9436749606111586,59.457,22.528,0.9958,0.001892,0.000435,0.000435,0.0,D,False
NM-02,NM,2,Lean D,Incumbent,1.5160307331892997,18148542.95,8327388.2,0.6854732642708206,15.322,18.369,0.7979,0.001891,0.010922,0.013927,-0.003005,D,False
CA-27,CA,27,Lean D,Challenger,4.063200566994896,26299014.71,11360877.02,0.6983295357976325,3.988,10.357,0.6499,0.001866,0.013515,0.020182,-0.006666,D,False
CA-24,CA,24,Safe D,Incumbent,12.509524773144115,1517754.95,80220.71,0.9497985407362213,44.558,20.07,0.9868,0.001829,0.001149,0.001165,-1.6e-05,D,False
IL-03,IL,3,Safe D,Incumbent,20.7490927090049,782619.54,39492.29,0.9519623869176046,53.322,21.447,0.9935,0.001798,0.000601,0.000601,0.0,D,False
GA-14,GA,14,Safe R,Challenger,-22.307036948383235,3534994.34,10062930.19,0.2599657272844123,-30.593,11.997,0.0054,0.001789,0.002712,0.002713,-1e-06,R,False
NV-04,NV,4,Likely D,Incumbent,3.217223200349606,8240656.9799999995,1864973.37,0.8154520494607246,28.49,18.623,0.937,0.001747,0.00524,0.006324,-0.001084,D,False
CO-03,CO,3,Likely R,Open,-7.619998140340705,18021552.459999997,3670143.3,0.8308042238556641,-7.459,13.704,0.2931,0.001734,0.013287,0.01383,-0.000543,R,False
OH-04,OH,4,Safe R,Challenger,-20.55908860807346,2253188.55,13630125.21,0.14185884532951515,-32.603,11.829,0.0029,0.001719,0.001726,0.001729,-3e-06,R,False
CA-13,CA,13,Lean D,Challenger,4.383782670392684,23765289.9,9221339.379999999,0.7204522080226319,4.238,10.384,0.6584,0.001703,0.011647,0.018237,-0.00659,D,False
MI-10,MI,10,Likely R,Challenger,-3.3435538497304127,15053776.83,10703282.729999999,0.584452460302499,-6.771,10.298,0.2554,0.001693,0.007431,0.011552,-0.004121,R,False
NY-19,NY,19,Toss-Up,Challenger,-0.9436788799621371,28201664.159999996,10603032.49,0.7267590419367445,-1.051,10.101,0.4586,0.00165,0.013364,0.021642,-0.008278,D,False
ME-02,ME,2,Lean R,Incumbent,-5.701764426813255,23915941.54,10703133.72,0.6908313223384466,6.037,18.999,0.6247,0.001643,0.013441,0.018353,-0.004912,D,False
SC-06,SC,6,Safe D,Incumbent,14.673162065264773,2678076.19,234244.15,0.9195678625106193,45.729,20.422,0.9874,0.001641,0.002055,0.002055,0.0,D,False
VA-07,VA,7,Toss-Up,Open,0.6168037879000998,25063354.9,6256746.33,0.8002322443323725,1.038,12.952,0.5319,0.00163,0.013783,0.019233,-0.00545,D,False
OH-11,OH,11,Safe D,Incumbent,28.441346247008543,929166.07,84766.12,0.9163986301687492,60.095,22.817,0.9958,0.001629,0.000711,0.000713,-2e-06,D,False
MD-03,MD,3,Likely D,Open,8.507214711156301,2251855.96,53110.46,0.976958250003486,10.783,13.802,0.7827,0.001624,0.001723,0.001728,-5e-06,D,False
WA-03,WA,3,Toss-Up,Incumbent,-4.816242854185046,27458718.07,8932437.489999998,0.7545437249094048,14.815,18.864,0.7839,0.001577,0.015359,0.021072,-0.005713,D,False
PA-08,PA,8,Toss-Up,Incumbent,-4.501763513589582,22971819.95,6957377.05,0.7675387999885196,14.654,18.816,0.782,0.001528,0.012587,0.017628,-0.005041,R,False
MN-04,MN,4,Safe D,Incumbent,16.427906101446403,1557412.02,95138.59,0.9424292427570493,48.42,20.713,0.9903,0.001517,0.001184,0.001195,-1.1e-05,D,False
AZ-01,AZ,1,Lean R,Challenger,-2.448492787482301,24014148.06,7607606.08,0.7594185937213159,-2.61,10.224,0.3992,0.001507,0.010897,0.018428,-0.007531,R,False
IL-12,IL,12,Safe R,Challenger,-23.83831770974748,116245.74,3197859.42,0.035076056548549596,-45.846,12.146,0.0001,0.001482,8.9e-05,8.9e-05,0.0,R,False
CA-14,CA,14,Safe D,Incumbent,22.448767455138224,4471680.34,842783.13,0.8414170809983947,50.826,21.742,0.9903,0.001471,0.003432,0.003432,0.0,D,False
NC-03,NC,3,Safe R,Open,-14.845244174580227,640.0,1165664.54,0.0005487417548764751,-72.209,14.525,0.0,0.001435,0.0,0.0,0.0,R,False
NY-18,NY,18,Lean D,Incumbent,0.6565680576901656,13517575.93,3266747.58,0.8053691244658333,24.902,18.243,0.9139,0.001427,0.007939,0.010373,-0.002434,D,True
NJ-01,NJ,1,Safe D,Incumbent,10.541473432003373,1052235.64,26167.45,0.9757350009076847,43.402,19.754,0.986,0.001416,0.000806,0.000807,-2e-06,D,False
MI-07,MI,7,Toss-Up,Open,-2.55840954579728,25729979.080000002,8649736.15,0.7484058232555639,-3.366,13.156,0.399,0.001397,0.011356,0.019745,-0.008389,R,False
MO-06,MO,6,Safe R,Challenger,-21.2217918081147,18529.03,1752968.85,0.010459527052891533,-50.612,11.892,0.0,0.001382,1.4e-05,1.4e-05,0.0,R,False
CO-07,CO,7,Lean D,Incumbent,2.769295170062125,1959228.96,45703.78,0.9772043325503278,35.25,18.556,0.9713,0.001374,0.001485,0.001503,-1.9e-05,D,False
MN-07,MN,7,Safe R,Challenger,-19.328215156854412,9938.94,1615955.09,0.006112907616740558,-51.645,11.712,0.0,0.00133,8e-06,8e-06,0.0,R,False
MO-04,MO,4,Safe R,Challenger,-22.699460623660684,11249.59,1140337.86,0.009768767452267735,-52.992,12.035,0.0,0.001203,9e-06,9e-06,0.0,R,False
IN-06,IN,6,Safe R,Open,-19.774364527800465,21644.66,6109921.87,0.003530037535122366,-64.409,15.113,0.0,0.001113,1.7e-05,1.7e-05,0.0,R,False
OK-02,OK,2,Safe R,Challenger,-28.318688286984766,64650.65,1531778.02,0.04049704895364978,-50.381,12.592,0.0,0.001098,5e-05,5e-05,0.0,R,False
MI-12,MI,12,Safe D,Incumbent,22.83353465712751,4451391.4799999995,692780.0,0.8653271955078761,52.203,21.81,0.9917,0.001081,0.003412,0.003416,-3e-06,D,False
NY-06,NY,6,Safe D,Incumbent,16.45316367287223,1836399.64,90481.09,0.9530427137542654,48.832,20.717,0.9908,0.001053,0.001409,0.001409,0.0,D,False
WA-08,WA,8,Lean D,Incumbent,0.9197171183407571,5643501.9799999995,258495.67,0.9562020039096424,32.559,18.281,0.9625,0.001038,0.003882,0.004331,-0.000448,D,False
TX-29,TX,29,Safe D,Incumbent,20.482512838177314,950747.15,34169.18,0.9653075302345733,53.523,21.401,0.9938,0.001032,0.00073,0.00073,-0.0,D,False
TX-16,TX,16,Safe D,Incumbent,18.43690817546573,1474082.52,65048.19,0.9577370592521022,51.093,21.051,0.9924,0.000986,0.001131,0.001131,0.0,D,False
MA-08,MA,8,Safe D,Incumbent,14.729375410314466,976310.31,20838.83,0.9791015915633242,47.941,20.432,0.9905,0.000914,0.000749,0.000749,0.0,D,False
CA-29,CA,29,Safe D,Incumbent,27.637639681993456,855062.42,39905.83,0.9554108986547847,60.709,22.67,0.9963,0.00089,0.000656,0.000656,0.0,D,False
MN-05,MN,5,Safe D,Incumbent,29.534822063444928,8064681.38,2255503.62,0.7814473655268777,55.652,23.019,0.9922,0.000884,0.006188,0.006189,-1e-06,D,False
NJ-06,NJ,6,Safe D,Incumbent,8.090405096667297,3077719.91,109023.45,0.9657884436605525,40.467,19.368,0.9817,0.000877,0.002362,0.002362,0.0,D,False
OH-13,OH,13,Lean D,Incumbent,-0.4196957081654351,17139805.16,4083294.27,0.8076014163968886,19.196,18.208,0.8541,0.000862,0.007863,0.013153,-0.00529,D,False
CO-08,CO,8,Lean D,Incumbent,-0.9917513678841472,26792739.01,8323633.24,0.7629700135098665,15.489,18.292,0.8014,0.000856,0.012133,0.02056,-0.008427,R,False
NY-26,NY,26,Safe D,Incumbent,8.41704225398517,2325249.7,62849.36,0.9736822642524721,41.089,19.419,0.9828,0.000842,0.001784,0.001784,0.0,D,False
CA-18,CA,18,Safe D,Incumbent,22.530887217829346,2498797.41,199052.48,0.9262181040028139,54.247,21.757,0.9937,0.00084,0.001918,0.001918,0.0,D,False
CA-39,CA,39,Safe D,Incumbent,12.638332359465792,1660290.9000000001,56149.02,0.9672875121664614,45.307,20.091,0.9879,0.000839,0.00116,0.001274,-0.000114,D,False
NC-04,NC,4,Safe D,Incumbent,16.04355221243226,738751.97,12395.08,0.9834984641156482,49.482,20.649,0.9917,0.000837,0.000566,0.000567,-1e-06,D,False
TN-06,TN,6,Safe R,Incumbent,-17.433317798148636,89193.15,1710030.03,0.04957314411656257,-88.861,20.881,0.0,0.00082,6.8e-05,6.8e-05,0.0,R,False
NJ-11,NJ,11,Likely D,Incumbent,5.375678065707767,5173418.89,235275.8,0.9565004472456182,37.275,18.949,0.9754,0.000818,0.003831,0.00397,-0.000139,D,False
PA-02,PA,2,Safe D,Incumbent,21.679232400053635,846770.73,23697.85,0.9727757548698657,55.052,21.608,0.9946,0.00079,0.000648,0.00065,-2e-06,D,False
IL-13,IL,13,Likely D,Incumbent,3.4188055743444465,3229547.83,88886.09,0.9732144462891701,35.777,18.653,0.9724,0.000777,0.001991,0.002478,-0.000488,D,False
PA-06,PA,6,Likely D,Incumbent,4.3527128827801125,2274690.4499999997,41254.74,0.9821866509716491,37.091,18.794,0.9758,0.000748,0.001577,0.001746,-0.000169,D,False
TX-32,TX,32,Safe D,Incumbent,13.571719379477386,2781772.47,149036.89,0.9491482141301746,45.638,20.242,0.9879,0.000742,0.001985,0.002135,-0.000149,D,False
CA-04,CA,4,Safe D,Incumbent,16.90863605237989,2867580.71,159805.48,0.9472133814549771,49.101,20.793,0.9909,0.000729,0.002189,0.002201,-1.1e-05,D,False
NY-20,NY,20,Likely D,Incumbent,6.380110330079763,1673736.28,23158.1,0.9863526567870416,39.377,19.103,0.9804,0.000689,0.001284,0.001284,0.0,D,False
NC-02,NC,2,Safe D,Incumbent,11.44542313038604,1662982.58,34107.25,0.9799025075767498,44.502,19.898,0.9873,0.000678,0.001275,0.001276,-1e-06,D,False
WA-10,WA,10,Likely D,Incumbent,6.465507414278027,1944896.59,30401.04,0.9846093877002221,39.407,19.116,0.9804,0.000668,0.001492,0.001492,-0.0,D,False
IL-08,IL,8,Likely D,Incumbent,6.424280826815448,4973013.29,179850.32,0.9650970152497399,38.686,19.11,0.9785,0.00064,0.003816,0.003816,0.0,D,False
NJ-10,NJ,10,Safe D,Challenger,30.651816525153706,484650.82,22487.43,0.955658185908872,34.035,12.831,0.996,0.0006,0.000372,0.000372,0.0,D,False
TX-35,TX,35,Safe D,Incumbent,21.121858476582872,908128.59,18791.67,0.9797267674352053,54.711,21.511,0.9945,0.000565,0.000697,0.000697,0.0,D,False
NY-07,NY,7,Safe D,Incumbent,32.947096636428,616271.72,18222.27,0.9712806263145218,66.889,23.66,0.9977,0.00051,0.000473,0.000473,0.0,D,False
DE-00,DE,0,Likely D,Open,6.127682804332846,4064458.22,45937.47,0.988824075961407,8.36,13.54,0.7315,0.00049,0.002981,0.003119,-0.000138,D,False
OR-03,OR,3,Safe D,Open,22.427199819667493,1795758.18,28747.54,0.9842436558653266,25.536,15.439,0.9509,0.000473,0.001378,0.001378,0.0,D,False
VA-11,VA,11,Safe D,Incumbent,17.903084074439196,2190664.25,64175.91,0.9715385989931986,51.023,20.961,0.9925,0.000441,0.001681,0.001681,-0.0,D,False
TX-18,TX,18,Safe D,Challenger,24.071403016543012,1681201.37,69381.33,0.960366722463326,27.13,12.168,0.9871,0.000435,0.00129,0.00129,0.0,D,False
MA-04,MA,4,Safe D,Incumbent,11.65184581520879,1002502.7899999999,8300.16,0.9917885479063946,45.132,19.932,0.9882,0.000428,0.000758,0.000769,-1.1e-05,D,False
PA-09,PA,9,Safe R,Challenger,-21.24854746987166,9300.82,1892182.8,0.004891348998315326,-55.674,11.895,0.0,0.000415,7e-06,7e-06,0.0,R,False
NC-01,NC,1,Lean D,Incumbent,2.6847642563189944,25873360.41,6569419.3,0.7975075083355119,17.715,18.543,0.8303,0.000404,0.009096,0.019855,-0.010759,D,True
MS-03,MS,3,Safe R,Challenger,-14.883227445186996,222.59,439640.66,0.0005060436396993838,-61.362,11.3,0.0,0.000393,0.0,0.0,0.0,R,False
PA-07,PA,7,Toss-Up,Incumbent,-2.2695414278169013,27178562.88,3753903.05,0.8786419725315446,22.861,18.481,0.892,0.00036,0.009542,0.020857,-0.011314,R,False
AR-04,AR,4,Safe R,Challenger,-18.710195024103218,9156.36,2821992.91,0.0032341495014143145,-54.947,11.654,0.0,0.000359,7e-06,7e-06,0.0,R,False
CA-08,CA,8,Safe D,Incumbent,26.86109662816917,969795.57,20893.56,0.9789100744448462,60.74,22.529,0.9965,0.000355,0.000744,0.000744,0.0,D,False
MA-02,MA,2,Safe D,Incumbent,12.66908430464133,1070531.65,7771.35,0.9927929811935976,46.241,20.095,0.9893,0.000324,0.000822,0.000822,0.0,D,False
AL-07,AL,7,Safe D,Incumbent,14.226682719477429,2469451.0700000003,42634.27,0.9830283353351363,47.547,20.349,0.9903,0.0003,0.001889,0.001895,-6e-06,D,False
OK-04,OK,4,Safe R,Challenger,-19.182424517801458,27833.46,5631744.57,0.004917939085292548,-52.866,11.699,0.0,0.000292,2.1e-05,2.1e-05,0.0,R,False
PA-05,PA,5,Safe D,Incumbent,13.93763368095236,1517602.1400000001,15279.31,0.9900322950610433,47.485,20.302,0.9903,0.000287,0.001164,0.001165,-0.0,D,False
CA-07,CA,7,Safe D,Incumbent,18.0949623630077,1113903.11,11293.22,0.9899633337766042,51.874,20.993,0.9933,0.000279,0.000855,0.000855,0.0,D,False
CA-16,CA,16,Safe D,Open,26.442084135142792,10038772.17,1038040.11,0.9062871082618005,29.006,15.946,0.9655,0.000266,0.004709,0.007704,-0.002995,D,False
VA-03,VA,3,Safe D,Incumbent,16.85842965665598,899213.42,5771.21,0.9936228640700783,50.695,20.785,0.9926,0.000239,0.00069,0.00069,0.0,D,False
MD-05,MD,5,Safe D,Incumbent,13.90135693169312,1862260.7899999998,19070.54,0.9898632741102547,47.441,20.296,0.9903,0.000238,0.001427,0.001429,-2e-06,D,False
MA-06,MA,6,Safe D,Incumbent,10.243287841991489,1840168.69,13239.45,0.9928567001977233,43.68,19.707,0.9867,0.000229,0.001402,0.001412,-1e-05,D,False
RI-02,RI,2,Likely D,Incumbent,3.7712601111473285,1205349.12,3226.73,0.9973301386090083,36.995,18.706,0.976,0.000225,0.000924,0.000925,-1e-06,D,False
FL-20,FL,20,Safe D,Incumbent,26.10346106505017,634440.89,4587.6,0.9928209773557983,60.433,22.392,0.9965,0.000184,0.000487,0.000487,0.0,D,False
NC-10,NC,10,Safe R,Open,-22.055350387332396,2273.64,2609681.44,0.0008704743880970571,-78.957,15.393,0.0,0.00018,2e-06,2e-06,0.0,R,True
CT-01,CT,1,Safe D,Incumbent,11.526638530994981,1658028.59,9170.2,0.9944996361231765,45.093,19.911,0.9882,0.000175,0.001272,0.001272,0.0,D,False
LA-02,LA,2,Safe D,Challenger,25.16643417438329,1898973.77,41221.17,0.9787541091102939,28.415,12.276,0.9897,0.00017,0.001457,0.001457,0.0,D,False
CA-36,CA,36,Safe D,Incumbent,21.379065236746058,2707281.69,45295.29,0.9835444057226693,55.117,21.556,0.9947,0.000148,0.002078,0.002078,0.0,D,False
KY-02,KY,2,Safe R,Challenger,-21.47130501822055,27762.33,5461907.55,0.005057194805309495,-55.752,11.916,0.0,0.00014,2.1e-05,2.1e-05,0.0,R,False
WA-02,WA,2,Safe D,Incumbent,9.080595379195262,2463142.92,12774.78,0.994840385849659,42.52,19.523,0.9853,0.000136,0.00189,0.00189,-0.0,D,False
MI-06,MI,6,Safe D,Incumbent,10.536606251083619,1656970.4,6374.56,0.9961676259866143,44.104,19.753,0.9872,0.000132,0.001271,0.001272,-1e-06,D,False
FL-10,FL,10,Safe D,Incumbent,14.832758363085407,3321111.66,35753.26,0.9893492109894014,48.407,20.449,0.991,0.00013,0.002539,0.002549,-1e-05,D,False
MO-08,MO,8,Safe R,Challenger,-27.92529244087229,60932.29,4020602.59,0.014928768659695982,-56.854,12.552,0.0,0.000126,4.7e-05,4.7e-05,0.0,R,False
MI-13,MI,13,Safe D,Incumbent,24.1254278498976,2873299.51,51759.3,0.9823048685985224,57.973,22.038,0.9957,0.000122,0.002205,0.002205,0.0,D,False
IL-05,IL,5,Safe D,Incumbent,18.68377102039282,1097958.34,4954.89,0.9955074525672343,52.689,21.093,0.9938,0.000118,0.000843,0.000843,0.0,D,False
CA-50,CA,50,Safe D,Incumbent,14.071194061937565,1906098.41,10000.19,0.9947809627333375,47.791,20.324,0.9907,0.000115,0.00144,0.001463,-2.3e-05,D,False
TX-20,TX,20,Safe D,Incumbent,15.203957520397655,713892.74,1539.08,0.997848739800251,49.093,20.51,0.9917,0.000115,0.000548,0.000548,0.0,D,False
NY-14,NY,14,Safe D,Incumbent,29.655224876126084,16716492.89,1860514.4,0.8998485401358747,60.733,23.041,0.9958,0.000113,0.012828,0.012828,0.0,D,False
WY-00,WY,0,Safe R,Challenger,-25.77787700236944,16215.56,2471874.85,0.006517271211217762,-59.784,12.337,0.0,0.000108,1.2e-05,1.2e-05,0.0,R,False
CO-01,CO,1,Safe D,Incumbent,28.762867479927927,1182532.98,10811.99,0.9909397615343366,63.176,22.876,0.9971,0.000103,0.000907,0.000907,0.0,D,False
CO-02,CO,2,Safe D,Incumbent,16.877197454600925,2303536.95,15354.95,0.9933783243625974,50.706,20.788,0.9926,9.7e-05,0.001768,0.001768,0.0,D,False
KY-03,KY,3,Safe D,Incumbent,8.079431177631157,1142008.52,1732.75,0.9984850157588525,41.587,19.366,0.9841,9.3e-05,0.000876,0.000876,-0.0,D,False
TX-33,TX,33,Safe D,Incumbent,24.328975075347326,1678553.32,13949.49,0.9917580698137807,58.522,22.074,0.996,9.2e-05,0.001288,0.001288,0.0,D,False
WI-04,WI,4,Safe D,Incumbent,24.931618077414967,1356652.33,9052.65,0.993371445420079,59.215,22.181,0.9962,8.7e-05,0.001041,0.001041,0.0,D,False
NY-05,NY,5,Safe D,Incumbent,31.66570070517945,2548056.09,46250.86,0.9821721712613846,65.929,23.417,0.9976,8e-05,0.001955,0.001955,0.0,D,False
IL-09,IL,9,Safe D,Incumbent,20.158433724412745,1610398.83,7900.4,0.9951180845584411,54.233,21.345,0.9945,7.8e-05,0.001236,0.001236,0.0,D,False
MA-07,MA,7,Safe D,Incumbent,35.552286282446815,1636120.86,23504.0,0.9858377633605705,70.165,24.162,0.9982,7.5e-05,0.001256,0.001256,0.0,D,False
CA-33,CA,33,Safe D,Incumbent,12.701667657858678,4797056.96,30977.63,0.9935838011467105,46.302,20.101,0.9894,6.4e-05,0.003681,0.003681,0.0,D,False
CA-19,CA,19,Safe D,Incumbent,18.97607047198322,1837814.17,7642.84,0.9958585651366649,53.01,21.143,0.9939,6.3e-05,0.001399,0.00141,-1.1e-05,D,False
CT-03,CT,3,Likely D,Incumbent,6.922120923630809,1639641.5,2095.56,0.9987235714834871,40.372,19.187,0.9823,6e-05,0.001258,0.001258,0.0,D,False
WA-01,WA,1,Safe D,Incumbent,13.178214590932551,3466653.82,12920.09,0.9962868758261267,46.899,20.178,0.9899,4.9e-05,0.00266,0.00266,-0.0,D,False
CA-31,CA,31,Safe D,Open,16.10022520246681,826620.0,350.0,0.9995767682019904,18.977,14.672,0.9021,4.7e-05,0.000634,0.000634,0.0,D,False
CA-17,CA,17,Safe D,Incumbent,24.68124762453286,5258491.49,72202.27,0.9864553708671496,58.707,22.137,0.996,4.5e-05,0.003952,0.004035,-8.3e-05,D,False
CA-43,CA,43,Safe D,Incumbent,33.66523654372313,1238561.44,6788.28,0.9945490974214054,68.483,23.797,0.998,4.1e-05,0.00095,0.00095,0.0,D,False
GA-13,GA,13,Safe D,Incumbent,27.507513349372736,1675775.09,5772.63,0.9965670733388405,62.048,22.646,0.9969,3e-05,0.001286,0.001286,0.0,D,False
LA-01,LA,1,Safe R,Challenger,-22.944673490403893,74538.51,15253286.22,0.004862954222989735,-57.989,12.058,0.0,2.8e-05,5.7e-05,5.7e-05,0.0,R,False
NJ-08,NJ,8,Safe D,Incumbent,23.722217972151167,2463492.82,7559.58,0.99694074476122,58.062,21.966,0.9959,2.4e-05,0.00189,0.00189,0.0,D,False
TX-37,TX,37,Safe D,Incumbent,23.953391586370323,625765.33,511.62,0.9991830770715735,58.385,22.007,0.996,2.4e-05,0.00048,0.00048,0.0,D,False
NY-16,NY,16,Safe D,Challenger,20.483740598184923,6486537.83,31799.04,0.9951216022377807,23.581,11.822,0.977,2.3e-05,0.004978,0.004978,0.0,D,False
MD-08,MD,8,Safe D,Incumbent,29.458751280694372,3003148.18,13283.27,0.9955963627152873,64.076,23.005,0.9973,1.8e-05,0.002302,0.002305,-3e-06,D,False
AZ-03,AZ,3,Safe D,Incumbent,24.623777496420452,4186932.87,79390.55,0.9813913428063549,58.31,22.126,0.9958,1.5e-05,0.0022,0.003213,-0.001013,D,False
CA-11,CA,11,Safe D,Incumbent,37.65186614121579,11739026.18,211630.5,0.9822913078614187,72.254,24.574,0.9984,1.2e-05,0.009008,0.009008,0.0,D,False
CA-12,CA,12,Safe D,Open,40.46856696126791,1951251.44,4720.38,0.9975866830228669,44.71,17.853,0.9939,1.1e-05,0.001493,0.001497,-4e-06,D,False
WA-09,WA,9,Safe D,Incumbent,21.550272727277893,1701561.53,1160.8,0.9993182681758804,55.85,21.585,0.9952,9e-06,0.001305,0.001306,-0.0,D,False
GA-05,GA,5,Safe D,Incumbent,31.892357754569606,994476.6000000001,751.78,0.9992446155926542,66.776,23.46,0.9978,8e-06,0.000763,0.000763,-0.0,D,False
MO-01,MO,1,Safe D,Challenger,27.249169270162675,4955076.71,16076.14,0.9967661143229584,30.74,12.484,0.9931,7e-06,0.0038,0.003802,-2e-06,D,False
FL-19,FL,19,Safe R,Challenger,-12.964311255917192,192545.66,5598936.45,0.033246353237893364,-33.127,11.127,0.0015,5e-06,0.000139,0.000148,-9e-06,R,False
WA-07,WA,7,Safe D,Incumbent,36.72818037182857,3181508.51,6022.03,0.9981107537874759,71.846,24.392,0.9984,5e-06,0.002441,0.002441,-0.0,D,False
NY-10,NY,10,Safe D,Incumbent,35.683837953159355,2764329.95,4457.98,0.9983899164137139,70.752,24.188,0.9983,5e-06,0.002121,0.002121,0.0,D,False
NY-04,NY,4,Lean D,Challenger,5.110116322913344,14033455.239999998,4899502.899999999,0.7412183102201694,-11.59,10.445,0.1336,3e-06,0.000589,0.010769,-0.01018,D,True
MA-05,MA,5,Safe D,Incumbent,22.981622359533727,4766147.78,2462.68,0.9994835644427958,57.368,21.836,0.9957,2e-06,0.003657,0.003657,0.0,D,False
MA-01,MA,1,Safe D,Incumbent,8.575942547188976,2881822.83,261.25,0.9999093537895675,42.16,19.444,0.9849,2e-06,0.002211,0.002211,0.0,D,False
TX-25,TX,25,Safe R,Open,-19.19898352457276,71.04,1716575.4100000001,4.138301162711751e-05,-99.301,15.043,0.0,1e-06,0.0,0.0,0.0,R,False
HI-02,HI,2,Safe D,Incumbent,14.587435870590864,706756.02,10.0,0.9999858510458667,48.515,20.408,0.9913,1e-06,0.000542,0.000542,0.0,D,False
AL-04,AL,4,Safe R,Challenger,-32.99150514498746,0.0,1692460.67,1e-06,-136.77,13.075,0.0,0.0,0.0,0.0,0.0,R,False
KY-05,KY,5,Safe R,Open,-32.1729608712165,0.0,805640.28,1e-06,-150.601,16.7,0.0,0.0,0.0,0.0,0.0,R,False
LA-05,LA,5,Safe R,Open,-16.599572159228913,0.0,2054171.08,1e-06,-130.175,14.731,0.0,0.0,0.0,0.0,0.0,R,False
MD-01,MD,1,Safe R,Open,-11.511437051533768,0.0,1419584.92,1e-06,-118.023,14.14,0.0,0.0,0.0,0.0,0.0,R,False
NE-03,NE,3,Safe R,Open,-29.05395314239278,0.0,1986270.78,1e-06,-152.749,16.285,0.0,0.0,0.0,0.0,0.0,R,False
AL-03,AL,3,Safe R,Challenger,-19.224766238484722,0.0,2037556.65,1e-06,-112.849,11.703,0.0,0.0,0.0,0.0,0.0,R,False
AL-05,AL,5,Safe R,Open,-17.288279129804017,0.0,691299.16,1e-06,-122.813,14.813,0.0,0.0,0.0,0.0,0.0,R,False
OH-14,OH,14,Likely R,Open,-9.040584982726719,0.0,1658357.28,1e-06,-114.699,13.861,0.0,0.0,0.0,0.0,0.0,R,False
IL-16,IL,16,Safe R,Open,-13.631151449570353,0.0,2215533.53,1e-06,-125.311,14.383,0.0,0.0,0.0,0.0,0.0,R,False
NC-08,NC,8,Safe R,Open,-19.6845056221601,837.94,2046259.12,0.00040933085996420706,-85.611,15.102,0.0,0.0,0.0,1e-06,-0.0,R,False
NC-07,NC,7,Safe R,Challenger,-8.254535703796442,13221.0,1965223.57,0.006682522321057496,-37.761,10.713,0.0002,0.0,8e-06,1e-05,-2e-06,R,True
TX-13,TX,13,Safe R,Open,-26.679313899188365,0.0,3935779.38,1e-06,-154.156,15.977,0.0,0.0,0.0,0.0,0.0,R,False
TX-19,TX,19,Safe R,Open,-26.119921275348524,0.0,2707555.2600000002,1e-06,-149.969,15.905,0.0,0.0,0.0,0.0,0.0,R,False
TX-11,TX,11,Safe R,Open,-22.919337360625505,0.0,2765922.73,1e-06,-144.222,15.5,0.0,0.0,0.0,0.0,0.0,R,False
OK-03,OK,3,Safe R,Open,-25.040406323060722,0.0,1287072.88,1e-06,-141.772,15.767,0.0,0.0,0.0,0.0,0.0,R,False
MD-07,MD,7,Safe D,Incumbent,30.226960116774826,431365.07,0.0,0.999999,65.043,23.148,0.9975,0.0,0.000331,0.000331,0.0,D,False
MA-03,MA,3,Safe D,Incumbent,11.100187597102483,1178827.41,0.0,0.999999,44.83,19.843,0.9881,0.0,0.000905,0.000905,0.0,D,False
NV-02,NV,2,Safe R,Challenger,-8.147825812678416,19689.24,1218394.61,0.01590299396926953,-41.089,10.704,0.0001,0.0,3e-06,1.5e-05,-1.2e-05,R,False
NY-08,NY,8,Safe D,Incumbent,27.20390212058902,20244507.8,0.0,0.999999,61.848,22.591,0.9969,0.0,0.015531,0.015535,-4e-06,D,False
NY-12,NY,12,Safe D,Incumbent,34.68988016555067,1009847.3,0.0,0.999999,69.759,23.995,0.9982,0.0,0.000775,0.000775,0.0,D,False
NY-09,NY,9,Safe D,Incumbent,26.546679495384446,1061633.75,0.0,0.999999,61.153,22.472,0.9967,0.0,0.000815,0.000815,0.0,D,False
NY-13,NY,13,Safe D,Incumbent,40.02459454905407,1133989.52,0.0,0.999999,75.396,25.048,0.9987,0.0,0.000825,0.00087,-4.5e-05,D,False
NY-15,NY,15,Safe D,Incumbent,36.766509186357546,2012083.6099999999,0.0,0.999999,71.953,24.399,0.9984,0.0,0.001285,0.001544,-0.000259,D,False
MS-04,MS,4,Safe R,Challenger,-21.91982653549508,10.62,1121766.62,9.467120227898364e-06,-98.116,11.959,0.0,0.0,0.0,0.0,0.0,R,False
MN-06,MN,6,Safe R,Challenger,-12.677496490338452,82343.22,7115860.66,0.01143941202176674,-39.033,11.102,0.0002,0.0,6.2e-05,6.3e-05,-1e-06,R,False
KY-04,KY,4,Safe R,Challenger,-19.686205100289342,175837.35,700247.02,0.20070823772372517,-47.476,11.746,0.0,0.0,7e-06,0.000135,-0.000128,R,False
KY-01,KY,1,Safe R,Challenger,-24.043650607051916,250818.33,5518741.17,0.04347270012554685,-44.705,12.166,0.0001,0.0,0.000191,0.000192,-2e-06,R,False
OR-01,OR,1,Safe D,Incumbent,17.576673418835615,1016577.72,0.0,0.999999,51.674,20.906,0.9933,0.0,0.00078,0.00078,0.0,D,False
PA-03,PA,3,Safe D,Incumbent,39.56244943477092,1052884.29,0.0,0.999999,74.908,24.955,0.9987,0.0,0.000793,0.000808,-1.5e-05,D,False
IL-01,IL,1,Safe D,Incumbent,21.557606615631734,601509.69,0.0,0.999999,55.881,21.587,0.9952,0.0,0.000462,0.000462,0.0,D,False
IL-15,IL,15,Safe R,Open,-21.8139353277361,0.0,1277932.4300000002,1e-06,-135.872,15.363,0.0,0.0,0.0,0.0,0.0,R,False
TN-01,TN,1,Safe R,Open,-30.27155839221352,0.0,1415175.06,1e-06,-152.061,16.446,0.0,0.0,0.0,0.0,0.0,R,False
TX-01,TX,1,Safe R,Challenger,-25.594871709035786,0.0,823988.49,1e-06,-118.341,12.319,0.0,0.0,0.0,0.0,0.0,R,False
GA-08,GA,8,Safe R,Challenger,-16.510851096950546,17678.83,989842.4,0.01754685605979737,-41.698,11.45,0.0001,0.0,1.3e-05,1.4e-05,-1e-06,R,False
IL-04,IL,4,Safe D,Incumbent,23.590651459594714,852232.18,0.0,0.999999,58.03,21.943,0.9959,0.0,0.000654,0.000654,0.0,D,False
IL-02,IL,2,Safe D,Incumbent,19.498388941928752,1358302.51,0.0,0.999999,53.705,21.232,0.9943,0.0,0.00104,0.001042,-2e-06,D,False
IL-07,IL,7,Safe D,Incumbent,36.705380273468435,978044.57,0.0,0.999999,71.889,24.387,0.9984,0.0,0.000751,0.000751,0.0,D,False
HI-01,HI,1,Safe D,Incumbent,14.514952454064334,891335.38,0.0,0.999999,48.439,20.396,0.9912,0.0,0.000684,0.000684,0.0,D,False
LA-04,LA,4,Safe R,Open,-13.802598221073296,1500.0,19499271.29,7.692003447931315e-05,-142.447,14.403,0.0,0.0,0.0,1e-06,-1e-06,R,False
OH-03,OH,3,Safe D,Incumbent,19.48297892975578,1266809.96,0.0,0.999999,53.689,21.229,0.9943,0.0,0.000971,0.000972,-1e-06,D,False
TX-30,TX,30,Safe D,Incumbent,27.154332784294745,1656565.9,7.07,0.9999957321529881,61.795,22.582,0.9969,0.0,0.001271,0.001271,0.0,D,False
CA-37,CA,37,Safe D,Incumbent,38.17115571896528,1101316.72,0.0,0.999999,73.438,24.677,0.9985,0.0,0.000845,0.000845,0.0,D,False
CA-44,CA,44,Safe D,Incumbent,25.585392212203978,1291497.72,0.0,0.999999,60.138,22.298,0.9965,0.0,0.000991,0.000991,0.0,D,False
TX-09,TX,9,Safe D,Incumbent,26.617373897635815,439824.17,0.0,0.999999,61.228,22.484,0.9968,0.0,0.000338,0.000338,0.0,D,False
CA-34,CA,34,Safe D,Incumbent,34.29769394227007,5100043.5,592413.64,0.8959300657993184,62.54,23.919,0.9955,0.0,0.002081,0.003914,-0.001832,D,False
WA-04,WA,4,Safe R,Challenger,-11.858442573624501,1848736.11,3208041.87,0.36559566532521565,-40.608,11.029,0.0001,0.0,1.8e-05,0.001419,-0.001401,R,False
TX-36,TX,36,Safe R,Open,-18.290803523740188,0.0,1472493.54,1e-06,-130.625,14.933,0.0,0.0,0.0,0.0,0.0,R,False
